"Id","61538bcd6f2c397d80b7ae35","61538bcd6f2c3917e9b7ae2e","61538bcd6f2c3969deb7ae2b","61538bcd6f2c3916b1b7ae37","61538bcd6f2c390a57b7ae28","61538bcd6f2c39f6f7b7ae30","61667a564ec6be1f2ad7ea69","61538bcd6f2c39987bb7ae3c","61538bcd6f2c39bf1db7ae26"
"Timestamp","nswd510/40CA413688-120922-3/120922-3-LID01/120922-3-LID01/averageTemperature","nswd510/40CA413688-120922-3/120922-3-LID01/120922-3-LID01/battery","nswd510/40CA413688-120922-3/120922-3-LID01/120922-3-LID01/eventCode + eventNotes","nswd510/40CA413688-120922-3/120922-3-LID01/120922-3-LID01/eventDescription","nswd510/40CA413688-120922-3/120922-3-LID01/120922-3-LID01/flow","nswd510/40CA413688-120922-3/120922-3-LID01/120922-3-LID01/flow (delta)","nswd510/40CA413688-120922-3/120922-3-LID01/120922-3-LID01/flow (meter displayed)","nswd510/40CA413688-120922-3/120922-3-LID01/120922-3-LID01/flow(inML)","nswd510/40CA413688-120922-3/120922-3-LID01/120922-3-LID01/signalStrength"
"Units","°C","V","","","kL","kL","m3","ML","dBm"
2025-08-03 00:00:01,,,,,4147796,0,4147796,4147.796,
2025-08-03 01:00:01,,,,,4147796,0,4147796,4147.796,
2025-08-03 02:00:01,,,,,4147796,0,4147796,4147.796,
2025-08-03 03:00:01,,,,,4147796,0,4147796,4147.796,
2025-08-03 03:36:01,11.4,,,,4147796,0,4147796,4147.796,
2025-08-03 03:37:06,,,"a00064-00004",,,,,,
2025-08-03 03:37:32,,3.61,,,,,,,-51
2025-08-03 04:00:01,,,,,4147796,0,4147796,4147.796,
2025-08-03 05:00:01,,,,,4147796,0,4147796,4147.796,
2025-08-03 06:00:01,,,,,4147796,0,4147796,4147.796,
2025-08-03 07:00:01,,,,,4147796,0,4147796,4147.796,
2025-08-03 08:00:01,,,,,4147796,0,4147796,4147.796,
2025-08-03 09:00:01,,,,,4147796,0,4147796,4147.796,
2025-08-03 10:00:01,,,,,4147796,0,4147796,4147.796,
2025-08-03 11:00:01,,,,,4147796,0,4147796,4147.796,
2025-08-03 12:00:01,,,,,4147796,0,4147796,4147.796,
2025-08-03 13:00:01,,,,,4147796,0,4147796,4147.796,
2025-08-03 14:00:01,,,,,4147796,0,4147796,4147.796,
2025-08-03 15:00:01,,,,,4147796,0,4147796,4147.796,
2025-08-03 16:00:01,,,,,4147796,0,4147796,4147.796,
2025-08-03 17:00:01,,,,,4147796,0,4147796,4147.796,
2025-08-03 18:00:01,,,,,4147796,0,4147796,4147.796,
2025-08-03 19:00:01,,,,,4147796,0,4147796,4147.796,
2025-08-03 20:00:01,,,,,4147796,0,4147796,4147.796,
2025-08-03 21:00:01,,,,,4147796,0,4147796,4147.796,
2025-08-03 22:00:01,,,,,4147796,0,4147796,4147.796,
2025-08-03 23:00:01,,,,,4147796,0,4147796,4147.796,
2025-08-04 00:00:01,,,,,4147796,0,4147796,4147.796,
2025-08-04 01:00:01,,,,,4147796,0,4147796,4147.796,
2025-08-04 02:00:01,,,,,4147797,1,4147797,4147.797,
2025-08-04 03:00:01,,,,,4147797,0,4147797,4147.797,
2025-08-04 03:36:01,11.04,,,,4147797,0,4147797,4147.797,
2025-08-04 03:37:13,,3.62,,,,,,,-51
2025-08-04 04:00:01,,,,,4147797,0,4147797,4147.797,
2025-08-04 05:00:01,,,,,4147797,0,4147797,4147.797,
2025-08-04 06:00:01,,,,,4147797,0,4147797,4147.797,
2025-08-04 07:00:01,,,,,4147797,0,4147797,4147.797,
2025-08-04 08:00:01,,,,,4147797,0,4147797,4147.797,
2025-08-04 09:00:01,,,,,4147797,0,4147797,4147.797,
2025-08-04 10:00:01,,,,,4147797,0,4147797,4147.797,
2025-08-04 11:00:01,,,,,4147797,0,4147797,4147.797,
2025-08-04 12:00:01,,,,,4147797,0,4147797,4147.797,
2025-08-04 13:00:01,,,,,4147797,0,4147797,4147.797,
2025-08-04 14:00:01,,,,,4147797,0,4147797,4147.797,
2025-08-04 15:00:01,,,,,4147797,0,4147797,4147.797,
2025-08-04 16:00:01,,,,,4147797,0,4147797,4147.797,
2025-08-04 17:00:01,,,,,4147797,0,4147797,4147.797,
2025-08-04 18:00:01,,,,,4147797,0,4147797,4147.797,
2025-08-04 19:00:01,,,,,4147797,0,4147797,4147.797,
2025-08-04 20:00:01,,,,,4147797,0,4147797,4147.797,
2025-08-04 21:00:01,,,,,4147797,0,4147797,4147.797,
2025-08-04 22:00:01,,,,,4147797,0,4147797,4147.797,
2025-08-04 23:00:01,,,,,4147797,0,4147797,4147.797,
2025-08-05 00:00:01,,,,,4147797,0,4147797,4147.797,
2025-08-05 01:00:01,,,,,4147797,0,4147797,4147.797,
2025-08-05 02:00:01,,,,,4147797,0,4147797,4147.797,
2025-08-05 03:00:01,,,,,4147797,0,4147797,4147.797,
2025-08-05 03:36:01,11.46,,,,4147797,0,4147797,4147.797,
2025-08-05 03:37:31,,,"a00077-00008",,,,,,
2025-08-05 03:38:29,,3.62,,,,,,,-51
2025-08-05 04:00:01,,,,,4147797,0,4147797,4147.797,
2025-08-05 05:00:01,,,,,4147797,0,4147797,4147.797,
2025-08-05 06:00:01,,,,,4147797,0,4147797,4147.797,
2025-08-05 07:00:01,,,,,4147797,0,4147797,4147.797,
2025-08-05 08:00:01,,,,,4147797,0,4147797,4147.797,
2025-08-05 09:00:01,,,,,4147797,0,4147797,4147.797,
2025-08-05 10:00:01,,,,,4147798,1,4147798,4147.798,
2025-08-05 11:00:01,,,,,4147798,0,4147798,4147.798,
2025-08-05 12:00:01,,,,,4147798,0,4147798,4147.798,
2025-08-05 13:00:01,,,,,4147798,0,4147798,4147.798,
2025-08-05 14:00:01,,,,,4147798,0,4147798,4147.798,
2025-08-05 15:00:01,,,,,4147798,0,4147798,4147.798,
2025-08-05 16:00:01,,,,,4147798,0,4147798,4147.798,
2025-08-05 17:00:01,,,,,4147798,0,4147798,4147.798,
2025-08-05 18:00:01,,,,,4147798,0,4147798,4147.798,
2025-08-05 19:00:01,,,,,4147798,0,4147798,4147.798,
2025-08-05 20:00:01,,,,,4147798,0,4147798,4147.798,
2025-08-05 21:00:01,,,,,4147798,0,4147798,4147.798,
2025-08-05 22:00:01,,,,,4147798,0,4147798,4147.798,
2025-08-05 23:00:01,,,,,4147798,0,4147798,4147.798,
2025-08-06 00:00:01,,,,,4147798,0,4147798,4147.798,
2025-08-06 01:00:01,,,,,4147799,1,4147799,4147.799,
2025-08-06 02:00:01,,,,,4147799,0,4147799,4147.799,
2025-08-06 03:00:01,,,,,4147799,0,4147799,4147.799,
2025-08-06 03:36:01,11.94,,,,4147799,0,4147799,4147.799,
2025-08-06 03:37:13,,3.62,,,,,,,-50
2025-08-06 04:00:01,,,,,4147799,0,4147799,4147.799,
2025-08-06 05:00:01,,,,,4147799,0,4147799,4147.799,
2025-08-06 06:00:01,,,,,4147799,0,4147799,4147.799,
2025-08-06 07:00:01,,,,,4147799,0,4147799,4147.799,
2025-08-06 08:00:01,,,,,4147799,0,4147799,4147.799,
2025-08-06 09:00:01,,,,,4147799,0,4147799,4147.799,
2025-08-06 10:00:01,,,,,4147799,0,4147799,4147.799,
2025-08-06 11:00:01,,,,,4147799,0,4147799,4147.799,
2025-08-06 12:00:01,,,,,4147799,0,4147799,4147.799,
2025-08-06 13:00:01,,,,,4147799,0,4147799,4147.799,
2025-08-06 14:00:01,,,,,4147799,0,4147799,4147.799,
2025-08-06 15:00:01,,,,,4147799,0,4147799,4147.799,
2025-08-06 16:00:01,,,,,4147799,0,4147799,4147.799,
2025-08-06 17:00:01,,,,,4147799,0,4147799,4147.799,
2025-08-06 18:00:01,,,,,4147799,0,4147799,4147.799,
2025-08-06 19:00:01,,,,,4147799,0,4147799,4147.799,
2025-08-06 20:00:01,,,,,4147799,0,4147799,4147.799,
2025-08-06 21:00:01,,,,,4147799,0,4147799,4147.799,
2025-08-06 22:00:01,,,,,4147799,0,4147799,4147.799,
2025-08-06 23:00:01,,,,,4147799,0,4147799,4147.799,
2025-08-07 00:00:01,,,,,4147799,0,4147799,4147.799,
2025-08-07 01:00:01,,,,,4147799,0,4147799,4147.799,
2025-08-07 02:00:01,,,,,4147799,0,4147799,4147.799,
2025-08-07 03:00:01,,,,,4147799,0,4147799,4147.799,
2025-08-07 03:36:01,10.69,,,,4147799,0,4147799,4147.799,
2025-08-07 03:37:18,,3.62,,,,,,,-50
2025-08-07 04:00:01,,,,,4147799,0,4147799,4147.799,
2025-08-07 05:00:01,,,,,4147799,0,4147799,4147.799,
2025-08-07 06:00:01,,,,,4147799,0,4147799,4147.799,
2025-08-07 07:00:01,,,,,4147799,0,4147799,4147.799,
2025-08-07 08:00:01,,,,,4147799,0,4147799,4147.799,
2025-08-07 09:00:01,,,,,4147799,0,4147799,4147.799,
2025-08-07 10:00:01,,,,,4147800,1,4147800,4147.8,
2025-08-07 11:00:01,,,,,4147800,0,4147800,4147.8,
2025-08-07 12:00:01,,,,,4147805,5,4147805,4147.805,
2025-08-07 13:00:01,,,,,4147813,8,4147813,4147.813,
2025-08-07 14:00:01,,,,,4147818,5,4147818,4147.818,
2025-08-07 15:00:01,,,,,4147818,0,4147818,4147.818,
2025-08-07 16:00:01,,,,,4147818,0,4147818,4147.818,
2025-08-07 17:00:01,,,,,4147818,0,4147818,4147.818,
2025-08-07 18:00:01,,,,,4147818,0,4147818,4147.818,
2025-08-07 19:00:01,,,,,4147818,0,4147818,4147.818,
2025-08-07 20:00:01,,,,,4147819,1,4147819,4147.819,
2025-08-07 21:00:01,,,,,4147819,0,4147819,4147.819,
2025-08-07 22:00:01,,,,,4147819,0,4147819,4147.819,
2025-08-07 23:00:01,,,,,4147819,0,4147819,4147.819,
2025-08-08 00:00:01,,,,,4147819,0,4147819,4147.819,
2025-08-08 01:00:01,,,,,4147819,0,4147819,4147.819,
2025-08-08 02:00:01,,,,,4147819,0,4147819,4147.819,
2025-08-08 03:00:01,,,,,4147819,0,4147819,4147.819,
2025-08-08 03:36:01,10.36,,,,4147819,0,4147819,4147.819,
2025-08-08 03:37:13,,3.62,,,,,,,-50
2025-08-08 04:00:01,,,,,4147819,0,4147819,4147.819,
2025-08-08 05:00:01,,,,,4147819,0,4147819,4147.819,
2025-08-08 06:00:01,,,,,4147819,0,4147819,4147.819,
2025-08-08 07:00:01,,,,,4147819,0,4147819,4147.819,
2025-08-08 08:00:01,,,,,4147830,11,4147830,4147.83,
2025-08-08 09:00:01,,,,,4147841,11,4147841,4147.841,
2025-08-08 10:00:01,,,,,4147847,6,4147847,4147.847,
2025-08-08 11:00:01,,,,,4147852,5,4147852,4147.852,
2025-08-08 12:00:01,,,,,4147852,0,4147852,4147.852,
2025-08-08 13:00:01,,,,,4147852,0,4147852,4147.852,
2025-08-08 14:00:01,,,,,4147852,0,4147852,4147.852,
2025-08-08 15:00:01,,,,,4147852,0,4147852,4147.852,
2025-08-08 16:00:01,,,,,4147852,0,4147852,4147.852,
2025-08-08 17:00:01,,,,,4147852,0,4147852,4147.852,
2025-08-08 18:00:01,,,,,4147852,0,4147852,4147.852,
2025-08-08 19:00:01,,,,,4147852,0,4147852,4147.852,
2025-08-08 20:00:01,,,,,4147852,0,4147852,4147.852,
2025-08-08 21:00:01,,,,,4147852,0,4147852,4147.852,
2025-08-08 22:00:01,,,,,4147852,0,4147852,4147.852,
2025-08-08 23:00:01,,,,,4147852,0,4147852,4147.852,
2025-08-09 00:00:01,,,,,4147852,0,4147852,4147.852,
2025-08-09 01:00:01,,,,,4147852,0,4147852,4147.852,
2025-08-09 02:00:01,,,,,4147852,0,4147852,4147.852,
2025-08-09 03:00:01,,,,,4147853,1,4147853,4147.853,
2025-08-09 03:36:01,10.34,,,,4147853,0,4147853,4147.853,
2025-08-09 03:37:18,,3.61,,,,,,,-51
2025-08-09 04:00:01,,,,,4147853,0,4147853,4147.853,
2025-08-09 05:00:01,,,,,4147853,0,4147853,4147.853,
2025-08-09 06:00:01,,,,,4147853,0,4147853,4147.853,
2025-08-09 07:00:01,,,,,4147853,0,4147853,4147.853,
2025-08-09 08:00:01,,,,,4147853,0,4147853,4147.853,
2025-08-09 09:00:01,,,,,4147853,0,4147853,4147.853,
2025-08-09 10:00:01,,,,,4147853,0,4147853,4147.853,
2025-08-09 11:00:01,,,,,4147853,0,4147853,4147.853,
2025-08-09 12:00:01,,,,,4147853,0,4147853,4147.853,
2025-08-09 13:00:01,,,,,4147853,0,4147853,4147.853,
2025-08-09 14:00:01,,,,,4147853,0,4147853,4147.853,
2025-08-09 15:00:01,,,,,4147853,0,4147853,4147.853,
2025-08-09 16:00:01,,,,,4147853,0,4147853,4147.853,
2025-08-09 17:00:01,,,,,4147854,1,4147854,4147.854,
2025-08-09 18:00:01,,,,,4147854,0,4147854,4147.854,
2025-08-09 19:00:01,,,,,4147854,0,4147854,4147.854,
2025-08-09 20:00:01,,,,,4147854,0,4147854,4147.854,
2025-08-09 21:00:01,,,,,4147854,0,4147854,4147.854,
2025-08-09 22:00:01,,,,,4147854,0,4147854,4147.854,
2025-08-09 23:00:01,,,,,4147854,0,4147854,4147.854,
2025-08-10 00:00:01,,,,,4147854,0,4147854,4147.854,
2025-08-10 01:00:01,,,,,4147854,0,4147854,4147.854,
2025-08-10 02:00:01,,,,,4147854,0,4147854,4147.854,
2025-08-10 03:00:01,,,,,4147854,0,4147854,4147.854,
2025-08-10 03:36:01,10.91,,,,4147854,0,4147854,4147.854,
2025-08-10 03:37:08,,3.62,,,,,,,-51
2025-08-10 04:00:01,,,,,4147854,0,4147854,4147.854,
2025-08-10 05:00:01,,,,,4147854,0,4147854,4147.854,
2025-08-10 06:00:01,,,,,4147854,0,4147854,4147.854,
2025-08-10 07:00:01,,,,,4147854,0,4147854,4147.854,
2025-08-10 08:00:01,,,,,4147854,0,4147854,4147.854,
2025-08-10 09:00:01,,,,,4147854,0,4147854,4147.854,
2025-08-10 10:00:01,,,,,4147854,0,4147854,4147.854,
2025-08-10 11:00:01,,,,,4147854,0,4147854,4147.854,
2025-08-10 12:00:01,,,,,4147854,0,4147854,4147.854,
2025-08-10 13:00:01,,,,,4147854,0,4147854,4147.854,
2025-08-10 14:00:01,,,,,4147854,0,4147854,4147.854,
2025-08-10 15:00:01,,,,,4147854,0,4147854,4147.854,
2025-08-10 16:00:01,,,,,4147854,0,4147854,4147.854,
2025-08-10 17:00:01,,,,,4147854,0,4147854,4147.854,
2025-08-10 18:00:01,,,,,4147854,0,4147854,4147.854,
2025-08-10 19:00:01,,,,,4147854,0,4147854,4147.854,
2025-08-10 20:00:01,,,,,4147855,1,4147855,4147.855,
2025-08-10 21:00:01,,,,,4147855,0,4147855,4147.855,
2025-08-10 22:00:01,,,,,4147855,0,4147855,4147.855,
2025-08-10 23:00:01,,,,,4147855,0,4147855,4147.855,
2025-08-11 00:00:01,,,,,4147855,0,4147855,4147.855,
2025-08-11 01:00:01,,,,,4147855,0,4147855,4147.855,
2025-08-11 02:00:01,,,,,4147855,0,4147855,4147.855,
2025-08-11 03:00:01,,,,,4147855,0,4147855,4147.855,
2025-08-11 03:36:01,10.47,,,,4147855,0,4147855,4147.855,
2025-08-11 03:37:19,,3.62,,,,,,,-51
2025-08-11 04:00:01,,,,,4147855,0,4147855,4147.855,
2025-08-11 05:00:01,,,,,4147855,0,4147855,4147.855,
2025-08-11 06:00:01,,,,,4147855,0,4147855,4147.855,
2025-08-11 07:00:01,,,,,4147855,0,4147855,4147.855,
2025-08-11 08:00:01,,,,,4147855,0,4147855,4147.855,
2025-08-11 09:00:01,,,,,4147867,12,4147867,4147.867,
2025-08-11 10:00:01,,,,,4147871,4,4147871,4147.871,
2025-08-11 11:00:01,,,,,4147953,82,4147953,4147.953,
2025-08-11 12:00:01,,,,,4148055,102,4148055,4148.055,
2025-08-11 13:00:01,,,,,4148078,23,4148078,4148.078,
2025-08-11 14:00:01,,,,,4148181,103,4148181,4148.181,
2025-08-11 15:00:01,,,,,4148195,14,4148195,4148.195,
2025-08-11 16:00:01,,,,,4148195,0,4148195,4148.195,
2025-08-11 17:00:01,,,,,4148195,0,4148195,4148.195,
2025-08-11 18:00:01,,,,,4148195,0,4148195,4148.195,
2025-08-11 19:00:01,,,,,4148195,0,4148195,4148.195,
2025-08-11 20:00:01,,,,,4148195,0,4148195,4148.195,
2025-08-11 21:00:01,,,,,4148195,0,4148195,4148.195,
2025-08-11 22:00:01,,,,,4148195,0,4148195,4148.195,
2025-08-11 23:00:01,,,,,4148195,0,4148195,4148.195,
2025-08-12 00:00:01,,,,,4148195,0,4148195,4148.195,
2025-08-12 01:00:01,,,,,4148195,0,4148195,4148.195,
2025-08-12 02:00:01,,,,,4148195,0,4148195,4148.195,
2025-08-12 03:00:01,,,,,4148195,0,4148195,4148.195,
2025-08-12 03:36:01,10.99,,,,4148195,0,4148195,4148.195,
2025-08-12 03:37:08,,3.62,,,,,,,-51
2025-08-12 04:00:01,,,,,4148195,0,4148195,4148.195,
2025-08-12 05:00:01,,,,,4148195,0,4148195,4148.195,
2025-08-12 06:00:01,,,,,4148195,0,4148195,4148.195,
2025-08-12 07:00:01,,,,,4148423,228,4148423,4148.423,
2025-08-12 08:00:01,,,,,4148427,4,4148427,4148.427,
2025-08-12 09:00:01,,,,,4148427,0,4148427,4148.427,
2025-08-12 10:00:01,,,,,4148427,0,4148427,4148.427,
2025-08-12 11:00:01,,,,,4148427,0,4148427,4148.427,
2025-08-12 12:00:01,,,,,4148427,0,4148427,4148.427,
2025-08-12 13:00:01,,,,,4148427,0,4148427,4148.427,
2025-08-12 14:00:01,,,,,4148427,0,4148427,4148.427,
2025-08-12 15:00:01,,,,,4148427,0,4148427,4148.427,
2025-08-12 16:00:01,,,,,4148427,0,4148427,4148.427,
2025-08-12 17:00:01,,,,,4148427,0,4148427,4148.427,
2025-08-12 18:00:01,,,,,4148427,0,4148427,4148.427,
2025-08-12 19:00:01,,,,,4148427,0,4148427,4148.427,
2025-08-12 20:00:01,,,,,4148427,0,4148427,4148.427,
2025-08-12 21:00:01,,,,,4148427,0,4148427,4148.427,
2025-08-12 22:00:01,,,,,4148427,0,4148427,4148.427,
2025-08-12 23:00:01,,,,,4148427,0,4148427,4148.427,
2025-08-13 00:00:01,,,,,4148427,0,4148427,4148.427,
2025-08-13 01:00:01,,,,,4148427,0,4148427,4148.427,
2025-08-13 02:00:01,,,,,4148427,0,4148427,4148.427,
2025-08-13 03:00:01,,,,,4148427,0,4148427,4148.427,
2025-08-13 03:36:01,11.57,,,,4148427,0,4148427,4148.427,
2025-08-13 03:37:10,,3.61,,,,,,,-50
2025-08-13 04:00:01,,,,,4148427,0,4148427,4148.427,
2025-08-13 05:00:01,,,,,4148427,0,4148427,4148.427,
2025-08-13 06:00:01,,,,,4148427,0,4148427,4148.427,
2025-08-13 07:00:01,,,,,4148427,0,4148427,4148.427,
2025-08-13 08:00:01,,,,,4148427,0,4148427,4148.427,
2025-08-13 09:00:01,,,,,4148427,0,4148427,4148.427,
2025-08-13 10:00:01,,,,,4148427,0,4148427,4148.427,
2025-08-13 11:00:01,,,,,4148427,0,4148427,4148.427,
2025-08-13 12:00:01,,,,,4148427,0,4148427,4148.427,
2025-08-13 13:00:01,,,,,4148427,0,4148427,4148.427,
2025-08-13 14:00:01,,,,,4148427,0,4148427,4148.427,
2025-08-13 15:00:01,,,,,4148427,0,4148427,4148.427,
2025-08-13 16:00:01,,,,,4148428,1,4148428,4148.428,
2025-08-13 17:00:01,,,,,4148428,0,4148428,4148.428,
2025-08-13 18:00:01,,,,,4148428,0,4148428,4148.428,
2025-08-13 19:00:01,,,,,4148428,0,4148428,4148.428,
2025-08-13 20:00:01,,,,,4148428,0,4148428,4148.428,
2025-08-13 21:00:01,,,,,4148428,0,4148428,4148.428,
2025-08-13 22:00:01,,,,,4148428,0,4148428,4148.428,
2025-08-13 23:00:01,,,,,4148428,0,4148428,4148.428,
2025-08-14 00:00:01,,,,,4148428,0,4148428,4148.428,
2025-08-14 01:00:01,,,,,4148428,0,4148428,4148.428,
2025-08-14 02:00:01,,,,,4148428,0,4148428,4148.428,
2025-08-14 03:00:01,,,,,4148428,0,4148428,4148.428,
2025-08-14 03:36:01,11.5,,,,4148428,0,4148428,4148.428,
2025-08-14 03:37:07,,3.62,,,,,,,-50
2025-08-14 04:00:01,,,,,4148428,0,4148428,4148.428,
2025-08-14 05:00:01,,,,,4148428,0,4148428,4148.428,
2025-08-14 06:00:01,,,,,4148428,0,4148428,4148.428,
2025-08-14 07:00:01,,,,,4148428,0,4148428,4148.428,
2025-08-14 08:00:01,,,,,4148428,0,4148428,4148.428,
2025-08-14 09:00:01,,,,,4148428,0,4148428,4148.428,
2025-08-14 10:00:01,,,,,4148428,0,4148428,4148.428,
2025-08-14 11:00:01,,,,,4148428,0,4148428,4148.428,
2025-08-14 12:00:01,,,,,4148428,0,4148428,4148.428,
2025-08-14 13:00:01,,,,,4148428,0,4148428,4148.428,
2025-08-14 14:00:01,,,,,4148428,0,4148428,4148.428,
2025-08-14 15:00:01,,,,,4148428,0,4148428,4148.428,
2025-08-14 16:00:01,,,,,4148428,0,4148428,4148.428,
2025-08-14 17:00:01,,,,,4148428,0,4148428,4148.428,
2025-08-14 18:00:01,,,,,4148428,0,4148428,4148.428,
2025-08-14 19:00:01,,,,,4148428,0,4148428,4148.428,
2025-08-14 20:00:01,,,,,4148428,0,4148428,4148.428,
2025-08-14 21:00:01,,,,,4148428,0,4148428,4148.428,
2025-08-14 22:00:01,,,,,4148428,0,4148428,4148.428,
2025-08-14 23:00:01,,,,,4148428,0,4148428,4148.428,
2025-08-15 00:00:01,,,,,4148428,0,4148428,4148.428,
2025-08-15 01:00:01,,,,,4148428,0,4148428,4148.428,
2025-08-15 02:00:01,,,,,4148428,0,4148428,4148.428,
2025-08-15 03:00:01,,,,,4148428,0,4148428,4148.428,
2025-08-15 03:36:01,11.39,,,,4148428,0,4148428,4148.428,
2025-08-15 03:37:17,,3.62,,,,,,,-50
2025-08-15 04:00:01,,,,,4148428,0,4148428,4148.428,
2025-08-15 05:00:01,,,,,4148428,0,4148428,4148.428,
2025-08-15 06:00:01,,,,,4148428,0,4148428,4148.428,
2025-08-15 07:00:01,,,,,4148428,0,4148428,4148.428,
2025-08-15 08:00:01,,,,,4148428,0,4148428,4148.428,
2025-08-15 09:00:01,,,,,4148428,0,4148428,4148.428,
2025-08-15 10:00:01,,,,,4148428,0,4148428,4148.428,
2025-08-15 11:00:01,,,,,4148428,0,4148428,4148.428,
2025-08-15 12:00:01,,,,,4148428,0,4148428,4148.428,
2025-08-15 13:00:01,,,,,4148428,0,4148428,4148.428,
2025-08-15 14:00:01,,,,,4148429,1,4148429,4148.429,
2025-08-15 15:00:01,,,,,4148429,0,4148429,4148.429,
2025-08-15 16:00:01,,,,,4148429,0,4148429,4148.429,
2025-08-15 17:00:01,,,,,4148429,0,4148429,4148.429,
2025-08-15 18:00:01,,,,,4148429,0,4148429,4148.429,
2025-08-15 19:00:01,,,,,4148429,0,4148429,4148.429,
2025-08-15 20:00:01,,,,,4148429,0,4148429,4148.429,
2025-08-15 21:00:01,,,,,4148429,0,4148429,4148.429,
2025-08-15 22:00:01,,,,,4148429,0,4148429,4148.429,
2025-08-15 23:00:01,,,,,4148429,0,4148429,4148.429,
2025-08-16 00:00:01,,,,,4148429,0,4148429,4148.429,
2025-08-16 01:00:01,,,,,4148429,0,4148429,4148.429,
2025-08-16 02:00:01,,,,,4148429,0,4148429,4148.429,
2025-08-16 03:00:01,,,,,4148429,0,4148429,4148.429,
2025-08-16 03:36:01,12.1,,,,4148429,0,4148429,4148.429,
2025-08-16 03:37:07,,3.62,,,,,,,-51
2025-08-16 04:00:01,,,,,4148429,0,4148429,4148.429,
2025-08-16 05:00:01,,,,,4148429,0,4148429,4148.429,
2025-08-16 06:00:01,,,,,4148429,0,4148429,4148.429,
2025-08-16 07:00:01,,,,,4148429,0,4148429,4148.429,
2025-08-16 08:00:01,,,,,4148429,0,4148429,4148.429,
2025-08-16 09:00:01,,,,,4148429,0,4148429,4148.429,
2025-08-16 10:00:01,,,,,4148429,0,4148429,4148.429,
2025-08-16 11:00:01,,,,,4148429,0,4148429,4148.429,
2025-08-16 12:00:01,,,,,4148429,0,4148429,4148.429,
2025-08-16 13:00:01,,,,,4148429,0,4148429,4148.429,
2025-08-16 14:00:01,,,,,4148429,0,4148429,4148.429,
2025-08-16 15:00:01,,,,,4148429,0,4148429,4148.429,
2025-08-16 16:00:01,,,,,4148429,0,4148429,4148.429,
2025-08-16 17:00:01,,,,,4148429,0,4148429,4148.429,
2025-08-16 18:00:01,,,,,4148429,0,4148429,4148.429,
2025-08-16 19:00:01,,,,,4148429,0,4148429,4148.429,
2025-08-16 20:00:01,,,,,4148429,0,4148429,4148.429,
2025-08-16 21:00:01,,,,,4148429,0,4148429,4148.429,
2025-08-16 22:00:01,,,,,4148429,0,4148429,4148.429,
2025-08-16 23:00:01,,,,,4148429,0,4148429,4148.429,
2025-08-17 00:00:01,,,,,4148429,0,4148429,4148.429,
2025-08-17 01:00:01,,,,,4148430,1,4148430,4148.43,
2025-08-17 02:00:01,,,,,4148430,0,4148430,4148.43,
2025-08-17 03:00:01,,,,,4148430,0,4148430,4148.43,
2025-08-17 03:36:01,10.6,,,,4148430,0,4148430,4148.43,
2025-08-17 03:37:18,,3.61,,,,,,,-50
2025-08-17 04:00:01,,,,,4148430,0,4148430,4148.43,
2025-08-17 05:00:01,,,,,4148430,0,4148430,4148.43,
2025-08-17 06:00:01,,,,,4148430,0,4148430,4148.43,
2025-08-17 07:00:01,,,,,4148430,0,4148430,4148.43,
2025-08-17 08:00:01,,,,,4148430,0,4148430,4148.43,
2025-08-17 09:00:01,,,,,4148430,0,4148430,4148.43,
2025-08-17 10:00:01,,,,,4148430,0,4148430,4148.43,
2025-08-17 11:00:01,,,,,4148430,0,4148430,4148.43,
2025-08-17 12:00:01,,,,,4148430,0,4148430,4148.43,
2025-08-17 13:00:01,,,,,4148430,0,4148430,4148.43,
2025-08-17 14:00:01,,,,,4148430,0,4148430,4148.43,
2025-08-17 15:00:01,,,,,4148430,0,4148430,4148.43,
2025-08-17 16:00:01,,,,,4148430,0,4148430,4148.43,
2025-08-17 17:00:01,,,,,4148430,0,4148430,4148.43,
2025-08-17 18:00:01,,,,,4148430,0,4148430,4148.43,
2025-08-17 19:00:01,,,,,4148430,0,4148430,4148.43,
2025-08-17 20:00:01,,,,,4148430,0,4148430,4148.43,
2025-08-17 21:00:01,,,,,4148430,0,4148430,4148.43,
2025-08-17 22:00:01,,,,,4148430,0,4148430,4148.43,
2025-08-17 23:00:01,,,,,4148430,0,4148430,4148.43,
2025-08-18 00:00:01,,,,,4148430,0,4148430,4148.43,
2025-08-18 01:00:01,,,,,4148430,0,4148430,4148.43,
2025-08-18 02:00:01,,,,,4148430,0,4148430,4148.43,
2025-08-18 03:00:01,,,,,4148430,0,4148430,4148.43,
2025-08-18 03:36:01,9.64,,,,4148430,0,4148430,4148.43,
2025-08-18 03:37:08,,3.62,,,,,,,-50
2025-08-18 04:00:01,,,,,4148430,0,4148430,4148.43,
2025-08-18 05:00:01,,,,,4148430,0,4148430,4148.43,
2025-08-18 06:00:01,,,,,4148430,0,4148430,4148.43,
2025-08-18 07:00:01,,,,,4148430,0,4148430,4148.43,
2025-08-18 08:00:01,,,,,4148430,0,4148430,4148.43,
2025-08-18 09:00:01,,,,,4148430,0,4148430,4148.43,
2025-08-18 10:00:01,,,,,4148430,0,4148430,4148.43,
2025-08-18 11:00:01,,,,,4148430,0,4148430,4148.43,
2025-08-18 12:00:01,,,,,4148430,0,4148430,4148.43,
2025-08-18 13:00:01,,,,,4148430,0,4148430,4148.43,
2025-08-18 14:00:01,,,,,4148435,5,4148435,4148.435,
2025-08-18 15:00:01,,,,,4148462,27,4148462,4148.462,
2025-08-18 16:00:01,,,,,4148462,0,4148462,4148.462,
2025-08-18 17:00:01,,,,,4148462,0,4148462,4148.462,
2025-08-18 18:00:01,,,,,4148462,0,4148462,4148.462,
2025-08-18 19:00:01,,,,,4148462,0,4148462,4148.462,
2025-08-18 20:00:01,,,,,4148462,0,4148462,4148.462,
2025-08-18 21:00:01,,,,,4148462,0,4148462,4148.462,
2025-08-18 22:00:01,,,,,4148462,0,4148462,4148.462,
2025-08-18 23:00:01,,,,,4148462,0,4148462,4148.462,
2025-08-19 00:00:01,,,,,4148462,0,4148462,4148.462,
2025-08-19 01:00:01,,,,,4148462,0,4148462,4148.462,
2025-08-19 02:00:01,,,,,4148462,0,4148462,4148.462,
2025-08-19 03:00:01,,,,,4148462,0,4148462,4148.462,
2025-08-19 03:36:01,10.06,,,,4148462,0,4148462,4148.462,
2025-08-19 03:37:12,,3.61,,,,,,,-51
2025-08-19 04:00:01,,,,,4148462,0,4148462,4148.462,
2025-08-19 05:00:01,,,,,4148462,0,4148462,4148.462,
2025-08-19 06:00:01,,,,,4148462,0,4148462,4148.462,
2025-08-19 07:00:01,,,,,4148600,138,4148600,4148.6,
2025-08-19 08:00:01,,,,,4148600,0,4148600,4148.6,
2025-08-19 09:00:01,,,,,4148600,0,4148600,4148.6,
2025-08-19 10:00:01,,,,,4148606,6,4148606,4148.606,
2025-08-19 11:00:01,,,,,4148608,2,4148608,4148.608,
2025-08-19 12:00:01,,,,,4148613,5,4148613,4148.613,
2025-08-19 13:00:01,,,,,4148613,0,4148613,4148.613,
2025-08-19 14:00:01,,,,,4148625,12,4148625,4148.625,
2025-08-19 15:00:01,,,,,4148629,4,4148629,4148.629,
2025-08-19 16:00:01,,,,,4148629,0,4148629,4148.629,
2025-08-19 17:00:01,,,,,4148629,0,4148629,4148.629,
2025-08-19 18:00:01,,,,,4148629,0,4148629,4148.629,
2025-08-19 19:00:01,,,,,4148629,0,4148629,4148.629,
2025-08-19 20:00:01,,,,,4148629,0,4148629,4148.629,
2025-08-19 21:00:01,,,,,4148629,0,4148629,4148.629,
2025-08-19 22:00:01,,,,,4148629,0,4148629,4148.629,
2025-08-19 23:00:01,,,,,4148629,0,4148629,4148.629,
2025-08-20 00:00:01,,,,,4148629,0,4148629,4148.629,
2025-08-20 01:00:01,,,,,4148629,0,4148629,4148.629,
2025-08-20 02:00:01,,,,,4148629,0,4148629,4148.629,
2025-08-20 03:00:01,,,,,4148629,0,4148629,4148.629,
2025-08-20 03:36:01,10.97,,,,4148629,0,4148629,4148.629,
2025-08-20 03:37:08,,3.62,,,,,,,-50
2025-08-20 04:00:01,,,,,4148629,0,4148629,4148.629,
2025-08-20 05:00:01,,,,,4148629,0,4148629,4148.629,
2025-08-20 06:00:01,,,,,4148629,0,4148629,4148.629,
2025-08-20 07:00:01,,,,,4148629,0,4148629,4148.629,
2025-08-20 08:00:01,,,,,4148629,0,4148629,4148.629,
2025-08-20 09:00:01,,,,,4148634,5,4148634,4148.634,
2025-08-20 10:00:01,,,,,4148634,0,4148634,4148.634,
2025-08-20 11:00:01,,,,,4148634,0,4148634,4148.634,
2025-08-20 12:00:01,,,,,4148652,18,4148652,4148.652,
2025-08-20 13:00:01,,,,,4148671,19,4148671,4148.671,
2025-08-20 14:00:01,,,,,4148676,5,4148676,4148.676,
2025-08-20 15:00:01,,,,,4148676,0,4148676,4148.676,
2025-08-20 16:00:01,,,,,4148676,0,4148676,4148.676,
2025-08-20 17:00:01,,,,,4148676,0,4148676,4148.676,
2025-08-20 18:00:01,,,,,4148676,0,4148676,4148.676,
2025-08-20 19:00:01,,,,,4148676,0,4148676,4148.676,
2025-08-20 20:00:01,,,,,4148676,0,4148676,4148.676,
2025-08-20 21:00:01,,,,,4148676,0,4148676,4148.676,
2025-08-20 22:00:01,,,,,4148676,0,4148676,4148.676,
2025-08-20 23:00:01,,,,,4148976,300,4148976,4148.976,
2025-08-21 00:00:01,,,,,4148980,4,4148980,4148.98,
2025-08-21 01:00:01,,,,,4148980,0,4148980,4148.98,
2025-08-21 02:00:01,,,,,4148980,0,4148980,4148.98,
2025-08-21 03:00:01,,,,,4149376,396,4149376,4149.376,
2025-08-21 03:36:01,13.24,,,,4149763,387,4149763,4149.763,
2025-08-21 03:37:19,,3.62,,,,,,,-51
2025-08-21 04:00:01,,,,,4149960,197,4149960,4149.96,
2025-08-21 05:00:01,,,,,4150420,460,4150420,4150.42,
2025-08-21 06:00:01,,,,,4150441,21,4150441,4150.441,
2025-08-21 07:00:01,,,,,4150463,22,4150463,4150.463,
2025-08-21 08:00:01,,,,,4150486,23,4150486,4150.486,
2025-08-21 09:00:01,,,,,4150486,0,4150486,4150.486,
2025-08-21 10:00:01,,,,,4150494,8,4150494,4150.494,
2025-08-21 11:00:01,,,,,4150494,0,4150494,4150.494,
2025-08-21 12:00:01,,,,,4150494,0,4150494,4150.494,
2025-08-21 13:00:01,,,,,4150494,0,4150494,4150.494,
2025-08-21 14:00:01,,,,,4150494,0,4150494,4150.494,
2025-08-21 15:00:01,,,,,4150494,0,4150494,4150.494,
2025-08-21 16:00:01,,,,,4150494,0,4150494,4150.494,
2025-08-21 17:00:01,,,,,4150494,0,4150494,4150.494,
2025-08-21 18:00:01,,,,,4150494,0,4150494,4150.494,
2025-08-21 19:00:01,,,,,4150494,0,4150494,4150.494,
2025-08-21 20:00:01,,,,,4150494,0,4150494,4150.494,
2025-08-21 21:00:01,,,,,4150494,0,4150494,4150.494,
2025-08-21 22:00:01,,,,,4150494,0,4150494,4150.494,
2025-08-21 23:00:01,,,,,4150494,0,4150494,4150.494,
2025-08-22 00:00:01,,,,,4150494,0,4150494,4150.494,
2025-08-22 01:00:01,,,,,4150494,0,4150494,4150.494,
2025-08-22 02:00:01,,,,,4150494,0,4150494,4150.494,
2025-08-22 03:00:01,,,,,4150494,0,4150494,4150.494,
2025-08-22 03:36:01,15.22,,,,4150494,0,4150494,4150.494,
2025-08-22 03:37:08,,3.62,,,,,,,-50
2025-08-22 04:00:01,,,,,4150494,0,4150494,4150.494,
2025-08-22 05:00:01,,,,,4150494,0,4150494,4150.494,
2025-08-22 06:00:01,,,,,4150494,0,4150494,4150.494,
2025-08-22 07:00:01,,,,,4150686,192,4150686,4150.686,
2025-08-22 08:00:01,,,,,4150686,0,4150686,4150.686,
2025-08-22 09:00:01,,,,,4150686,0,4150686,4150.686,
2025-08-22 10:00:01,,,,,4150686,0,4150686,4150.686,
2025-08-22 11:00:01,,,,,4150686,0,4150686,4150.686,
2025-08-22 12:00:01,,,,,4150686,0,4150686,4150.686,
2025-08-22 13:00:01,,,,,4150686,0,4150686,4150.686,
2025-08-22 14:00:01,,,,,4150686,0,4150686,4150.686,
2025-08-22 15:00:01,,,,,4150686,0,4150686,4150.686,
2025-08-22 16:00:01,,,,,4150686,0,4150686,4150.686,
2025-08-22 17:00:01,,,,,4150686,0,4150686,4150.686,
2025-08-22 18:00:01,,,,,4150686,0,4150686,4150.686,
2025-08-22 19:00:01,,,,,4150686,0,4150686,4150.686,
2025-08-22 20:00:01,,,,,4150686,0,4150686,4150.686,
2025-08-22 21:00:01,,,,,4150686,0,4150686,4150.686,
2025-08-22 22:00:01,,,,,4150686,0,4150686,4150.686,
2025-08-22 23:00:01,,,,,4150686,0,4150686,4150.686,
2025-08-23 00:00:01,,,,,4150686,0,4150686,4150.686,
2025-08-23 01:00:01,,,,,4150686,0,4150686,4150.686,
2025-08-23 02:00:01,,,,,4150686,0,4150686,4150.686,
2025-08-23 03:00:01,,,,,4150686,0,4150686,4150.686,
2025-08-23 03:36:01,14,,,,4150686,0,4150686,4150.686,
2025-08-23 03:37:11,,3.61,,,,,,,-50
2025-08-23 04:00:01,,,,,4150686,0,4150686,4150.686,
2025-08-23 05:00:01,,,,,4150686,0,4150686,4150.686,
2025-08-23 06:00:01,,,,,4150686,0,4150686,4150.686,
2025-08-23 07:00:01,,,,,4150686,0,4150686,4150.686,
2025-08-23 08:00:01,,,,,4150686,0,4150686,4150.686,
2025-08-23 09:00:01,,,,,4150686,0,4150686,4150.686,
2025-08-23 10:00:01,,,,,4150686,0,4150686,4150.686,
2025-08-23 11:00:01,,,,,4150686,0,4150686,4150.686,
2025-08-23 12:00:01,,,,,4150686,0,4150686,4150.686,
2025-08-23 13:00:01,,,,,4150686,0,4150686,4150.686,
2025-08-23 14:00:01,,,,,4150686,0,4150686,4150.686,
2025-08-23 15:00:01,,,,,4150686,0,4150686,4150.686,
2025-08-23 16:00:01,,,,,4150686,0,4150686,4150.686,
2025-08-23 17:00:01,,,,,4150686,0,4150686,4150.686,
2025-08-23 18:00:01,,,,,4150686,0,4150686,4150.686,
2025-08-23 19:00:01,,,,,4150686,0,4150686,4150.686,
2025-08-23 20:00:01,,,,,4150686,0,4150686,4150.686,
2025-08-23 21:00:01,,,,,4150686,0,4150686,4150.686,
2025-08-23 22:00:01,,,,,4150686,0,4150686,4150.686,
2025-08-23 23:00:01,,,,,4150686,0,4150686,4150.686,
2025-08-24 00:00:01,,,,,4150686,0,4150686,4150.686,
2025-08-24 01:00:01,,,,,4150686,0,4150686,4150.686,
2025-08-24 02:00:01,,,,,4150686,0,4150686,4150.686,
2025-08-24 03:00:01,,,,,4151078,392,4151078,4151.078,
2025-08-24 03:36:01,13.61,,,,4151737,659,4151737,4151.737,
2025-08-24 03:37:07,,3.62,,,,,,,-50
2025-08-24 04:00:01,,,,,4152157,420,4152157,4152.157,
2025-08-24 05:00:01,,,,,4152836,679,4152836,4152.836,
2025-08-24 06:00:01,,,,,4152920,84,4152920,4152.92,
2025-08-24 07:00:01,,,,,4152985,65,4152985,4152.985,
2025-08-24 08:00:01,,,,,4153004,19,4153004,4153.004,
2025-08-24 09:00:01,,,,,4153004,0,4153004,4153.004,
2025-08-24 10:00:01,,,,,4153004,0,4153004,4153.004,
2025-08-24 11:00:01,,,,,4153004,0,4153004,4153.004,
2025-08-24 12:00:01,,,,,4153004,0,4153004,4153.004,
2025-08-24 13:00:01,,,,,4153004,0,4153004,4153.004,
2025-08-24 14:00:01,,,,,4153004,0,4153004,4153.004,
2025-08-24 15:00:01,,,,,4153004,0,4153004,4153.004,
2025-08-24 16:00:01,,,,,4153004,0,4153004,4153.004,
2025-08-24 17:00:01,,,,,4153004,0,4153004,4153.004,
2025-08-24 18:00:01,,,,,4153004,0,4153004,4153.004,
2025-08-24 19:00:01,,,,,4153004,0,4153004,4153.004,
2025-08-24 20:00:01,,,,,4153004,0,4153004,4153.004,
2025-08-24 21:00:01,,,,,4153004,0,4153004,4153.004,
2025-08-24 22:00:01,,,,,4153004,0,4153004,4153.004,
2025-08-24 23:00:01,,,,,4153004,0,4153004,4153.004,
2025-08-25 00:00:01,,,,,4153004,0,4153004,4153.004,
2025-08-25 01:00:01,,,,,4153004,0,4153004,4153.004,
2025-08-25 02:00:01,,,,,4153004,0,4153004,4153.004,
2025-08-25 03:00:01,,,,,4153004,0,4153004,4153.004,
2025-08-25 03:36:01,13.13,,,,4153004,0,4153004,4153.004,
2025-08-25 03:37:12,,3.63,,,,,,,-50
2025-08-25 04:00:01,,,,,4153004,0,4153004,4153.004,
2025-08-25 05:00:01,,,,,4153004,0,4153004,4153.004,
2025-08-25 06:00:01,,,,,4153004,0,4153004,4153.004,
2025-08-25 07:00:01,,,,,4153004,0,4153004,4153.004,
2025-08-25 08:00:01,,,,,4153004,0,4153004,4153.004,
2025-08-25 09:00:01,,,,,4153004,0,4153004,4153.004,
2025-08-25 10:00:01,,,,,4153004,0,4153004,4153.004,
2025-08-25 11:00:01,,,,,4153101,97,4153101,4153.101,
2025-08-25 12:00:01,,,,,4153127,26,4153127,4153.127,
2025-08-25 13:00:01,,,,,4153136,9,4153136,4153.136,
2025-08-25 14:00:01,,,,,4153251,115,4153251,4153.251,
2025-08-25 15:00:01,,,,,4153292,41,4153292,4153.292,
2025-08-25 16:00:01,,,,,4153292,0,4153292,4153.292,
2025-08-25 17:00:01,,,,,4153292,0,4153292,4153.292,
2025-08-25 18:00:01,,,,,4153292,0,4153292,4153.292,
2025-08-25 19:00:01,,,,,4153292,0,4153292,4153.292,
2025-08-25 20:00:01,,,,,4153292,0,4153292,4153.292,
2025-08-25 21:00:01,,,,,4153292,0,4153292,4153.292,
2025-08-25 22:00:01,,,,,4153292,0,4153292,4153.292,
2025-08-25 23:00:01,,,,,4153292,0,4153292,4153.292,
2025-08-26 00:00:01,,,,,4153292,0,4153292,4153.292,
2025-08-26 01:00:01,,,,,4153292,0,4153292,4153.292,
2025-08-26 02:00:01,,,,,4153292,0,4153292,4153.292,
2025-08-26 03:00:01,,,,,4153292,0,4153292,4153.292,
2025-08-26 03:36:01,14.02,,,,4153292,0,4153292,4153.292,
2025-08-26 03:37:13,,3.63,,,,,,,-50
2025-08-26 04:00:01,,,,,4153292,0,4153292,4153.292,
2025-08-26 05:00:01,,,,,4153292,0,4153292,4153.292,
2025-08-26 06:00:01,,,,,4153292,0,4153292,4153.292,
2025-08-26 07:00:01,,,,,4153326,34,4153326,4153.326,
2025-08-26 08:00:01,,,,,4153345,19,4153345,4153.345,
2025-08-26 09:00:01,,,,,4153384,39,4153384,4153.384,
2025-08-26 10:00:01,,,,,4153384,0,4153384,4153.384,
2025-08-26 11:00:01,,,,,4153384,0,4153384,4153.384,
2025-08-26 12:00:01,,,,,4153384,0,4153384,4153.384,
2025-08-26 13:00:01,,,,,4153385,1,4153385,4153.385,
2025-08-26 14:00:01,,,,,4153386,1,4153386,4153.386,
2025-08-26 15:00:01,,,,,4153387,1,4153387,4153.387,
2025-08-26 16:00:01,,,,,4153387,0,4153387,4153.387,
2025-08-26 17:00:01,,,,,4153387,0,4153387,4153.387,
2025-08-26 18:00:01,,,,,4153387,0,4153387,4153.387,
2025-08-26 19:00:01,,,,,4153387,0,4153387,4153.387,
2025-08-26 20:00:01,,,,,4153387,0,4153387,4153.387,
2025-08-26 21:00:01,,,,,4153387,0,4153387,4153.387,
2025-08-26 22:00:01,,,,,4153387,0,4153387,4153.387,
2025-08-26 23:00:01,,,,,4153387,0,4153387,4153.387,
2025-08-27 00:00:01,,,,,4153387,0,4153387,4153.387,
2025-08-27 01:00:01,,,,,4153387,0,4153387,4153.387,
2025-08-27 02:00:01,,,,,4153387,0,4153387,4153.387,
2025-08-27 03:00:01,,,,,4153387,0,4153387,4153.387,
2025-08-27 03:36:01,15.08,,,,4153387,0,4153387,4153.387,
2025-08-27 03:37:12,,3.62,,,,,,,-51
2025-08-27 04:00:01,,,,,4153387,0,4153387,4153.387,
2025-08-27 05:00:01,,,,,4153387,0,4153387,4153.387,
2025-08-27 06:00:01,,,,,4153387,0,4153387,4153.387,
2025-08-27 07:00:01,,,,,4153387,0,4153387,4153.387,
2025-08-27 08:00:01,,,,,4153387,0,4153387,4153.387,
2025-08-27 09:00:01,,,,,4153387,0,4153387,4153.387,
2025-08-27 10:00:01,,,,,4153387,0,4153387,4153.387,
2025-08-27 11:00:01,,,,,4153387,0,4153387,4153.387,
2025-08-27 12:00:01,,,,,4153387,0,4153387,4153.387,
2025-08-27 13:00:01,,,,,4153387,0,4153387,4153.387,
2025-08-27 14:00:01,,,,,4153387,0,4153387,4153.387,
2025-08-27 15:00:01,,,,,4153387,0,4153387,4153.387,
2025-08-27 16:00:01,,,,,4153387,0,4153387,4153.387,
2025-08-27 17:00:01,,,,,4153387,0,4153387,4153.387,
2025-08-27 18:00:01,,,,,4153387,0,4153387,4153.387,
2025-08-27 19:00:01,,,,,4153387,0,4153387,4153.387,
2025-08-27 20:00:01,,,,,4153387,0,4153387,4153.387,
2025-08-27 21:00:01,,,,,4153387,0,4153387,4153.387,
2025-08-27 22:00:01,,,,,4153387,0,4153387,4153.387,
2025-08-27 23:00:01,,,,,4153387,0,4153387,4153.387,
2025-08-28 00:00:01,,,,,4153387,0,4153387,4153.387,
2025-08-28 01:00:01,,,,,4153387,0,4153387,4153.387,
2025-08-28 02:00:01,,,,,4153387,0,4153387,4153.387,
2025-08-28 03:00:01,,,,,4153387,0,4153387,4153.387,
2025-08-28 03:36:01,13.78,,,,4153387,0,4153387,4153.387,
2025-08-28 03:37:07,,3.62,,,,,,,-50
2025-08-28 04:00:01,,,,,4153387,0,4153387,4153.387,
2025-08-28 05:00:01,,,,,4153387,0,4153387,4153.387,
2025-08-28 06:00:01,,,,,4153387,0,4153387,4153.387,
2025-08-28 07:00:01,,,,,4153387,0,4153387,4153.387,
2025-08-28 08:00:01,,,,,4153387,0,4153387,4153.387,
2025-08-28 09:00:01,,,,,4153387,0,4153387,4153.387,
2025-08-28 10:00:01,,,,,4153387,0,4153387,4153.387,
2025-08-28 11:00:01,,,,,4153387,0,4153387,4153.387,
2025-08-28 12:00:01,,,,,4153387,0,4153387,4153.387,
2025-08-28 13:00:01,,,,,4153387,0,4153387,4153.387,
2025-08-28 14:00:01,,,,,4153387,0,4153387,4153.387,
2025-08-28 15:00:01,,,,,4153387,0,4153387,4153.387,
2025-08-28 16:00:01,,,,,4153387,0,4153387,4153.387,
2025-08-28 17:00:01,,,,,4153387,0,4153387,4153.387,
2025-08-28 18:00:01,,,,,4153387,0,4153387,4153.387,
2025-08-28 19:00:01,,,,,4153387,0,4153387,4153.387,
2025-08-28 20:00:01,,,,,4153387,0,4153387,4153.387,
2025-08-28 21:00:01,,,,,4153387,0,4153387,4153.387,
2025-08-28 22:00:01,,,,,4153387,0,4153387,4153.387,
2025-08-28 23:00:01,,,,,4153387,0,4153387,4153.387,
2025-08-29 00:00:01,,,,,4153387,0,4153387,4153.387,
2025-08-29 01:00:01,,,,,4153387,0,4153387,4153.387,
2025-08-29 02:00:01,,,,,4153387,0,4153387,4153.387,
2025-08-29 03:00:01,,,,,4153387,0,4153387,4153.387,
2025-08-29 03:36:01,12.54,,,,4153387,0,4153387,4153.387,
2025-08-29 03:37:18,,3.63,,,,,,,-51
2025-08-29 04:00:01,,,,,4153387,0,4153387,4153.387,
2025-08-29 05:00:01,,,,,4153387,0,4153387,4153.387,
2025-08-29 06:00:01,,,,,4153387,0,4153387,4153.387,
2025-08-29 07:00:01,,,,,4153387,0,4153387,4153.387,
2025-08-29 08:00:01,,,,,4153387,0,4153387,4153.387,
2025-08-29 09:00:01,,,,,4153387,0,4153387,4153.387,
2025-08-29 10:00:01,,,,,4153387,0,4153387,4153.387,
2025-08-29 11:00:01,,,,,4153387,0,4153387,4153.387,
2025-08-29 12:00:01,,,,,4153387,0,4153387,4153.387,
2025-08-29 13:00:01,,,,,4153387,0,4153387,4153.387,
2025-08-29 14:00:01,,,,,4153387,0,4153387,4153.387,
2025-08-29 15:00:01,,,,,4153387,0,4153387,4153.387,
2025-08-29 16:00:01,,,,,4153387,0,4153387,4153.387,
2025-08-29 17:00:01,,,,,4153387,0,4153387,4153.387,
2025-08-29 18:00:01,,,,,4153387,0,4153387,4153.387,
2025-08-29 19:00:01,,,,,4153387,0,4153387,4153.387,
2025-08-29 20:00:01,,,,,4153387,0,4153387,4153.387,
2025-08-29 21:00:01,,,,,4153387,0,4153387,4153.387,
2025-08-29 22:00:01,,,,,4153387,0,4153387,4153.387,
2025-08-29 23:00:01,,,,,4153387,0,4153387,4153.387,
2025-08-30 00:00:01,,,,,4153387,0,4153387,4153.387,
2025-08-30 01:00:01,,,,,4153387,0,4153387,4153.387,
2025-08-30 02:00:01,,,,,4153387,0,4153387,4153.387,
2025-08-30 03:00:01,,,,,4153387,0,4153387,4153.387,
2025-08-30 03:36:01,12.61,,,,4153387,0,4153387,4153.387,
2025-08-30 03:37:13,,3.64,,,,,,,-50
2025-08-30 04:00:01,,,,,4153387,0,4153387,4153.387,
2025-08-30 05:00:01,,,,,4153387,0,4153387,4153.387,
2025-08-30 06:00:01,,,,,4153387,0,4153387,4153.387,
2025-08-30 07:00:01,,,,,4153387,0,4153387,4153.387,
2025-08-30 08:00:01,,,,,4153387,0,4153387,4153.387,
2025-08-30 09:00:01,,,,,4153387,0,4153387,4153.387,
2025-08-30 10:00:01,,,,,4153387,0,4153387,4153.387,
2025-08-30 11:00:01,,,,,4153387,0,4153387,4153.387,
2025-08-30 12:00:01,,,,,4153387,0,4153387,4153.387,
2025-08-30 13:00:01,,,,,4153387,0,4153387,4153.387,
2025-08-30 14:00:01,,,,,4153387,0,4153387,4153.387,
2025-08-30 15:00:01,,,,,4153387,0,4153387,4153.387,
2025-08-30 16:00:01,,,,,4153387,0,4153387,4153.387,
2025-08-30 17:00:01,,,,,4153387,0,4153387,4153.387,
2025-08-30 18:00:01,,,,,4153387,0,4153387,4153.387,
2025-08-30 19:00:01,,,,,4153387,0,4153387,4153.387,
2025-08-30 20:00:01,,,,,4153387,0,4153387,4153.387,
2025-08-30 21:00:01,,,,,4153387,0,4153387,4153.387,
2025-08-30 22:00:01,,,,,4153387,0,4153387,4153.387,
2025-08-30 23:00:01,,,,,4153387,0,4153387,4153.387,
2025-08-31 00:00:01,,,,,4153387,0,4153387,4153.387,
2025-08-31 01:00:01,,,,,4153387,0,4153387,4153.387,
2025-08-31 02:00:01,,,,,4153387,0,4153387,4153.387,
2025-08-31 03:00:01,,,,,4153387,0,4153387,4153.387,
2025-08-31 03:36:01,11.26,,,,4153387,0,4153387,4153.387,
2025-08-31 03:37:18,,3.62,,,,,,,-51
2025-08-31 04:00:01,,,,,4153387,0,4153387,4153.387,
2025-08-31 05:00:01,,,,,4153387,0,4153387,4153.387,
2025-08-31 06:00:01,,,,,4153387,0,4153387,4153.387,
2025-08-31 07:00:01,,,,,4153387,0,4153387,4153.387,
2025-08-31 08:00:01,,,,,4153387,0,4153387,4153.387,
2025-08-31 09:00:01,,,,,4153387,0,4153387,4153.387,
2025-08-31 10:00:01,,,,,4153387,0,4153387,4153.387,
2025-08-31 11:00:01,,,,,4153387,0,4153387,4153.387,
2025-08-31 12:00:01,,,,,4153387,0,4153387,4153.387,
2025-08-31 13:00:01,,,,,4153387,0,4153387,4153.387,
2025-08-31 14:00:01,,,,,4153387,0,4153387,4153.387,
2025-08-31 15:00:01,,,,,4153387,0,4153387,4153.387,
2025-08-31 16:00:01,,,,,4153387,0,4153387,4153.387,
2025-08-31 17:00:01,,,,,4153387,0,4153387,4153.387,
2025-08-31 18:00:01,,,,,4153387,0,4153387,4153.387,
2025-08-31 19:00:01,,,,,4153387,0,4153387,4153.387,
2025-08-31 20:00:01,,,,,4153387,0,4153387,4153.387,
2025-08-31 21:00:01,,,,,4153387,0,4153387,4153.387,
2025-08-31 22:00:01,,,,,4153387,0,4153387,4153.387,
2025-08-31 23:00:01,,,,,4153387,0,4153387,4153.387,
2025-09-01 00:00:01,,,,,4153387,0,4153387,4153.387,
2025-09-01 01:00:01,,,,,4153387,0,4153387,4153.387,
2025-09-01 02:00:01,,,,,4153387,0,4153387,4153.387,
2025-09-01 03:00:01,,,,,4153387,0,4153387,4153.387,
2025-09-01 03:36:01,11.28,,,,4153387,0,4153387,4153.387,
2025-09-01 03:37:07,,3.62,,,,,,,-50
2025-09-01 04:00:01,,,,,4153387,0,4153387,4153.387,
2025-09-01 05:00:01,,,,,4153387,0,4153387,4153.387,
2025-09-01 06:00:01,,,,,4153387,0,4153387,4153.387,
2025-09-01 07:00:01,,,,,4153387,0,4153387,4153.387,
2025-09-01 08:00:01,,,,,4153387,0,4153387,4153.387,
2025-09-01 09:00:01,,,,,4153387,0,4153387,4153.387,
2025-09-01 10:00:01,,,,,4153387,0,4153387,4153.387,
2025-09-01 11:00:01,,,,,4153387,0,4153387,4153.387,
2025-09-01 12:00:01,,,,,4153387,0,4153387,4153.387,
2025-09-01 13:00:01,,,,,4153387,0,4153387,4153.387,
2025-09-01 14:00:01,,,,,4153387,0,4153387,4153.387,
2025-09-01 15:00:01,,,,,4153387,0,4153387,4153.387,
2025-09-01 16:00:01,,,,,4153387,0,4153387,4153.387,
2025-09-01 17:00:01,,,,,4153387,0,4153387,4153.387,
2025-09-01 18:00:01,,,,,4153387,0,4153387,4153.387,
2025-09-01 19:00:01,,,,,4153387,0,4153387,4153.387,
2025-09-01 20:00:01,,,,,4153387,0,4153387,4153.387,
2025-09-01 21:00:01,,,,,4153387,0,4153387,4153.387,
2025-09-01 22:00:01,,,,,4153387,0,4153387,4153.387,
2025-09-01 23:00:01,,,,,4153387,0,4153387,4153.387,
2025-09-02 00:00:01,,,,,4153387,0,4153387,4153.387,
2025-09-02 01:00:01,,,,,4153387,0,4153387,4153.387,
2025-09-02 02:00:01,,,,,4153387,0,4153387,4153.387,
2025-09-02 03:00:01,,,,,4153387,0,4153387,4153.387,
2025-09-02 03:36:01,10.79,,,,4153387,0,4153387,4153.387,
2025-09-02 03:37:22,,3.62,,,,,,,-50
2025-09-02 04:00:01,,,,,4153387,0,4153387,4153.387,
2025-09-02 05:00:01,,,,,4153387,0,4153387,4153.387,
2025-09-02 06:00:01,,,,,4153387,0,4153387,4153.387,
2025-09-02 07:00:01,,,,,4153387,0,4153387,4153.387,
2025-09-02 08:00:01,,,,,4153387,0,4153387,4153.387,
2025-09-02 09:00:01,,,,,4153387,0,4153387,4153.387,
2025-09-02 10:00:01,,,,,4153387,0,4153387,4153.387,
2025-09-02 11:00:01,,,,,4153387,0,4153387,4153.387,
2025-09-02 12:00:01,,,,,4153387,0,4153387,4153.387,
2025-09-02 13:00:01,,,,,4153387,0,4153387,4153.387,
2025-09-02 14:00:01,,,,,4153387,0,4153387,4153.387,
2025-09-02 15:00:01,,,,,4153387,0,4153387,4153.387,
2025-09-02 16:00:01,,,,,4153387,0,4153387,4153.387,
2025-09-02 17:00:01,,,,,4153387,0,4153387,4153.387,
2025-09-02 18:00:01,,,,,4153387,0,4153387,4153.387,
2025-09-02 19:00:01,,,,,4153387,0,4153387,4153.387,
2025-09-02 20:00:01,,,,,4153387,0,4153387,4153.387,
2025-09-02 21:00:01,,,,,4153387,0,4153387,4153.387,
2025-09-02 22:00:01,,,,,4153387,0,4153387,4153.387,
2025-09-02 23:00:01,,,,,4153387,0,4153387,4153.387,
2025-09-03 00:00:01,,,,,4153387,0,4153387,4153.387,
2025-09-03 01:00:01,,,,,4153387,0,4153387,4153.387,
2025-09-03 02:00:01,,,,,4153387,0,4153387,4153.387,
2025-09-03 03:00:01,,,,,4153387,0,4153387,4153.387,
2025-09-03 03:36:01,10.4,,,,4153387,0,4153387,4153.387,
2025-09-03 03:37:10,,3.62,,,,,,,-50
2025-09-03 04:00:01,,,,,4153387,0,4153387,4153.387,
2025-09-03 05:00:01,,,,,4153389,2,4153389,4153.389,
2025-09-03 06:00:01,,,,,4153390,1,4153390,4153.39,
2025-09-03 07:00:01,,,,,4153390,0,4153390,4153.39,
2025-09-03 08:00:01,,,,,4153390,0,4153390,4153.39,
2025-09-03 09:00:01,,,,,4153390,0,4153390,4153.39,
2025-09-03 10:00:01,,,,,4153390,0,4153390,4153.39,
2025-09-03 11:00:01,,,,,4153390,0,4153390,4153.39,
2025-09-03 12:00:01,,,,,4153390,0,4153390,4153.39,
2025-09-03 13:00:01,,,,,4153390,0,4153390,4153.39,
2025-09-03 14:00:01,,,,,4153390,0,4153390,4153.39,
2025-09-03 15:00:01,,,,,4153390,0,4153390,4153.39,
2025-09-03 16:00:01,,,,,4153390,0,4153390,4153.39,
2025-09-03 17:00:01,,,,,4153390,0,4153390,4153.39,
2025-09-03 18:00:01,,,,,4153390,0,4153390,4153.39,
2025-09-03 19:00:01,,,,,4153390,0,4153390,4153.39,
2025-09-03 20:00:01,,,,,4153390,0,4153390,4153.39,
2025-09-03 21:00:01,,,,,4153390,0,4153390,4153.39,
2025-09-03 22:00:01,,,,,4153390,0,4153390,4153.39,
2025-09-03 23:00:01,,,,,4153390,0,4153390,4153.39,
2025-09-04 00:00:01,,,,,4153390,0,4153390,4153.39,
2025-09-04 01:00:01,,,,,4153390,0,4153390,4153.39,
2025-09-04 02:00:01,,,,,4153390,0,4153390,4153.39,
2025-09-04 03:00:01,,,,,4153390,0,4153390,4153.39,
2025-09-04 03:36:01,13.74,,,,4153390,0,4153390,4153.39,
2025-09-04 03:37:30,,,"a00077-00008",,,,,,
2025-09-04 03:38:28,,3.63,,,,,,,-51
2025-09-04 04:00:01,,,,,4153390,0,4153390,4153.39,
2025-09-04 05:00:01,,,,,4153390,0,4153390,4153.39,
2025-09-04 06:00:01,,,,,4153390,0,4153390,4153.39,
2025-09-04 07:00:01,,,,,4153573,183,4153573,4153.573,
2025-09-04 08:00:01,,,,,4153680,107,4153680,4153.68,
2025-09-04 09:00:01,,,,,4153688,8,4153688,4153.688,
2025-09-04 10:00:01,,,,,4153695,7,4153695,4153.695,
2025-09-04 11:00:01,,,,,4153704,9,4153704,4153.704,
2025-09-04 12:00:01,,,,,4153717,13,4153717,4153.717,
2025-09-04 13:00:01,,,,,4153720,3,4153720,4153.72,
2025-09-04 14:00:01,,,,,4153722,2,4153722,4153.722,
2025-09-04 15:00:01,,,,,4153722,0,4153722,4153.722,
2025-09-04 16:00:01,,,,,4153722,0,4153722,4153.722,
2025-09-04 17:00:01,,,,,4153722,0,4153722,4153.722,
2025-09-04 18:00:01,,,,,4153722,0,4153722,4153.722,
2025-09-04 19:00:01,,,,,4153722,0,4153722,4153.722,
2025-09-04 20:00:01,,,,,4153722,0,4153722,4153.722,
2025-09-04 21:00:01,,,,,4153722,0,4153722,4153.722,
2025-09-04 22:00:01,,,,,4153722,0,4153722,4153.722,
2025-09-04 23:00:01,,,,,4153722,0,4153722,4153.722,
2025-09-05 00:00:01,,,,,4153722,0,4153722,4153.722,
2025-09-05 01:00:01,,,,,4153722,0,4153722,4153.722,
2025-09-05 02:00:01,,,,,4153722,0,4153722,4153.722,
2025-09-05 03:00:01,,,,,4154130,408,4154130,4154.13,
2025-09-05 03:36:01,13.54,,,,4154828,698,4154828,4154.828,
2025-09-05 03:37:20,,3.62,,,,,,,-51
2025-09-05 04:00:01,,,,,4155285,457,4155285,4155.285,
2025-09-05 05:00:01,,,,,4155862,577,4155862,4155.862,
2025-09-05 06:00:01,,,,,4155983,121,4155983,4155.983,
2025-09-05 07:00:01,,,,,4155983,0,4155983,4155.983,
2025-09-05 08:00:01,,,,,4155983,0,4155983,4155.983,
2025-09-05 09:00:01,,,,,4155983,0,4155983,4155.983,
2025-09-05 10:00:01,,,,,4155983,0,4155983,4155.983,
2025-09-05 11:00:01,,,,,4155983,0,4155983,4155.983,
2025-09-05 12:00:01,,,,,4155983,0,4155983,4155.983,
2025-09-05 13:00:01,,,,,4155983,0,4155983,4155.983,
2025-09-05 14:00:01,,,,,4155983,0,4155983,4155.983,
2025-09-05 15:00:01,,,,,4155983,0,4155983,4155.983,
2025-09-05 16:00:01,,,,,4155983,0,4155983,4155.983,
2025-09-05 17:00:01,,,,,4155983,0,4155983,4155.983,
2025-09-05 18:00:01,,,,,4155983,0,4155983,4155.983,
2025-09-05 19:00:01,,,,,4155983,0,4155983,4155.983,
2025-09-05 20:00:01,,,,,4155983,0,4155983,4155.983,
2025-09-05 21:00:01,,,,,4155983,0,4155983,4155.983,
2025-09-05 22:00:01,,,,,4155983,0,4155983,4155.983,
2025-09-05 23:00:01,,,,,4155983,0,4155983,4155.983,
2025-09-06 00:00:01,,,,,4155983,0,4155983,4155.983,
2025-09-06 01:00:01,,,,,4155983,0,4155983,4155.983,
2025-09-06 02:00:01,,,,,4155983,0,4155983,4155.983,
2025-09-06 03:00:01,,,,,4155983,0,4155983,4155.983,
2025-09-06 03:36:01,13.3,,,,4155983,0,4155983,4155.983,
2025-09-06 03:37:26,,3.62,,,,,,,-51
2025-09-06 04:00:01,,,,,4155983,0,4155983,4155.983,
2025-09-06 05:00:01,,,,,4155983,0,4155983,4155.983,
2025-09-06 06:00:01,,,,,4155984,1,4155984,4155.984,
2025-09-06 07:00:01,,,,,4155984,0,4155984,4155.984,
2025-09-06 08:00:01,,,,,4155984,0,4155984,4155.984,
2025-09-06 09:00:01,,,,,4155984,0,4155984,4155.984,
2025-09-06 10:00:01,,,,,4155984,0,4155984,4155.984,
2025-09-06 11:00:01,,,,,4155984,0,4155984,4155.984,
2025-09-06 12:00:01,,,,,4155984,0,4155984,4155.984,
2025-09-06 13:00:01,,,,,4155984,0,4155984,4155.984,
2025-09-06 14:00:01,,,,,4155984,0,4155984,4155.984,
2025-09-06 15:00:01,,,,,4155984,0,4155984,4155.984,
2025-09-06 16:00:01,,,,,4155984,0,4155984,4155.984,
2025-09-06 17:00:01,,,,,4155984,0,4155984,4155.984,
2025-09-06 18:00:01,,,,,4155984,0,4155984,4155.984,
2025-09-06 19:00:01,,,,,4155984,0,4155984,4155.984,
2025-09-06 20:00:01,,,,,4155984,0,4155984,4155.984,
2025-09-06 21:00:01,,,,,4155984,0,4155984,4155.984,
2025-09-06 22:00:01,,,,,4155984,0,4155984,4155.984,
2025-09-06 23:00:01,,,,,4155984,0,4155984,4155.984,
2025-09-07 00:00:01,,,,,4155984,0,4155984,4155.984,
2025-09-07 01:00:01,,,,,4155984,0,4155984,4155.984,
2025-09-07 02:00:01,,,,,4155984,0,4155984,4155.984,
2025-09-07 03:00:01,,,,,4155984,0,4155984,4155.984,
2025-09-07 03:36:01,14.51,,,,4155984,0,4155984,4155.984,
2025-09-07 03:37:13,,3.63,,,,,,,-51
2025-09-07 04:00:01,,,,,4155984,0,4155984,4155.984,
2025-09-07 05:00:01,,,,,4156328,344,4156328,4156.328,
2025-09-07 06:00:01,,,,,4156328,0,4156328,4156.328,
2025-09-07 07:00:01,,,,,4156328,0,4156328,4156.328,
2025-09-07 08:00:01,,,,,4156328,0,4156328,4156.328,
2025-09-07 09:00:01,,,,,4156328,0,4156328,4156.328,
2025-09-07 10:00:01,,,,,4156328,0,4156328,4156.328,
2025-09-07 11:00:01,,,,,4156328,0,4156328,4156.328,
2025-09-07 12:00:01,,,,,4156328,0,4156328,4156.328,
2025-09-07 13:00:01,,,,,4156328,0,4156328,4156.328,
2025-09-07 14:00:01,,,,,4156328,0,4156328,4156.328,
2025-09-07 15:00:01,,,,,4156328,0,4156328,4156.328,
2025-09-07 16:00:01,,,,,4156328,0,4156328,4156.328,
2025-09-07 17:00:01,,,,,4156328,0,4156328,4156.328,
2025-09-07 18:00:01,,,,,4156328,0,4156328,4156.328,
2025-09-07 19:00:01,,,,,4156328,0,4156328,4156.328,
2025-09-07 20:00:01,,,,,4156328,0,4156328,4156.328,
2025-09-07 21:00:01,,,,,4156328,0,4156328,4156.328,
2025-09-07 22:00:01,,,,,4156328,0,4156328,4156.328,
2025-09-07 23:00:01,,,,,4156328,0,4156328,4156.328,
2025-09-08 00:00:01,,,,,4156328,0,4156328,4156.328,
2025-09-08 01:00:01,,,,,4156328,0,4156328,4156.328,
2025-09-08 02:00:01,,,,,4156328,0,4156328,4156.328,
2025-09-08 03:00:01,,,,,4156328,0,4156328,4156.328,
2025-09-08 03:36:01,16.12,,,,4156328,0,4156328,4156.328,
2025-09-08 03:37:18,,3.63,,,,,,,-51
2025-09-08 04:00:01,,,,,4156328,0,4156328,4156.328,
2025-09-08 05:00:01,,,,,4156328,0,4156328,4156.328,
2025-09-08 06:00:01,,,,,4156328,0,4156328,4156.328,
2025-09-08 07:00:01,,,,,4156328,0,4156328,4156.328,
2025-09-08 08:00:01,,,,,4156328,0,4156328,4156.328,
2025-09-08 09:00:01,,,,,4156328,0,4156328,4156.328,
2025-09-08 10:00:01,,,,,4156328,0,4156328,4156.328,
2025-09-08 11:00:01,,,,,4156328,0,4156328,4156.328,
2025-09-08 12:00:01,,,,,4156328,0,4156328,4156.328,
2025-09-08 13:00:01,,,,,4156328,0,4156328,4156.328,
2025-09-08 14:00:01,,,,,4156329,1,4156329,4156.329,
2025-09-08 15:00:01,,,,,4156329,0,4156329,4156.329,
2025-09-08 16:00:01,,,,,4156329,0,4156329,4156.329,
2025-09-08 17:00:01,,,,,4156329,0,4156329,4156.329,
2025-09-08 18:00:01,,,,,4156329,0,4156329,4156.329,
2025-09-08 19:00:01,,,,,4156329,0,4156329,4156.329,
2025-09-08 20:00:01,,,,,4156329,0,4156329,4156.329,
2025-09-08 21:00:01,,,,,4156329,0,4156329,4156.329,
2025-09-08 22:00:01,,,,,4156329,0,4156329,4156.329,
2025-09-08 23:00:01,,,,,4156329,0,4156329,4156.329,
2025-09-09 00:00:01,,,,,4156329,0,4156329,4156.329,
2025-09-09 01:00:01,,,,,4156329,0,4156329,4156.329,
2025-09-09 02:00:01,,,,,4156368,39,4156368,4156.368,
2025-09-09 03:00:01,,,,,4156368,0,4156368,4156.368,
2025-09-09 03:36:01,18.4,,,,4156368,0,4156368,4156.368,
2025-09-09 03:37:07,,3.62,,,,,,,-50
2025-09-09 04:00:01,,,,,4156368,0,4156368,4156.368,
2025-09-09 05:00:01,,,,,4156368,0,4156368,4156.368,
2025-09-09 06:00:01,,,,,4156368,0,4156368,4156.368,
2025-09-09 07:00:01,,,,,4156371,3,4156371,4156.371,
2025-09-09 08:00:01,,,,,4156371,0,4156371,4156.371,
2025-09-09 09:00:01,,,,,4156371,0,4156371,4156.371,
2025-09-09 10:00:01,,,,,4156371,0,4156371,4156.371,
2025-09-09 11:00:01,,,,,4156371,0,4156371,4156.371,
2025-09-09 12:00:01,,,,,4156371,0,4156371,4156.371,
2025-09-09 13:00:01,,,,,4156371,0,4156371,4156.371,
2025-09-09 14:00:01,,,,,4156371,0,4156371,4156.371,
2025-09-09 15:00:01,,,,,4156371,0,4156371,4156.371,
2025-09-09 16:00:01,,,,,4156371,0,4156371,4156.371,
2025-09-09 17:00:01,,,,,4156371,0,4156371,4156.371,
2025-09-09 18:00:01,,,,,4156371,0,4156371,4156.371,
2025-09-09 19:00:01,,,,,4156371,0,4156371,4156.371,
2025-09-09 20:00:01,,,,,4156371,0,4156371,4156.371,
2025-09-09 21:00:01,,,,,4156371,0,4156371,4156.371,
2025-09-09 22:00:01,,,,,4156371,0,4156371,4156.371,
2025-09-09 23:00:01,,,,,4156371,0,4156371,4156.371,
2025-09-10 00:00:01,,,,,4156371,0,4156371,4156.371,
2025-09-10 01:00:01,,,,,4156371,0,4156371,4156.371,
2025-09-10 02:00:01,,,,,4156371,0,4156371,4156.371,
2025-09-10 03:00:01,,,,,4156371,0,4156371,4156.371,
2025-09-10 03:36:01,15.97,,,,4156371,0,4156371,4156.371,
2025-09-10 03:37:18,,3.62,,,,,,,-51
2025-09-10 04:00:01,,,,,4156371,0,4156371,4156.371,
2025-09-10 05:00:01,,,,,4156371,0,4156371,4156.371,
2025-09-10 06:00:01,,,,,4156371,0,4156371,4156.371,
2025-09-10 07:00:01,,,,,4156371,0,4156371,4156.371,
2025-09-10 08:00:01,,,,,4156371,0,4156371,4156.371,
2025-09-10 09:00:01,,,,,4156371,0,4156371,4156.371,
2025-09-10 10:00:01,,,,,4156371,0,4156371,4156.371,
2025-09-10 11:00:01,,,,,4156371,0,4156371,4156.371,
2025-09-10 12:00:01,,,,,4156371,0,4156371,4156.371,
2025-09-10 13:00:01,,,,,4156371,0,4156371,4156.371,
2025-09-10 14:00:01,,,,,4156371,0,4156371,4156.371,
2025-09-10 15:00:01,,,,,4156371,0,4156371,4156.371,
2025-09-10 16:00:01,,,,,4156371,0,4156371,4156.371,
2025-09-10 17:00:01,,,,,4156371,0,4156371,4156.371,
2025-09-10 18:00:01,,,,,4156371,0,4156371,4156.371,
2025-09-10 19:00:01,,,,,4156371,0,4156371,4156.371,
2025-09-10 20:00:01,,,,,4156371,0,4156371,4156.371,
2025-09-10 21:00:01,,,,,4156371,0,4156371,4156.371,
2025-09-10 22:00:01,,,,,4156371,0,4156371,4156.371,
2025-09-10 23:00:01,,,,,4156371,0,4156371,4156.371,
2025-09-11 00:00:01,,,,,4156371,0,4156371,4156.371,
2025-09-11 01:00:01,,,,,4156371,0,4156371,4156.371,
2025-09-11 02:00:01,,,,,4156371,0,4156371,4156.371,
2025-09-11 03:00:01,,,,,4156371,0,4156371,4156.371,
2025-09-11 03:36:01,13.09,,,,4156371,0,4156371,4156.371,
2025-09-11 03:37:19,,3.62,,,,,,,-51
2025-09-11 04:00:01,,,,,4156371,0,4156371,4156.371,
2025-09-11 05:00:01,,,,,4156371,0,4156371,4156.371,
2025-09-11 06:00:01,,,,,4156371,0,4156371,4156.371,
2025-09-11 07:00:01,,,,,4156371,0,4156371,4156.371,
2025-09-11 08:00:01,,,,,4156371,0,4156371,4156.371,
2025-09-11 09:00:01,,,,,4156371,0,4156371,4156.371,
2025-09-11 10:00:01,,,,,4156372,1,4156372,4156.372,
2025-09-11 11:00:01,,,,,4156372,0,4156372,4156.372,
2025-09-11 12:00:01,,,,,4156372,0,4156372,4156.372,
2025-09-11 13:00:01,,,,,4156372,0,4156372,4156.372,
2025-09-11 14:00:01,,,,,4156372,0,4156372,4156.372,
2025-09-11 15:00:01,,,,,4156372,0,4156372,4156.372,
2025-09-11 16:00:01,,,,,4156372,0,4156372,4156.372,
2025-09-11 17:00:01,,,,,4156372,0,4156372,4156.372,
2025-09-11 18:00:01,,,,,4156372,0,4156372,4156.372,
2025-09-11 19:00:01,,,,,4156372,0,4156372,4156.372,
2025-09-11 20:00:01,,,,,4156372,0,4156372,4156.372,
2025-09-11 21:00:01,,,,,4156372,0,4156372,4156.372,
2025-09-11 22:00:01,,,,,4156372,0,4156372,4156.372,
2025-09-11 23:00:01,,,,,4156372,0,4156372,4156.372,
2025-09-12 00:00:01,,,,,4156372,0,4156372,4156.372,
2025-09-12 01:00:01,,,,,4156372,0,4156372,4156.372,
2025-09-12 02:00:01,,,,,4156372,0,4156372,4156.372,
2025-09-12 03:00:01,,,,,4156372,0,4156372,4156.372,
2025-09-12 03:36:01,14.52,,,,4156372,0,4156372,4156.372,
2025-09-12 03:37:23,,,"a00077-00008",,,,,,
2025-09-12 03:38:27,,3.62,,,,,,,-51
2025-09-12 04:00:01,,,,,4156372,0,4156372,4156.372,
2025-09-12 05:00:01,,,,,4156372,0,4156372,4156.372,
2025-09-12 06:00:01,,,,,4156372,0,4156372,4156.372,
2025-09-12 07:00:01,,,,,4156372,0,4156372,4156.372,
2025-09-12 08:00:01,,,,,4156372,0,4156372,4156.372,
2025-09-12 09:00:01,,,,,4156372,0,4156372,4156.372,
2025-09-12 10:00:01,,,,,4156372,0,4156372,4156.372,
2025-09-12 11:00:01,,,,,4156372,0,4156372,4156.372,
2025-09-12 12:00:01,,,,,4156372,0,4156372,4156.372,
2025-09-12 13:00:01,,,,,4156372,0,4156372,4156.372,
2025-09-12 14:00:01,,,,,4156372,0,4156372,4156.372,
2025-09-12 15:00:01,,,,,4156372,0,4156372,4156.372,
2025-09-12 16:00:01,,,,,4156372,0,4156372,4156.372,
2025-09-12 17:00:01,,,,,4156372,0,4156372,4156.372,
2025-09-12 18:00:01,,,,,4156372,0,4156372,4156.372,
2025-09-12 19:00:01,,,,,4156372,0,4156372,4156.372,
2025-09-12 20:00:01,,,,,4156372,0,4156372,4156.372,
2025-09-12 21:00:01,,,,,4156372,0,4156372,4156.372,
2025-09-12 22:00:01,,,,,4156372,0,4156372,4156.372,
2025-09-12 23:00:01,,,,,4156372,0,4156372,4156.372,
2025-09-13 00:00:01,,,,,4156372,0,4156372,4156.372,
2025-09-13 01:00:01,,,,,4156372,0,4156372,4156.372,
2025-09-13 02:00:01,,,,,4156372,0,4156372,4156.372,
2025-09-13 03:00:01,,,,,4156372,0,4156372,4156.372,
2025-09-13 03:36:01,13.58,,,,4156372,0,4156372,4156.372,
2025-09-13 03:37:10,,3.62,,,,,,,-50
2025-09-13 04:00:01,,,,,4156372,0,4156372,4156.372,
2025-09-13 05:00:01,,,,,4156372,0,4156372,4156.372,
2025-09-13 06:00:01,,,,,4156372,0,4156372,4156.372,
2025-09-13 07:00:01,,,,,4156372,0,4156372,4156.372,
2025-09-13 08:00:01,,,,,4156372,0,4156372,4156.372,
2025-09-13 09:00:01,,,,,4156372,0,4156372,4156.372,
2025-09-13 10:00:01,,,,,4156372,0,4156372,4156.372,
2025-09-13 11:00:01,,,,,4156372,0,4156372,4156.372,
2025-09-13 12:00:01,,,,,4156372,0,4156372,4156.372,
2025-09-13 13:00:01,,,,,4156372,0,4156372,4156.372,
2025-09-13 14:00:01,,,,,4156372,0,4156372,4156.372,
2025-09-13 15:00:01,,,,,4156372,0,4156372,4156.372,
2025-09-13 16:00:01,,,,,4156372,0,4156372,4156.372,
2025-09-13 17:00:01,,,,,4156372,0,4156372,4156.372,
2025-09-13 18:00:01,,,,,4156372,0,4156372,4156.372,
2025-09-13 19:00:01,,,,,4156372,0,4156372,4156.372,
2025-09-13 20:00:01,,,,,4156372,0,4156372,4156.372,
2025-09-13 21:00:01,,,,,4156373,1,4156373,4156.373,
2025-09-13 22:00:01,,,,,4156373,0,4156373,4156.373,
2025-09-13 23:00:01,,,,,4156373,0,4156373,4156.373,
2025-09-14 00:00:01,,,,,4156373,0,4156373,4156.373,
2025-09-14 01:00:01,,,,,4156373,0,4156373,4156.373,
2025-09-14 02:00:01,,,,,4156373,0,4156373,4156.373,
2025-09-14 03:00:01,,,,,4156373,0,4156373,4156.373,
2025-09-14 03:36:01,13.66,,,,4156373,0,4156373,4156.373,
2025-09-14 03:37:11,,3.62,,,,,,,-50
2025-09-14 04:00:01,,,,,4156373,0,4156373,4156.373,
2025-09-14 05:00:01,,,,,4156373,0,4156373,4156.373,
2025-09-14 06:00:01,,,,,4156373,0,4156373,4156.373,
2025-09-14 07:00:01,,,,,4156373,0,4156373,4156.373,
2025-09-14 08:00:01,,,,,4156373,0,4156373,4156.373,
2025-09-14 09:00:01,,,,,4156373,0,4156373,4156.373,
2025-09-14 10:00:01,,,,,4156373,0,4156373,4156.373,
2025-09-14 11:00:01,,,,,4156373,0,4156373,4156.373,
2025-09-14 12:00:01,,,,,4156373,0,4156373,4156.373,
2025-09-14 13:00:01,,,,,4156373,0,4156373,4156.373,
2025-09-14 14:00:01,,,,,4156373,0,4156373,4156.373,
2025-09-14 15:00:01,,,,,4156373,0,4156373,4156.373,
2025-09-14 16:00:01,,,,,4156373,0,4156373,4156.373,
2025-09-14 17:00:01,,,,,4156373,0,4156373,4156.373,
2025-09-14 18:00:01,,,,,4156373,0,4156373,4156.373,
2025-09-14 19:00:01,,,,,4156373,0,4156373,4156.373,
2025-09-14 20:00:01,,,,,4156373,0,4156373,4156.373,
2025-09-14 21:00:01,,,,,4156373,0,4156373,4156.373,
2025-09-14 22:00:01,,,,,4156373,0,4156373,4156.373,
2025-09-14 23:00:01,,,,,4156373,0,4156373,4156.373,
2025-09-15 00:00:01,,,,,4156373,0,4156373,4156.373,
2025-09-15 01:00:01,,,,,4156373,0,4156373,4156.373,
2025-09-15 02:00:01,,,,,4156373,0,4156373,4156.373,
2025-09-15 03:00:01,,,,,4156373,0,4156373,4156.373,
2025-09-15 03:36:01,14.14,,,,4156374,1,4156374,4156.374,
2025-09-15 03:37:07,,3.64,,,,,,,-50
2025-09-15 04:00:01,,,,,4156374,0,4156374,4156.374,
2025-09-15 05:00:01,,,,,4156374,0,4156374,4156.374,
2025-09-15 06:00:01,,,,,4156374,0,4156374,4156.374,
2025-09-15 07:00:01,,,,,4156374,0,4156374,4156.374,
2025-09-15 08:00:01,,,,,4156374,0,4156374,4156.374,
2025-09-15 09:00:01,,,,,4156374,0,4156374,4156.374,
2025-09-15 10:00:01,,,,,4156374,0,4156374,4156.374,
2025-09-15 11:00:01,,,,,4156374,0,4156374,4156.374,
2025-09-15 12:00:01,,,,,4156374,0,4156374,4156.374,
2025-09-15 13:00:01,,,,,4156374,0,4156374,4156.374,
2025-09-15 14:00:01,,,,,4156374,0,4156374,4156.374,
2025-09-15 15:00:01,,,,,4156374,0,4156374,4156.374,
2025-09-15 16:00:01,,,,,4156405,31,4156405,4156.405,
2025-09-15 17:00:01,,,,,4156548,143,4156548,4156.548,
2025-09-15 18:00:01,,,,,4156548,0,4156548,4156.548,
2025-09-15 19:00:01,,,,,4156548,0,4156548,4156.548,
2025-09-15 20:00:01,,,,,4156548,0,4156548,4156.548,
2025-09-15 21:00:01,,,,,4156548,0,4156548,4156.548,
2025-09-15 22:00:01,,,,,4156548,0,4156548,4156.548,
2025-09-15 23:00:01,,,,,4156548,0,4156548,4156.548,
2025-09-16 00:00:01,,,,,4156548,0,4156548,4156.548,
2025-09-16 01:00:01,,,,,4156548,0,4156548,4156.548,
2025-09-16 02:00:01,,,,,4156548,0,4156548,4156.548,
2025-09-16 03:00:01,,,,,4156548,0,4156548,4156.548,
2025-09-16 03:36:01,16.72,,,,4156548,0,4156548,4156.548,
2025-09-16 03:37:18,,3.63,,,,,,,-51
2025-09-16 04:00:01,,,,,4156548,0,4156548,4156.548,
2025-09-16 05:00:01,,,,,4156548,0,4156548,4156.548,
2025-09-16 06:00:01,,,,,4156548,0,4156548,4156.548,
2025-09-16 07:00:01,,,,,4156548,0,4156548,4156.548,
2025-09-16 08:00:01,,,,,4156548,0,4156548,4156.548,
2025-09-16 09:00:01,,,,,4156548,0,4156548,4156.548,
2025-09-16 10:00:01,,,,,4156548,0,4156548,4156.548,
2025-09-16 11:00:01,,,,,4156548,0,4156548,4156.548,
2025-09-16 12:00:01,,,,,4156548,0,4156548,4156.548,
2025-09-16 13:00:01,,,,,4156548,0,4156548,4156.548,
2025-09-16 14:00:01,,,,,4156548,0,4156548,4156.548,
2025-09-16 15:00:01,,,,,4156549,1,4156549,4156.549,
2025-09-16 16:00:01,,,,,4156549,0,4156549,4156.549,
2025-09-16 17:00:01,,,,,4156549,0,4156549,4156.549,
2025-09-16 18:00:01,,,,,4156549,0,4156549,4156.549,
2025-09-16 19:00:01,,,,,4156549,0,4156549,4156.549,
2025-09-16 20:00:01,,,,,4156549,0,4156549,4156.549,
2025-09-16 21:00:01,,,,,4156549,0,4156549,4156.549,
2025-09-16 22:00:01,,,,,4156549,0,4156549,4156.549,
2025-09-16 23:00:01,,,,,4156549,0,4156549,4156.549,
2025-09-17 00:00:01,,,,,4156549,0,4156549,4156.549,
2025-09-17 01:00:01,,,,,4156549,0,4156549,4156.549,
2025-09-17 02:00:01,,,,,4156549,0,4156549,4156.549,
2025-09-17 03:00:01,,,,,4156549,0,4156549,4156.549,
2025-09-17 03:36:01,16.04,,,,4156550,1,4156550,4156.55,
2025-09-17 03:37:13,,3.63,,,,,,,-51
2025-09-17 04:00:01,,,,,4156550,0,4156550,4156.55,
2025-09-17 05:00:01,,,,,4156550,0,4156550,4156.55,
2025-09-17 06:00:01,,,,,4156732,182,4156732,4156.732,
2025-09-17 07:00:01,,,,,4156868,136,4156868,4156.868,
2025-09-17 08:00:01,,,,,4156965,97,4156965,4156.965,
2025-09-17 09:00:01,,,,,4156965,0,4156965,4156.965,
2025-09-17 10:00:01,,,,,4156965,0,4156965,4156.965,
2025-09-17 11:00:01,,,,,4156965,0,4156965,4156.965,
2025-09-17 12:00:01,,,,,4156965,0,4156965,4156.965,
2025-09-17 13:00:01,,,,,4156965,0,4156965,4156.965,
2025-09-17 14:00:01,,,,,4156965,0,4156965,4156.965,
2025-09-17 15:00:01,,,,,4156965,0,4156965,4156.965,
2025-09-17 16:00:01,,,,,4156965,0,4156965,4156.965,
2025-09-17 17:00:01,,,,,4156965,0,4156965,4156.965,
2025-09-17 18:00:01,,,,,4156965,0,4156965,4156.965,
2025-09-17 19:00:01,,,,,4156965,0,4156965,4156.965,
2025-09-17 20:00:01,,,,,4156965,0,4156965,4156.965,
2025-09-17 21:00:01,,,,,4156965,0,4156965,4156.965,
2025-09-17 22:00:01,,,,,4156965,0,4156965,4156.965,
2025-09-17 23:00:01,,,,,4156965,0,4156965,4156.965,
2025-09-18 00:00:01,,,,,4156965,0,4156965,4156.965,
2025-09-18 01:00:01,,,,,4156965,0,4156965,4156.965,
2025-09-18 02:00:01,,,,,4156965,0,4156965,4156.965,
2025-09-18 03:00:01,,,,,4156965,0,4156965,4156.965,
2025-09-18 03:36:01,15.37,,,,4156965,0,4156965,4156.965,
2025-09-18 03:37:17,,3.62,,,,,,,-51
2025-09-18 04:00:01,,,,,4156965,0,4156965,4156.965,
2025-09-18 05:00:01,,,,,4156965,0,4156965,4156.965,
2025-09-18 06:00:01,,,,,4156965,0,4156965,4156.965,
2025-09-18 07:00:01,,,,,4156965,0,4156965,4156.965,
2025-09-18 08:00:01,,,,,4156965,0,4156965,4156.965,
2025-09-18 09:00:01,,,,,4156965,0,4156965,4156.965,
2025-09-18 10:00:01,,,,,4157023,58,4157023,4157.023,
2025-09-18 11:00:01,,,,,4157046,23,4157046,4157.046,
2025-09-18 12:00:01,,,,,4157073,27,4157073,4157.073,
2025-09-18 13:00:01,,,,,4157073,0,4157073,4157.073,
2025-09-18 14:00:01,,,,,4157073,0,4157073,4157.073,
2025-09-18 15:00:01,,,,,4157073,0,4157073,4157.073,
2025-09-18 16:00:01,,,,,4157073,0,4157073,4157.073,
2025-09-18 17:00:01,,,,,4157073,0,4157073,4157.073,
2025-09-18 18:00:01,,,,,4157073,0,4157073,4157.073,
2025-09-18 19:00:01,,,,,4157073,0,4157073,4157.073,
2025-09-18 20:00:01,,,,,4157073,0,4157073,4157.073,
2025-09-18 21:00:01,,,,,4157073,0,4157073,4157.073,
2025-09-18 22:00:01,,,,,4157073,0,4157073,4157.073,
2025-09-18 23:00:01,,,,,4157073,0,4157073,4157.073,
2025-09-19 00:00:01,,,,,4157073,0,4157073,4157.073,
2025-09-19 01:00:01,,,,,4157073,0,4157073,4157.073,
2025-09-19 02:00:01,,,,,4157073,0,4157073,4157.073,
2025-09-19 03:00:01,,,,,4157073,0,4157073,4157.073,
2025-09-19 03:36:01,14.58,,,,4157073,0,4157073,4157.073,
2025-09-19 03:37:06,,3.63,,,,,,,-51
2025-09-19 04:00:01,,,,,4157073,0,4157073,4157.073,
2025-09-19 05:00:01,,,,,4157073,0,4157073,4157.073,
2025-09-19 06:00:01,,,,,4157259,186,4157259,4157.259,
2025-09-19 07:00:01,,,,,4157338,79,4157338,4157.338,
2025-09-19 08:00:01,,,,,4157462,124,4157462,4157.462,
2025-09-19 09:00:01,,,,,4157490,28,4157490,4157.49,
2025-09-19 10:00:01,,,,,4157490,0,4157490,4157.49,
2025-09-19 11:00:01,,,,,4157490,0,4157490,4157.49,
2025-09-19 12:00:01,,,,,4157490,0,4157490,4157.49,
2025-09-19 13:00:01,,,,,4157490,0,4157490,4157.49,
2025-09-19 14:00:01,,,,,4157490,0,4157490,4157.49,
2025-09-19 15:00:01,,,,,4157490,0,4157490,4157.49,
2025-09-19 16:00:01,,,,,4157490,0,4157490,4157.49,
2025-09-19 17:00:01,,,,,4157490,0,4157490,4157.49,
2025-09-19 18:00:01,,,,,4157490,0,4157490,4157.49,
2025-09-19 19:00:01,,,,,4157490,0,4157490,4157.49,
2025-09-19 20:00:01,,,,,4157490,0,4157490,4157.49,
2025-09-19 21:00:01,,,,,4157490,0,4157490,4157.49,
2025-09-19 22:00:01,,,,,4157491,1,4157491,4157.491,
2025-09-19 23:00:01,,,,,4157491,0,4157491,4157.491,
2025-09-20 00:00:01,,,,,4157491,0,4157491,4157.491,
2025-09-20 01:00:01,,,,,4157491,0,4157491,4157.491,
2025-09-20 02:00:01,,,,,4157491,0,4157491,4157.491,
2025-09-20 03:00:01,,,,,4157491,0,4157491,4157.491,
2025-09-20 03:36:01,15.24,,,,4157491,0,4157491,4157.491,
2025-09-20 03:37:15,,3.63,,,,,,,-51
2025-09-20 04:00:01,,,,,4157491,0,4157491,4157.491,
2025-09-20 05:00:01,,,,,4157491,0,4157491,4157.491,
2025-09-20 06:00:01,,,,,4157699,208,4157699,4157.699,
2025-09-20 07:00:01,,,,,4157879,180,4157879,4157.879,
2025-09-20 08:00:01,,,,,4157880,1,4157880,4157.88,
2025-09-20 09:00:01,,,,,4157880,0,4157880,4157.88,
2025-09-20 10:00:01,,,,,4157880,0,4157880,4157.88,
2025-09-20 11:00:01,,,,,4157880,0,4157880,4157.88,
2025-09-20 12:00:01,,,,,4157880,0,4157880,4157.88,
2025-09-20 13:00:01,,,,,4157880,0,4157880,4157.88,
2025-09-20 14:00:01,,,,,4157880,0,4157880,4157.88,
2025-09-20 15:00:01,,,,,4157880,0,4157880,4157.88,
2025-09-20 16:00:01,,,,,4157880,0,4157880,4157.88,
2025-09-20 17:00:01,,,,,4157880,0,4157880,4157.88,
2025-09-20 18:00:01,,,,,4157880,0,4157880,4157.88,
2025-09-20 19:00:01,,,,,4157880,0,4157880,4157.88,
2025-09-20 20:00:01,,,,,4157880,0,4157880,4157.88,
2025-09-20 21:00:01,,,,,4157880,0,4157880,4157.88,
2025-09-20 22:00:01,,,,,4157880,0,4157880,4157.88,
2025-09-20 23:00:01,,,,,4157880,0,4157880,4157.88,
2025-09-21 00:00:01,,,,,4157880,0,4157880,4157.88,
2025-09-21 01:00:01,,,,,4157880,0,4157880,4157.88,
2025-09-21 02:00:01,,,,,4157880,0,4157880,4157.88,
2025-09-21 03:00:01,,,,,4157881,1,4157881,4157.881,
2025-09-21 03:36:01,14.72,,,,4157881,0,4157881,4157.881,
2025-09-21 03:37:11,,3.62,,,,,,,-50
2025-09-21 04:00:01,,,,,4157881,0,4157881,4157.881,
2025-09-21 05:00:01,,,,,4158281,400,4158281,4158.281,
2025-09-21 06:00:01,,,,,4158281,0,4158281,4158.281,
2025-09-21 07:00:01,,,,,4158339,58,4158339,4158.339,
2025-09-21 08:00:01,,,,,4158339,0,4158339,4158.339,
2025-09-21 09:00:01,,,,,4158339,0,4158339,4158.339,
2025-09-21 10:00:01,,,,,4158339,0,4158339,4158.339,
2025-09-21 11:00:01,,,,,4158339,0,4158339,4158.339,
2025-09-21 12:00:01,,,,,4158339,0,4158339,4158.339,
2025-09-21 13:00:01,,,,,4158339,0,4158339,4158.339,
2025-09-21 14:00:01,,,,,4158339,0,4158339,4158.339,
2025-09-21 15:00:01,,,,,4158339,0,4158339,4158.339,
2025-09-21 16:00:01,,,,,4158339,0,4158339,4158.339,
2025-09-21 17:00:01,,,,,4158339,0,4158339,4158.339,
2025-09-21 18:00:01,,,,,4158339,0,4158339,4158.339,
2025-09-21 19:00:01,,,,,4158339,0,4158339,4158.339,
2025-09-21 20:00:01,,,,,4158340,1,4158340,4158.34,
2025-09-21 21:00:01,,,,,4158340,0,4158340,4158.34,
2025-09-21 22:00:01,,,,,4158340,0,4158340,4158.34,
2025-09-21 23:00:01,,,,,4158340,0,4158340,4158.34,
2025-09-22 00:00:01,,,,,4158340,0,4158340,4158.34,
2025-09-22 01:00:01,,,,,4158340,0,4158340,4158.34,
2025-09-22 02:00:01,,,,,4158340,0,4158340,4158.34,
2025-09-22 03:00:01,,,,,4158340,0,4158340,4158.34,
2025-09-22 03:36:01,15.71,,,,4158340,0,4158340,4158.34,
2025-09-22 03:37:13,,3.63,,,,,,,-51
2025-09-22 04:00:01,,,,,4158340,0,4158340,4158.34,
2025-09-22 05:00:01,,,,,4158340,0,4158340,4158.34,
2025-09-22 06:00:01,,,,,4158340,0,4158340,4158.34,
2025-09-22 07:00:01,,,,,4158340,0,4158340,4158.34,
2025-09-22 08:00:01,,,,,4158340,0,4158340,4158.34,
2025-09-22 09:00:01,,,,,4158341,1,4158341,4158.341,
2025-09-22 10:00:01,,,,,4158381,40,4158381,4158.381,
2025-09-22 11:00:01,,,,,4158422,41,4158422,4158.422,
2025-09-22 12:00:01,,,,,4158499,77,4158499,4158.499,
2025-09-22 13:00:01,,,,,4158564,65,4158564,4158.564,
2025-09-22 14:00:01,,,,,4158626,62,4158626,4158.626,
2025-09-22 15:00:01,,,,,4158698,72,4158698,4158.698,
2025-09-22 16:00:01,,,,,4158727,29,4158727,4158.727,
2025-09-22 17:00:01,,,,,4158727,0,4158727,4158.727,
2025-09-22 18:00:01,,,,,4158727,0,4158727,4158.727,
2025-09-22 19:00:01,,,,,4158727,0,4158727,4158.727,
2025-09-22 20:00:01,,,,,4158727,0,4158727,4158.727,
2025-09-22 21:00:01,,,,,4158727,0,4158727,4158.727,
2025-09-22 22:00:01,,,,,4158727,0,4158727,4158.727,
2025-09-22 23:00:01,,,,,4158967,240,4158967,4158.967,
2025-09-23 00:00:01,,,,,4160167,1200,4160167,4160.167,
2025-09-23 01:00:01,,,,,4161306,1139,4161306,4161.306,
2025-09-23 02:00:01,,,,,4162450,1144,4162450,4162.45,
2025-09-23 03:00:01,,,,,4163692,1242,4163692,4163.692,
2025-09-23 03:36:01,16.45,,,,4164430,738,4164430,4164.43,
2025-09-23 03:37:18,,3.63,,,,,,,-51
2025-09-23 04:00:01,,,,,4164929,499,4164929,4164.929,
2025-09-23 05:00:01,,,,,4166053,1124,4166053,4166.053,
2025-09-23 06:00:01,,,,,4166766,713,4166766,4166.766,
2025-09-23 07:00:01,,,,,4166821,55,4166821,4166.821,
2025-09-23 08:00:01,,,,,4166842,21,4166842,4166.842,
2025-09-23 09:00:01,,,,,4166848,6,4166848,4166.848,
2025-09-23 10:00:01,,,,,4166848,0,4166848,4166.848,
2025-09-23 11:00:01,,,,,4166877,29,4166877,4166.877,
2025-09-23 12:00:01,,,,,4166877,0,4166877,4166.877,
2025-09-23 13:00:01,,,,,4166877,0,4166877,4166.877,
2025-09-23 14:00:01,,,,,4166877,0,4166877,4166.877,
2025-09-23 15:00:01,,,,,4166877,0,4166877,4166.877,
2025-09-23 16:00:01,,,,,4166877,0,4166877,4166.877,
2025-09-23 17:00:01,,,,,4166877,0,4166877,4166.877,
2025-09-23 18:00:01,,,,,4166877,0,4166877,4166.877,
2025-09-23 19:00:01,,,,,4166877,0,4166877,4166.877,
2025-09-23 20:00:01,,,,,4166877,0,4166877,4166.877,
2025-09-23 21:00:01,,,,,4166878,1,4166878,4166.878,
2025-09-23 22:00:01,,,,,4166878,0,4166878,4166.878,
2025-09-23 23:00:01,,,,,4166878,0,4166878,4166.878,
2025-09-24 00:00:01,,,,,4166878,0,4166878,4166.878,
2025-09-24 01:00:01,,,,,4166878,0,4166878,4166.878,
2025-09-24 02:00:01,,,,,4166878,0,4166878,4166.878,
2025-09-24 03:00:01,,,,,4166878,0,4166878,4166.878,
2025-09-24 03:36:01,16.48,,,,4166878,0,4166878,4166.878,
2025-09-24 03:37:13,,3.62,,,,,,,-51
2025-09-24 04:00:01,,,,,4166878,0,4166878,4166.878,
2025-09-24 05:00:01,,,,,4166878,0,4166878,4166.878,
2025-09-24 06:00:01,,,,,4166878,0,4166878,4166.878,
2025-09-24 07:00:01,,,,,4166878,0,4166878,4166.878,
2025-09-24 08:00:01,,,,,4166906,28,4166906,4166.906,
2025-09-24 09:00:01,,,,,4166906,0,4166906,4166.906,
2025-09-24 10:00:01,,,,,4166906,0,4166906,4166.906,
2025-09-24 11:00:01,,,,,4166906,0,4166906,4166.906,
2025-09-24 12:00:01,,,,,4166906,0,4166906,4166.906,
2025-09-24 13:00:01,,,,,4166906,0,4166906,4166.906,
2025-09-24 14:00:01,,,,,4166906,0,4166906,4166.906,
2025-09-24 15:00:01,,,,,4166906,0,4166906,4166.906,
2025-09-24 16:00:01,,,,,4166906,0,4166906,4166.906,
2025-09-24 17:00:01,,,,,4166906,0,4166906,4166.906,
2025-09-24 18:00:01,,,,,4166906,0,4166906,4166.906,
2025-09-24 19:00:01,,,,,4166906,0,4166906,4166.906,
2025-09-24 20:00:01,,,,,4166906,0,4166906,4166.906,
2025-09-24 21:00:01,,,,,4166906,0,4166906,4166.906,
2025-09-24 22:00:01,,,,,4166906,0,4166906,4166.906,
2025-09-24 23:00:01,,,,,4167156,250,4167156,4167.156,
2025-09-25 00:00:01,,,,,4168338,1182,4168338,4168.338,
2025-09-25 01:00:01,,,,,4169520,1182,4169520,4169.52,
2025-09-25 02:00:01,,,,,4170680,1160,4170680,4170.68,
2025-09-25 03:00:01,,,,,4171895,1215,4171895,4171.895,
2025-09-25 03:36:01,14.43,,,,4172616,721,4172616,4172.616,
2025-09-25 03:37:18,,3.63,,,,,,,-51
2025-09-25 04:00:01,,,,,4173122,506,4173122,4173.122,
2025-09-25 05:00:01,,,,,4174102,980,4174102,4174.102,
2025-09-25 06:00:01,,,,,4174952,850,4174952,4174.952,
2025-09-25 07:00:01,,,,,4174956,4,4174956,4174.956,
2025-09-25 08:00:01,,,,,4174956,0,4174956,4174.956,
2025-09-25 09:00:01,,,,,4174963,7,4174963,4174.963,
2025-09-25 10:00:01,,,,,4174963,0,4174963,4174.963,
2025-09-25 11:00:01,,,,,4174963,0,4174963,4174.963,
2025-09-25 12:00:01,,,,,4174963,0,4174963,4174.963,
2025-09-25 13:00:01,,,,,4174963,0,4174963,4174.963,
2025-09-25 14:00:01,,,,,4174963,0,4174963,4174.963,
2025-09-25 15:00:01,,,,,4174963,0,4174963,4174.963,
2025-09-25 16:00:01,,,,,4174963,0,4174963,4174.963,
2025-09-25 17:00:01,,,,,4174963,0,4174963,4174.963,
2025-09-25 18:00:01,,,,,4174963,0,4174963,4174.963,
2025-09-25 19:00:01,,,,,4174963,0,4174963,4174.963,
2025-09-25 20:00:01,,,,,4174963,0,4174963,4174.963,
2025-09-25 21:00:01,,,,,4174963,0,4174963,4174.963,
2025-09-25 22:00:01,,,,,4174963,0,4174963,4174.963,
2025-09-25 23:00:01,,,,,4175213,250,4175213,4175.213,
2025-09-26 00:00:01,,,,,4176391,1178,4176391,4176.391,
2025-09-26 01:00:01,,,,,4177567,1176,4177567,4177.567,
2025-09-26 02:00:01,,,,,4178763,1196,4178763,4178.763,
2025-09-26 03:00:01,,,,,4180052,1289,4180052,4180.052,
2025-09-26 03:36:01,17.76,,,,4180821,769,4180821,4180.821,
2025-09-26 03:37:08,,3.63,,,,,,,-51
2025-09-26 04:00:01,,,,,4181361,540,4181361,4181.361,
2025-09-26 05:00:01,,,,,4182491,1130,4182491,4182.491,
2025-09-26 06:00:01,,,,,4183486,995,4183486,4183.486,
2025-09-26 07:00:01,,,,,4183533,47,4183533,4183.533,
2025-09-26 08:00:01,,,,,4183533,0,4183533,4183.533,
2025-09-26 09:00:01,,,,,4183533,0,4183533,4183.533,
2025-09-26 10:00:01,,,,,4183533,0,4183533,4183.533,
2025-09-26 11:00:01,,,,,4183533,0,4183533,4183.533,
2025-09-26 12:00:01,,,,,4183533,0,4183533,4183.533,
2025-09-26 13:00:01,,,,,4183533,0,4183533,4183.533,
2025-09-26 14:00:01,,,,,4183533,0,4183533,4183.533,
2025-09-26 15:00:01,,,,,4183533,0,4183533,4183.533,
2025-09-26 16:00:01,,,,,4183533,0,4183533,4183.533,
2025-09-26 17:00:01,,,,,4183533,0,4183533,4183.533,
2025-09-26 18:00:01,,,,,4183533,0,4183533,4183.533,
2025-09-26 19:00:01,,,,,4183533,0,4183533,4183.533,
2025-09-26 20:00:01,,,,,4183533,0,4183533,4183.533,
2025-09-26 21:00:01,,,,,4183533,0,4183533,4183.533,
2025-09-26 22:00:01,,,,,4183534,1,4183534,4183.534,
2025-09-26 23:00:01,,,,,4183534,0,4183534,4183.534,
2025-09-27 00:00:01,,,,,4183534,0,4183534,4183.534,
2025-09-27 01:00:01,,,,,4183534,0,4183534,4183.534,
2025-09-27 02:00:01,,,,,4183534,0,4183534,4183.534,
2025-09-27 03:00:01,,,,,4183534,0,4183534,4183.534,
2025-09-27 03:36:01,19.49,,,,4183534,0,4183534,4183.534,
2025-09-27 03:37:10,,3.63,,,,,,,-51
2025-09-27 04:00:01,,,,,4183534,0,4183534,4183.534,
2025-09-27 05:00:01,,,,,4184001,467,4184001,4184.001,
2025-09-27 06:00:01,,,,,4184003,2,4184003,4184.003,
2025-09-27 07:00:01,,,,,4184003,0,4184003,4184.003,
2025-09-27 08:00:01,,,,,4184003,0,4184003,4184.003,
2025-09-27 09:00:01,,,,,4184003,0,4184003,4184.003,
2025-09-27 10:00:01,,,,,4184003,0,4184003,4184.003,
2025-09-27 11:00:01,,,,,4184003,0,4184003,4184.003,
2025-09-27 12:00:01,,,,,4184003,0,4184003,4184.003,
2025-09-27 13:00:01,,,,,4184003,0,4184003,4184.003,
2025-09-27 14:00:01,,,,,4184003,0,4184003,4184.003,
2025-09-27 15:00:01,,,,,4184003,0,4184003,4184.003,
2025-09-27 16:00:01,,,,,4184003,0,4184003,4184.003,
2025-09-27 17:00:01,,,,,4184003,0,4184003,4184.003,
2025-09-27 18:00:01,,,,,4184003,0,4184003,4184.003,
2025-09-27 19:00:01,,,,,4184003,0,4184003,4184.003,
2025-09-27 20:00:01,,,,,4184003,0,4184003,4184.003,
2025-09-27 21:00:01,,,,,4184003,0,4184003,4184.003,
2025-09-27 22:00:01,,,,,4184003,0,4184003,4184.003,
2025-09-27 23:00:01,,,,,4184118,115,4184118,4184.118,
2025-09-28 00:00:01,,,,,4184362,244,4184362,4184.362,
2025-09-28 01:00:01,,,,,4184362,0,4184362,4184.362,
2025-09-28 02:00:01,,,,,4184362,0,4184362,4184.362,
2025-09-28 03:00:01,,,,,4184362,0,4184362,4184.362,
2025-09-28 03:36:01,19.19,,,,4184362,0,4184362,4184.362,
2025-09-28 03:37:12,,3.63,,,,,,,-51
2025-09-28 04:00:01,,,,,4184624,262,4184624,4184.624,
2025-09-28 05:00:01,,,,,4185179,555,4185179,4185.179,
2025-09-28 06:00:01,,,,,4185183,4,4185183,4185.183,
2025-09-28 07:00:01,,,,,4185183,0,4185183,4185.183,
2025-09-28 08:00:01,,,,,4185183,0,4185183,4185.183,
2025-09-28 09:00:01,,,,,4185183,0,4185183,4185.183,
2025-09-28 10:00:01,,,,,4185183,0,4185183,4185.183,
2025-09-28 11:00:01,,,,,4185183,0,4185183,4185.183,
2025-09-28 12:00:01,,,,,4185183,0,4185183,4185.183,
2025-09-28 13:00:01,,,,,4185183,0,4185183,4185.183,
2025-09-28 14:00:01,,,,,4185183,0,4185183,4185.183,
2025-09-28 15:00:01,,,,,4185183,0,4185183,4185.183,
2025-09-28 16:00:01,,,,,4185183,0,4185183,4185.183,
2025-09-28 17:00:01,,,,,4185183,0,4185183,4185.183,
2025-09-28 18:00:01,,,,,4185183,0,4185183,4185.183,
2025-09-28 19:00:01,,,,,4185183,0,4185183,4185.183,
2025-09-28 20:00:01,,,,,4185183,0,4185183,4185.183,
2025-09-28 21:00:01,,,,,4185183,0,4185183,4185.183,
2025-09-28 22:00:01,,,,,4185183,0,4185183,4185.183,
2025-09-28 23:00:01,,,,,4185433,250,4185433,4185.433,
2025-09-29 00:00:01,,,,,4186599,1166,4186599,4186.599,
2025-09-29 01:00:01,,,,,4187764,1165,4187764,4187.764,
2025-09-29 02:00:01,,,,,4188969,1205,4188969,4188.969,
2025-09-29 03:00:01,,,,,4190209,1240,4190209,4190.209,
2025-09-29 03:36:01,19.42,,,,4190933,724,4190933,4190.933,
2025-09-29 03:37:23,,,"a00077-00008",,,,,,
2025-09-29 03:38:22,,3.64,,,,,,,-50
2025-09-29 04:00:01,,,,,4191323,390,4191323,4191.323,
2025-09-29 05:00:01,,,,,4192350,1027,4192350,4192.35,
2025-09-29 06:00:01,,,,,4192658,308,4192658,4192.658,
2025-09-29 07:00:01,,,,,4192658,0,4192658,4192.658,
2025-09-29 08:00:01,,,,,4192658,0,4192658,4192.658,
2025-09-29 09:00:01,,,,,4192658,0,4192658,4192.658,
2025-09-29 10:00:01,,,,,4192658,0,4192658,4192.658,
2025-09-29 11:00:01,,,,,4192658,0,4192658,4192.658,
2025-09-29 12:00:01,,,,,4192666,8,4192666,4192.666,
2025-09-29 13:00:01,,,,,4192666,0,4192666,4192.666,
2025-09-29 14:00:01,,,,,4192666,0,4192666,4192.666,
2025-09-29 15:00:01,,,,,4192666,0,4192666,4192.666,
2025-09-29 16:00:01,,,,,4192666,0,4192666,4192.666,
2025-09-29 17:00:01,,,,,4192666,0,4192666,4192.666,
2025-09-29 18:00:01,,,,,4192666,0,4192666,4192.666,
2025-09-29 19:00:01,,,,,4192666,0,4192666,4192.666,
2025-09-29 20:00:01,,,,,4192666,0,4192666,4192.666,
2025-09-29 21:00:01,,,,,4192666,0,4192666,4192.666,
2025-09-29 22:00:01,,,,,4192666,0,4192666,4192.666,
2025-09-29 23:00:01,,,,,4192666,0,4192666,4192.666,
2025-09-30 00:00:01,,,,,4192666,0,4192666,4192.666,
2025-09-30 01:00:01,,,,,4192666,0,4192666,4192.666,
2025-09-30 02:00:01,,,,,4192667,1,4192667,4192.667,
2025-09-30 03:00:01,,,,,4192667,0,4192667,4192.667,
2025-09-30 03:36:01,18.63,,,,4192667,0,4192667,4192.667,
2025-09-30 03:37:09,,3.63,,,,,,,-50
2025-09-30 04:00:01,,,,,4192667,0,4192667,4192.667,
2025-09-30 05:00:01,,,,,4192667,0,4192667,4192.667,
2025-09-30 06:00:01,,,,,4192667,0,4192667,4192.667,
2025-09-30 07:00:01,,,,,4192889,222,4192889,4192.889,
2025-09-30 08:00:01,,,,,4193075,186,4193075,4193.075,
2025-09-30 09:00:01,,,,,4193076,1,4193076,4193.076,
2025-09-30 10:00:01,,,,,4193076,0,4193076,4193.076,
2025-09-30 11:00:01,,,,,4193076,0,4193076,4193.076,
2025-09-30 12:00:01,,,,,4193076,0,4193076,4193.076,
2025-09-30 13:00:01,,,,,4193076,0,4193076,4193.076,
2025-09-30 14:00:01,,,,,4193076,0,4193076,4193.076,
2025-09-30 15:00:01,,,,,4193076,0,4193076,4193.076,
2025-09-30 16:00:01,,,,,4193076,0,4193076,4193.076,
2025-09-30 17:00:01,,,,,4193076,0,4193076,4193.076,
2025-09-30 18:00:01,,,,,4193076,0,4193076,4193.076,
2025-09-30 19:00:01,,,,,4193076,0,4193076,4193.076,
2025-09-30 20:00:01,,,,,4193076,0,4193076,4193.076,
2025-09-30 21:00:01,,,,,4193076,0,4193076,4193.076,
2025-09-30 22:00:01,,,,,4193076,0,4193076,4193.076,
2025-09-30 23:00:01,,,,,4193166,90,4193166,4193.166,
2025-10-01 00:00:01,,,,,4193166,0,4193166,4193.166,
2025-10-01 01:00:01,,,,,4193166,0,4193166,4193.166,
2025-10-01 02:00:01,,,,,4193166,0,4193166,4193.166,
2025-10-01 03:00:01,,,,,4193166,0,4193166,4193.166,
2025-10-01 03:36:01,17.74,,,,4193166,0,4193166,4193.166,
2025-10-01 03:37:12,,3.62,,,,,,,-51
2025-10-01 04:00:01,,,,,4193166,0,4193166,4193.166,
2025-10-01 05:00:01,,,,,4193166,0,4193166,4193.166,
2025-10-01 06:00:01,,,,,4193166,0,4193166,4193.166,
2025-10-01 07:00:01,,,,,4193479,313,4193479,4193.479,
2025-10-01 08:00:01,,,,,4193542,63,4193542,4193.542,
2025-10-01 09:00:01,,,,,4193565,23,4193565,4193.565,
2025-10-01 10:00:01,,,,,4193571,6,4193571,4193.571,
2025-10-01 11:00:01,,,,,4193584,13,4193584,4193.584,
2025-10-01 12:00:01,,,,,4193588,4,4193588,4193.588,
2025-10-01 13:00:01,,,,,4193588,0,4193588,4193.588,
2025-10-01 14:00:01,,,,,4193588,0,4193588,4193.588,
2025-10-01 15:00:01,,,,,4193588,0,4193588,4193.588,
2025-10-01 16:00:01,,,,,4193588,0,4193588,4193.588,
2025-10-01 17:00:01,,,,,4193588,0,4193588,4193.588,
2025-10-01 18:00:01,,,,,4193588,0,4193588,4193.588,
2025-10-01 19:00:01,,,,,4193588,0,4193588,4193.588,
2025-10-01 20:00:01,,,,,4193588,0,4193588,4193.588,
2025-10-01 21:00:01,,,,,4193588,0,4193588,4193.588,
2025-10-01 22:00:01,,,,,4193588,0,4193588,4193.588,
2025-10-01 23:00:01,,,,,4193836,248,4193836,4193.836,
2025-10-02 00:00:01,,,,,4195017,1181,4195017,4195.017,
2025-10-02 01:00:01,,,,,4196195,1178,4196195,4196.195,
2025-10-02 02:00:01,,,,,4197349,1154,4197349,4197.349,
2025-10-02 03:00:01,,,,,4198563,1214,4198563,4198.563,
2025-10-02 03:36:01,18.22,,,,4199281,718,4199281,4199.281,
2025-10-02 03:37:13,,3.65,,,,,,,-51
2025-10-02 04:00:01,,,,,4199793,512,4199793,4199.793,
2025-10-02 05:00:01,,,,,4200789,996,4200789,4200.789,
2025-10-02 06:00:01,,,,,4201585,796,4201585,4201.585,
2025-10-02 07:00:01,,,,,4201586,1,4201586,4201.586,
2025-10-02 08:00:01,,,,,4201586,0,4201586,4201.586,
2025-10-02 09:00:01,,,,,4201586,0,4201586,4201.586,
2025-10-02 10:00:01,,,,,4201587,1,4201587,4201.587,
2025-10-02 11:00:01,,,,,4201592,5,4201592,4201.592,
2025-10-02 12:00:01,,,,,4201597,5,4201597,4201.597,
2025-10-02 13:00:01,,,,,4201597,0,4201597,4201.597,
2025-10-02 14:00:01,,,,,4201597,0,4201597,4201.597,
2025-10-02 15:00:01,,,,,4201597,0,4201597,4201.597,
2025-10-02 16:00:01,,,,,4201597,0,4201597,4201.597,
2025-10-02 17:00:01,,,,,4201597,0,4201597,4201.597,
2025-10-02 18:00:01,,,,,4201597,0,4201597,4201.597,
2025-10-02 19:00:01,,,,,4201597,0,4201597,4201.597,
2025-10-02 20:00:01,,,,,4201597,0,4201597,4201.597,
2025-10-02 21:00:01,,,,,4201597,0,4201597,4201.597,
2025-10-02 22:00:01,,,,,4201597,0,4201597,4201.597,
2025-10-02 23:00:01,,,,,4201597,0,4201597,4201.597,
2025-10-03 00:00:01,,,,,4201597,0,4201597,4201.597,
2025-10-03 01:00:01,,,,,4201597,0,4201597,4201.597,
2025-10-03 02:00:01,,,,,4201597,0,4201597,4201.597,
2025-10-03 03:00:01,,,,,4201597,0,4201597,4201.597,
2025-10-03 03:36:01,16.16,,,,4201597,0,4201597,4201.597,
2025-10-03 03:37:15,,3.63,,,,,,,-51
2025-10-03 04:00:01,,,,,4201597,0,4201597,4201.597,
2025-10-03 05:00:01,,,,,4201597,0,4201597,4201.597,
2025-10-03 06:00:01,,,,,4201597,0,4201597,4201.597,
2025-10-03 07:00:01,,,,,4201597,0,4201597,4201.597,
2025-10-03 08:00:01,,,,,4201597,0,4201597,4201.597,
2025-10-03 09:00:01,,,,,4201597,0,4201597,4201.597,
2025-10-03 10:00:01,,,,,4201598,1,4201598,4201.598,
2025-10-03 11:00:01,,,,,4201598,0,4201598,4201.598,
2025-10-03 12:00:01,,,,,4201598,0,4201598,4201.598,
2025-10-03 13:00:01,,,,,4201598,0,4201598,4201.598,
2025-10-03 14:00:01,,,,,4201598,0,4201598,4201.598,
2025-10-03 15:00:01,,,,,4201598,0,4201598,4201.598,
2025-10-03 16:00:01,,,,,4201598,0,4201598,4201.598,
2025-10-03 17:00:01,,,,,4201619,21,4201619,4201.619,
2025-10-03 18:00:01,,,,,4201619,0,4201619,4201.619,
2025-10-03 19:00:01,,,,,4201619,0,4201619,4201.619,
2025-10-03 20:00:01,,,,,4201619,0,4201619,4201.619,
2025-10-03 21:00:01,,,,,4201619,0,4201619,4201.619,
2025-10-03 22:00:01,,,,,4201619,0,4201619,4201.619,
2025-10-03 23:00:01,,,,,4202135,516,4202135,4202.135,
2025-10-04 00:00:01,,,,,4203307,1172,4203307,4203.307,
2025-10-04 01:00:01,,,,,4204479,1172,4204479,4204.479,
2025-10-04 02:00:01,,,,,4205628,1149,4205628,4205.628,
2025-10-04 03:00:01,,,,,4206818,1190,4206818,4206.818,
2025-10-04 03:36:01,16.66,,,,4207537,719,4207537,4207.537,
2025-10-04 03:37:13,,3.64,,,,,,,-51
2025-10-04 04:00:01,,,,,4208033,496,4208033,4208.033,
2025-10-04 05:00:01,,,,,4209040,1007,4209040,4209.04,
2025-10-04 06:00:01,,,,,4209888,848,4209888,4209.888,
2025-10-04 07:00:01,,,,,4209893,5,4209893,4209.893,
2025-10-04 08:00:01,,,,,4209893,0,4209893,4209.893,
2025-10-04 09:00:01,,,,,4209893,0,4209893,4209.893,
2025-10-04 10:00:01,,,,,4209893,0,4209893,4209.893,
2025-10-04 11:00:01,,,,,4209893,0,4209893,4209.893,
2025-10-04 12:00:01,,,,,4209893,0,4209893,4209.893,
2025-10-04 13:00:01,,,,,4209893,0,4209893,4209.893,
2025-10-04 14:00:01,,,,,4209893,0,4209893,4209.893,
2025-10-04 15:00:01,,,,,4209893,0,4209893,4209.893,
2025-10-04 16:00:01,,,,,4209893,0,4209893,4209.893,
2025-10-04 17:00:01,,,,,4209893,0,4209893,4209.893,
2025-10-04 18:00:01,,,,,4209893,0,4209893,4209.893,
2025-10-04 19:00:01,,,,,4209893,0,4209893,4209.893,
2025-10-04 20:00:01,,,,,4209893,0,4209893,4209.893,
2025-10-04 21:00:01,,,,,4209893,0,4209893,4209.893,
2025-10-04 22:00:01,,,,,4209893,0,4209893,4209.893,
2025-10-04 23:00:01,,,,,4209893,0,4209893,4209.893,
2025-10-05 00:00:01,,,,,4209893,0,4209893,4209.893,
2025-10-05 01:00:01,,,,,4209894,1,4209894,4209.894,
2025-10-05 03:00:01,,,,,4209894,0,4209894,4209.894,
2025-10-05 04:00:01,,,,,4209894,0,4209894,4209.894,
2025-10-05 04:36:01,19.24,,,,4209894,0,4209894,4209.894,
2025-10-05 04:37:18,,3.63,,,,,,,-51
2025-10-05 05:00:01,,,,,4210157,263,4210157,4210.157,
2025-10-05 06:00:01,,,,,4210649,492,4210649,4210.649,
2025-10-05 07:00:01,,,,,4210649,0,4210649,4210.649,
2025-10-05 08:00:01,,,,,4210649,0,4210649,4210.649,
2025-10-05 09:00:01,,,,,4210649,0,4210649,4210.649,
2025-10-05 10:00:01,,,,,4210649,0,4210649,4210.649,
2025-10-05 11:00:01,,,,,4210649,0,4210649,4210.649,
2025-10-05 12:00:01,,,,,4210649,0,4210649,4210.649,
2025-10-05 13:00:01,,,,,4210649,0,4210649,4210.649,
2025-10-05 14:00:01,,,,,4210649,0,4210649,4210.649,
2025-10-05 15:00:01,,,,,4210649,0,4210649,4210.649,
2025-10-05 16:00:01,,,,,4210649,0,4210649,4210.649,
2025-10-05 17:00:01,,,,,4210649,0,4210649,4210.649,
2025-10-05 18:00:01,,,,,4210649,0,4210649,4210.649,
2025-10-05 19:00:01,,,,,4210649,0,4210649,4210.649,
2025-10-05 20:00:01,,,,,4210649,0,4210649,4210.649,
2025-10-05 21:00:01,,,,,4210649,0,4210649,4210.649,
2025-10-05 22:00:01,,,,,4210649,0,4210649,4210.649,
2025-10-05 23:00:01,,,,,4210889,240,4210889,4210.889,
2025-10-06 00:00:01,,,,,4212112,1223,4212112,4212.112,
2025-10-06 01:00:01,,,,,4213283,1171,4213283,4213.283,
2025-10-06 02:00:01,,,,,4214437,1154,4214437,4214.437,
2025-10-06 03:00:01,,,,,4215639,1202,4215639,4215.639,
2025-10-06 04:00:01,,,,,4216796,1157,4216796,4216.796,
2025-10-06 04:36:01,22.2,,,,4217345,549,4217345,4217.345,
2025-10-06 04:37:13,,3.64,,,,,,,-52
2025-10-06 05:00:01,,,,,4217729,384,4217729,4217.729,
2025-10-06 06:00:01,,,,,4218159,430,4218159,4218.159,
2025-10-06 07:00:01,,,,,4218159,0,4218159,4218.159,
2025-10-06 08:00:01,,,,,4218159,0,4218159,4218.159,
2025-10-06 09:00:01,,,,,4218159,0,4218159,4218.159,
2025-10-06 10:00:01,,,,,4218159,0,4218159,4218.159,
2025-10-06 11:00:01,,,,,4218159,0,4218159,4218.159,
2025-10-06 12:00:01,,,,,4218159,0,4218159,4218.159,
2025-10-06 13:00:01,,,,,4218159,0,4218159,4218.159,
2025-10-06 14:00:01,,,,,4218159,0,4218159,4218.159,
2025-10-06 15:00:01,,,,,4218159,0,4218159,4218.159,
2025-10-06 16:00:01,,,,,4218159,0,4218159,4218.159,
2025-10-06 17:00:01,,,,,4218159,0,4218159,4218.159,
2025-10-06 18:00:01,,,,,4218159,0,4218159,4218.159,
2025-10-06 19:00:01,,,,,4218159,0,4218159,4218.159,
2025-10-06 20:00:01,,,,,4218159,0,4218159,4218.159,
2025-10-06 21:00:01,,,,,4218159,0,4218159,4218.159,
2025-10-06 22:00:01,,,,,4218159,0,4218159,4218.159,
2025-10-06 23:00:01,,,,,4218159,0,4218159,4218.159,
2025-10-07 00:00:01,,,,,4218159,0,4218159,4218.159,
2025-10-07 01:00:01,,,,,4218159,0,4218159,4218.159,
2025-10-07 02:00:01,,,,,4218159,0,4218159,4218.159,
2025-10-07 03:00:01,,,,,4218159,0,4218159,4218.159,
2025-10-07 04:00:01,,,,,4218159,0,4218159,4218.159,
2025-10-07 04:36:01,17.16,,,,4218159,0,4218159,4218.159,
2025-10-07 04:37:18,,3.63,,,,,,,-51
2025-10-07 05:00:01,,,,,4218159,0,4218159,4218.159,
2025-10-07 06:00:01,,,,,4218159,0,4218159,4218.159,
2025-10-07 07:00:01,,,,,4218159,0,4218159,4218.159,
2025-10-07 08:00:01,,,,,4218159,0,4218159,4218.159,
2025-10-07 09:00:01,,,,,4218192,33,4218192,4218.192,
2025-10-07 10:00:01,,,,,4218235,43,4218235,4218.235,
2025-10-07 11:00:01,,,,,4218319,84,4218319,4218.319,
2025-10-07 12:00:01,,,,,4218421,102,4218421,4218.421,
2025-10-07 13:00:01,,,,,4218449,28,4218449,4218.449,
2025-10-07 14:00:01,,,,,4218505,56,4218505,4218.505,
2025-10-07 15:00:01,,,,,4218505,0,4218505,4218.505,
2025-10-07 16:00:01,,,,,4218505,0,4218505,4218.505,
2025-10-07 17:00:01,,,,,4218505,0,4218505,4218.505,
2025-10-07 18:00:01,,,,,4218505,0,4218505,4218.505,
2025-10-07 19:00:01,,,,,4218505,0,4218505,4218.505,
2025-10-07 20:00:01,,,,,4218505,0,4218505,4218.505,
2025-10-07 21:00:01,,,,,4218505,0,4218505,4218.505,
2025-10-07 22:00:01,,,,,4218505,0,4218505,4218.505,
2025-10-07 23:00:01,,,,,4218744,239,4218744,4218.744,
2025-10-08 00:00:01,,,,,4219962,1218,4219962,4219.962,
2025-10-08 01:00:01,,,,,4221128,1166,4221128,4221.128,
2025-10-08 02:00:01,,,,,4222276,1148,4222276,4222.276,
2025-10-08 03:00:01,,,,,4223471,1195,4223471,4223.471,
2025-10-08 04:00:01,,,,,4224615,1144,4224615,4224.615,
2025-10-08 04:36:01,17.57,,,,4225159,544,4225159,4225.159,
2025-10-08 04:37:08,,3.63,,,,,,,-51
2025-10-08 05:00:01,,,,,4225544,385,4225544,4225.544,
2025-10-08 06:00:01,,,,,4225963,419,4225963,4225.963,
2025-10-08 07:00:01,,,,,4225963,0,4225963,4225.963,
2025-10-08 08:00:01,,,,,4225963,0,4225963,4225.963,
2025-10-08 09:00:01,,,,,4225963,0,4225963,4225.963,
2025-10-08 10:00:01,,,,,4225963,0,4225963,4225.963,
2025-10-08 11:00:01,,,,,4225963,0,4225963,4225.963,
2025-10-08 12:00:01,,,,,4225963,0,4225963,4225.963,
2025-10-08 13:00:01,,,,,4225963,0,4225963,4225.963,
2025-10-08 14:00:01,,,,,4225963,0,4225963,4225.963,
2025-10-08 15:00:01,,,,,4225963,0,4225963,4225.963,
2025-10-08 16:00:01,,,,,4225963,0,4225963,4225.963,
2025-10-08 17:00:01,,,,,4225963,0,4225963,4225.963,
2025-10-08 18:00:01,,,,,4225963,0,4225963,4225.963,
2025-10-08 19:00:01,,,,,4225963,0,4225963,4225.963,
2025-10-08 20:00:01,,,,,4225963,0,4225963,4225.963,
2025-10-08 21:00:01,,,,,4225963,0,4225963,4225.963,
2025-10-08 22:00:01,,,,,4225963,0,4225963,4225.963,
2025-10-08 23:00:01,,,,,4226202,239,4226202,4226.202,
2025-10-09 00:00:01,,,,,4227410,1208,4227410,4227.41,
2025-10-09 01:00:01,,,,,4228568,1158,4228568,4228.568,
2025-10-09 02:00:01,,,,,4229713,1145,4229713,4229.713,
2025-10-09 03:00:01,,,,,4230903,1190,4230903,4230.903,
2025-10-09 04:00:01,,,,,4231997,1094,4231997,4231.997,
2025-10-09 04:36:01,22.73,,,,4232539,542,4232539,4232.539,
2025-10-09 04:37:18,,3.64,,,,,,,-52
2025-10-09 05:00:01,,,,,4232947,408,4232947,4232.947,
2025-10-09 06:00:01,,,,,4233201,254,4233201,4233.201,
2025-10-09 07:00:01,,,,,4233201,0,4233201,4233.201,
2025-10-09 08:00:01,,,,,4233201,0,4233201,4233.201,
2025-10-09 09:00:01,,,,,4233201,0,4233201,4233.201,
2025-10-09 10:00:01,,,,,4233207,6,4233207,4233.207,
2025-10-09 11:00:01,,,,,4233294,87,4233294,4233.294,
2025-10-09 12:00:01,,,,,4233352,58,4233352,4233.352,
2025-10-09 13:00:01,,,,,4233376,24,4233376,4233.376,
2025-10-09 14:00:01,,,,,4233404,28,4233404,4233.404,
2025-10-09 15:00:01,,,,,4233404,0,4233404,4233.404,
2025-10-09 16:00:01,,,,,4233404,0,4233404,4233.404,
2025-10-09 17:00:01,,,,,4233404,0,4233404,4233.404,
2025-10-09 18:00:01,,,,,4233404,0,4233404,4233.404,
2025-10-09 19:00:01,,,,,4233404,0,4233404,4233.404,
2025-10-09 20:00:01,,,,,4233404,0,4233404,4233.404,
2025-10-09 21:00:01,,,,,4233404,0,4233404,4233.404,
2025-10-09 22:00:01,,,,,4233404,0,4233404,4233.404,
2025-10-09 23:00:01,,,,,4233404,0,4233404,4233.404,
2025-10-10 00:00:01,,,,,4233404,0,4233404,4233.404,
2025-10-10 01:00:01,,,,,4233404,0,4233404,4233.404,
2025-10-10 02:00:01,,,,,4233404,0,4233404,4233.404,
2025-10-10 03:00:01,,,,,4233404,0,4233404,4233.404,
2025-10-10 04:00:01,,,,,4233404,0,4233404,4233.404,
2025-10-10 04:36:01,20.44,,,,4233404,0,4233404,4233.404,
2025-10-10 04:37:07,,3.63,,,,,,,-50
2025-10-10 05:00:01,,,,,4233404,0,4233404,4233.404,
2025-10-10 06:00:01,,,,,4233501,97,4233501,4233.501,
2025-10-10 07:00:01,,,,,4233501,0,4233501,4233.501,
2025-10-10 08:00:01,,,,,4233501,0,4233501,4233.501,
2025-10-10 09:00:01,,,,,4233501,0,4233501,4233.501,
2025-10-10 10:00:01,,,,,4233501,0,4233501,4233.501,
2025-10-10 11:00:01,,,,,4233501,0,4233501,4233.501,
2025-10-10 12:00:01,,,,,4233501,0,4233501,4233.501,
2025-10-10 13:00:01,,,,,4233520,19,4233520,4233.52,
2025-10-10 14:00:01,,,,,4233520,0,4233520,4233.52,
2025-10-10 15:00:01,,,,,4233520,0,4233520,4233.52,
2025-10-10 16:00:01,,,,,4233520,0,4233520,4233.52,
2025-10-10 17:00:01,,,,,4233520,0,4233520,4233.52,
2025-10-10 18:00:01,,,,,4233520,0,4233520,4233.52,
2025-10-10 19:00:01,,,,,4233520,0,4233520,4233.52,
2025-10-10 20:00:01,,,,,4233520,0,4233520,4233.52,
2025-10-10 21:00:01,,,,,4233520,0,4233520,4233.52,
2025-10-10 22:00:01,,,,,4233520,0,4233520,4233.52,
2025-10-10 23:00:01,,,,,4233758,238,4233758,4233.758,
2025-10-11 00:00:01,,,,,4234973,1215,4234973,4234.973,
2025-10-11 01:00:01,,,,,4236137,1164,4236137,4236.137,
2025-10-11 02:00:01,,,,,4237288,1151,4237288,4237.288,
2025-10-11 03:00:01,,,,,4238483,1195,4238483,4238.483,
2025-10-11 04:00:01,,,,,4239577,1094,4239577,4239.577,
2025-10-11 04:36:01,21.3,,,,4240123,546,4240123,4240.123,
2025-10-11 04:37:08,,3.64,,,,,,,-51
2025-10-11 05:00:01,,,,,4240536,413,4240536,4240.536,
2025-10-11 06:00:01,,,,,4240744,208,4240744,4240.744,
2025-10-11 07:00:01,,,,,4240744,0,4240744,4240.744,
2025-10-11 08:00:01,,,,,4240744,0,4240744,4240.744,
2025-10-11 09:00:01,,,,,4240744,0,4240744,4240.744,
2025-10-11 10:00:01,,,,,4240744,0,4240744,4240.744,
2025-10-11 11:00:01,,,,,4240744,0,4240744,4240.744,
2025-10-11 12:00:01,,,,,4240744,0,4240744,4240.744,
2025-10-11 13:00:01,,,,,4240744,0,4240744,4240.744,
2025-10-11 14:00:01,,,,,4240744,0,4240744,4240.744,
2025-10-11 15:00:01,,,,,4240744,0,4240744,4240.744,
2025-10-11 16:00:01,,,,,4240744,0,4240744,4240.744,
2025-10-11 17:00:01,,,,,4240744,0,4240744,4240.744,
2025-10-11 18:00:01,,,,,4240744,0,4240744,4240.744,
2025-10-11 19:00:01,,,,,4240744,0,4240744,4240.744,
2025-10-11 20:00:01,,,,,4240744,0,4240744,4240.744,
2025-10-11 21:00:01,,,,,4240744,0,4240744,4240.744,
2025-10-11 22:00:01,,,,,4240744,0,4240744,4240.744,
2025-10-11 23:00:01,,,,,4241260,516,4241260,4241.26,
2025-10-12 00:00:01,,,,,4242421,1161,4242421,4242.421,
2025-10-12 01:00:01,,,,,4243571,1150,4243571,4243.571,
2025-10-12 02:00:01,,,,,4244696,1125,4244696,4244.696,
2025-10-12 03:00:01,,,,,4245880,1184,4245880,4245.88,
2025-10-12 04:00:01,,,,,4247056,1176,4247056,4247.056,
2025-10-12 04:36:01,22.11,,,,4247608,552,4247608,4247.608,
2025-10-12 04:37:11,,3.63,,,,,,,-51
2025-10-12 05:00:01,,,,,4247965,357,4247965,4247.965,
2025-10-12 06:00:01,,,,,4248428,463,4248428,4248.428,
2025-10-12 07:00:01,,,,,4248428,0,4248428,4248.428,
2025-10-12 08:00:01,,,,,4248434,6,4248434,4248.434,
2025-10-12 09:00:01,,,,,4248439,5,4248439,4248.439,
2025-10-12 10:00:01,,,,,4248439,0,4248439,4248.439,
2025-10-12 11:00:01,,,,,4248439,0,4248439,4248.439,
2025-10-12 12:00:01,,,,,4248439,0,4248439,4248.439,
2025-10-12 13:00:01,,,,,4248439,0,4248439,4248.439,
2025-10-12 14:00:01,,,,,4248439,0,4248439,4248.439,
2025-10-12 15:00:01,,,,,4248439,0,4248439,4248.439,
2025-10-12 16:00:01,,,,,4248439,0,4248439,4248.439,
2025-10-12 17:00:01,,,,,4248439,0,4248439,4248.439,
2025-10-12 18:00:01,,,,,4248439,0,4248439,4248.439,
2025-10-12 19:00:01,,,,,4248439,0,4248439,4248.439,
2025-10-12 20:00:01,,,,,4248439,0,4248439,4248.439,
2025-10-12 21:00:01,,,,,4248439,0,4248439,4248.439,
2025-10-12 22:00:01,,,,,4248439,0,4248439,4248.439,
2025-10-12 23:00:01,,,,,4248954,515,4248954,4248.954,
2025-10-13 00:00:01,,,,,4250108,1154,4250108,4250.108,
2025-10-13 01:00:01,,,,,4251250,1142,4251250,4251.25,
2025-10-13 02:00:01,,,,,4252370,1120,4252370,4252.37,
2025-10-13 03:00:01,,,,,4253549,1179,4253549,4253.549,
2025-10-13 04:00:01,,,,,4254723,1174,4254723,4254.723,
2025-10-13 04:36:01,20.9,,,,4255278,555,4255278,4255.278,
2025-10-13 04:37:08,,3.64,,,,,,,-51
2025-10-13 05:00:01,,,,,4255636,358,4255636,4255.636,
2025-10-13 06:00:01,,,,,4256428,792,4256428,4256.428,
2025-10-13 07:00:01,,,,,4256505,77,4256505,4256.505,
2025-10-13 08:00:01,,,,,4256505,0,4256505,4256.505,
2025-10-13 09:00:01,,,,,4256505,0,4256505,4256.505,
2025-10-13 10:00:01,,,,,4256505,0,4256505,4256.505,
2025-10-13 11:00:01,,,,,4256505,0,4256505,4256.505,
2025-10-13 12:00:01,,,,,4256535,30,4256535,4256.535,
2025-10-13 13:00:01,,,,,4256545,10,4256545,4256.545,
2025-10-13 14:00:01,,,,,4256565,20,4256565,4256.565,
2025-10-13 15:00:01,,,,,4256592,27,4256592,4256.592,
2025-10-13 16:00:01,,,,,4256594,2,4256594,4256.594,
2025-10-13 17:00:01,,,,,4256638,44,4256638,4256.638,
2025-10-13 18:00:01,,,,,4256647,9,4256647,4256.647,
2025-10-13 19:00:01,,,,,4256647,0,4256647,4256.647,
2025-10-13 20:00:01,,,,,4256647,0,4256647,4256.647,
2025-10-13 21:00:01,,,,,4256647,0,4256647,4256.647,
2025-10-13 22:00:01,,,,,4256647,0,4256647,4256.647,
2025-10-13 23:00:01,,,,,4257159,512,4257159,4257.159,
2025-10-14 00:00:01,,,,,4258305,1146,4258305,4258.305,
2025-10-14 01:00:01,,,,,4259446,1141,4259446,4259.446,
2025-10-14 02:00:01,,,,,4260574,1128,4260574,4260.574,
2025-10-14 03:00:01,,,,,4261752,1178,4261752,4261.752,
2025-10-14 04:00:01,,,,,4262882,1130,4262882,4262.882,
2025-10-14 04:36:01,20.58,,,,4263424,542,4263424,4263.424,
2025-10-14 04:37:13,,3.64,,,,,,,-51
2025-10-14 05:00:01,,,,,4263800,376,4263800,4263.8,
2025-10-14 06:00:01,,,,,4264198,398,4264198,4264.198,
2025-10-14 07:00:01,,,,,4264283,85,4264283,4264.283,
2025-10-14 08:00:01,,,,,4264287,4,4264287,4264.287,
2025-10-14 09:00:01,,,,,4264287,0,4264287,4264.287,
2025-10-14 10:00:01,,,,,4264287,0,4264287,4264.287,
2025-10-14 11:00:01,,,,,4264290,3,4264290,4264.29,
2025-10-14 12:00:01,,,,,4264290,0,4264290,4264.29,
2025-10-14 13:00:01,,,,,4264290,0,4264290,4264.29,
2025-10-14 14:00:01,,,,,4264309,19,4264309,4264.309,
2025-10-14 15:00:01,,,,,4264317,8,4264317,4264.317,
2025-10-14 16:00:01,,,,,4264345,28,4264345,4264.345,
2025-10-14 17:00:01,,,,,4264345,0,4264345,4264.345,
2025-10-14 18:00:01,,,,,4264345,0,4264345,4264.345,
2025-10-14 19:00:01,,,,,4264345,0,4264345,4264.345,
2025-10-14 20:00:01,,,,,4264345,0,4264345,4264.345,
2025-10-14 21:00:01,,,,,4264345,0,4264345,4264.345,
2025-10-14 22:00:01,,,,,4264345,0,4264345,4264.345,
2025-10-14 23:00:01,,,,,4264858,513,4264858,4264.858,
2025-10-15 00:00:01,,,,,4266008,1150,4266008,4266.008,
2025-10-15 01:00:01,,,,,4267145,1137,4267145,4267.145,
2025-10-15 02:00:01,,,,,4268278,1133,4268278,4268.278,
2025-10-15 03:00:01,,,,,4269448,1170,4269448,4269.448,
2025-10-15 04:00:01,,,,,4270567,1119,4270567,4270.567,
2025-10-15 04:36:01,21.36,,,,4271101,534,4271101,4271.101,
2025-10-15 04:37:16,,3.64,,,,,,,-52
2025-10-15 05:00:01,,,,,4271496,395,4271496,4271.496,
2025-10-15 06:00:01,,,,,4271716,220,4271716,4271.716,
2025-10-15 07:00:01,,,,,4271762,46,4271762,4271.762,
2025-10-15 08:00:01,,,,,4271790,28,4271790,4271.79,
2025-10-15 09:00:01,,,,,4271816,26,4271816,4271.816,
2025-10-15 10:00:01,,,,,4271843,27,4271843,4271.843,
2025-10-15 11:00:01,,,,,4271868,25,4271868,4271.868,
2025-10-15 12:00:01,,,,,4271881,13,4271881,4271.881,
2025-10-15 13:00:01,,,,,4271881,0,4271881,4271.881,
2025-10-15 14:00:01,,,,,4271881,0,4271881,4271.881,
2025-10-15 15:00:01,,,,,4271881,0,4271881,4271.881,
2025-10-15 16:00:01,,,,,4271881,0,4271881,4271.881,
2025-10-15 17:00:01,,,,,4271881,0,4271881,4271.881,
2025-10-15 18:00:01,,,,,4271881,0,4271881,4271.881,
2025-10-15 19:00:01,,,,,4271881,0,4271881,4271.881,
2025-10-15 20:00:01,,,,,4271919,38,4271919,4271.919,
2025-10-15 21:00:01,,,,,4271919,0,4271919,4271.919,
2025-10-15 22:00:01,,,,,4271919,0,4271919,4271.919,
2025-10-15 23:00:01,,,,,4271919,0,4271919,4271.919,
2025-10-16 00:00:01,,,,,4271919,0,4271919,4271.919,
2025-10-16 01:00:01,,,,,4271919,0,4271919,4271.919,
2025-10-16 02:00:01,,,,,4271919,0,4271919,4271.919,
2025-10-16 03:00:01,,,,,4272370,451,4272370,4272.37,
2025-10-16 04:00:01,,,,,4273234,864,4273234,4273.234,
2025-10-16 04:36:01,22.02,,,,4273625,391,4273625,4273.625,
2025-10-16 04:37:07,,3.65,,,,,,,-51
2025-10-16 05:00:01,,,,,4273687,62,4273687,4273.687,
2025-10-16 06:00:01,,,,,4273695,8,4273695,4273.695,
2025-10-16 07:00:01,,,,,4273805,110,4273805,4273.805,
2025-10-16 08:00:01,,,,,4273830,25,4273830,4273.83,
2025-10-16 09:00:01,,,,,4273855,25,4273855,4273.855,
2025-10-16 10:00:01,,,,,4273881,26,4273881,4273.881,
2025-10-16 11:00:01,,,,,4273905,24,4273905,4273.905,
2025-10-16 12:00:01,,,,,4273928,23,4273928,4273.928,
2025-10-16 13:00:01,,,,,4273945,17,4273945,4273.945,
2025-10-16 14:00:01,,,,,4274003,58,4274003,4274.003,
2025-10-16 15:00:01,,,,,4274327,324,4274327,4274.327,
2025-10-16 16:00:01,,,,,4274334,7,4274334,4274.334,
2025-10-16 17:00:01,,,,,4274334,0,4274334,4274.334,
2025-10-16 18:00:01,,,,,4274334,0,4274334,4274.334,
2025-10-16 19:00:01,,,,,4274337,3,4274337,4274.337,
2025-10-16 20:00:01,,,,,4274341,4,4274341,4274.341,
2025-10-16 21:00:01,,,,,4274341,0,4274341,4274.341,
2025-10-16 22:00:01,,,,,4274341,0,4274341,4274.341,
2025-10-16 23:00:01,,,,,4274341,0,4274341,4274.341,
2025-10-17 00:00:01,,,,,4274341,0,4274341,4274.341,
2025-10-17 01:00:01,,,,,4274341,0,4274341,4274.341,
2025-10-17 02:00:01,,,,,4274341,0,4274341,4274.341,
2025-10-17 03:00:01,,,,,4274341,0,4274341,4274.341,
2025-10-17 04:00:01,,,,,4274711,370,4274711,4274.711,
2025-10-17 04:36:01,23.6,,,,4275094,383,4275094,4275.094,
2025-10-17 04:37:08,,3.64,,,,,,,-51
2025-10-17 05:00:01,,,,,4275129,35,4275129,4275.129,
2025-10-17 06:00:01,,,,,4275157,28,4275157,4275.157,
2025-10-17 07:00:01,,,,,4275181,24,4275181,4275.181,
2025-10-17 08:00:01,,,,,4275203,22,4275203,4275.203,
2025-10-17 09:00:01,,,,,4275229,26,4275229,4275.229,
2025-10-17 10:00:01,,,,,4275259,30,4275259,4275.259,
2025-10-17 11:00:01,,,,,4275291,32,4275291,4275.291,
2025-10-17 12:00:01,,,,,4275315,24,4275315,4275.315,
2025-10-17 13:00:01,,,,,4275341,26,4275341,4275.341,
2025-10-17 14:00:01,,,,,4275341,0,4275341,4275.341,
2025-10-17 15:00:01,,,,,4275353,12,4275353,4275.353,
2025-10-17 16:00:01,,,,,4275372,19,4275372,4275.372,
2025-10-17 17:00:01,,,,,4275382,10,4275382,4275.382,
2025-10-17 18:00:01,,,,,4275382,0,4275382,4275.382,
2025-10-17 19:00:01,,,,,4275382,0,4275382,4275.382,
2025-10-17 20:00:01,,,,,4275382,0,4275382,4275.382,
2025-10-17 21:00:01,,,,,4275382,0,4275382,4275.382,
2025-10-17 22:00:01,,,,,4275382,0,4275382,4275.382,
2025-10-17 23:00:01,,,,,4275887,505,4275887,4275.887,
2025-10-18 00:00:01,,,,,4277067,1180,4277067,4277.067,
2025-10-18 01:00:01,,,,,4278199,1132,4278199,4278.199,
2025-10-18 02:00:01,,,,,4279339,1140,4279339,4279.339,
2025-10-18 03:00:01,,,,,4280498,1159,4280498,4280.498,
2025-10-18 04:00:01,,,,,4281475,977,4281475,4281.475,
2025-10-18 04:36:01,24.84,,,,4282002,527,4282002,4282.002,
2025-10-18 04:37:11,,3.64,,,,,,,-52
2025-10-18 05:00:01,,,,,4282391,389,4282391,4282.391,
2025-10-18 06:00:01,,,,,4282587,196,4282587,4282.587,
2025-10-18 07:00:01,,,,,4282587,0,4282587,4282.587,
2025-10-18 08:00:01,,,,,4282587,0,4282587,4282.587,
2025-10-18 09:00:01,,,,,4282587,0,4282587,4282.587,
2025-10-18 10:00:01,,,,,4282587,0,4282587,4282.587,
2025-10-18 11:00:01,,,,,4282587,0,4282587,4282.587,
2025-10-18 12:00:01,,,,,4282587,0,4282587,4282.587,
2025-10-18 13:00:01,,,,,4282587,0,4282587,4282.587,
2025-10-18 14:00:01,,,,,4282587,0,4282587,4282.587,
2025-10-18 15:00:01,,,,,4282587,0,4282587,4282.587,
2025-10-18 16:00:01,,,,,4282587,0,4282587,4282.587,
2025-10-18 17:00:01,,,,,4282587,0,4282587,4282.587,
2025-10-18 18:00:01,,,,,4282587,0,4282587,4282.587,
2025-10-18 19:00:01,,,,,4282587,0,4282587,4282.587,
2025-10-18 20:00:01,,,,,4282587,0,4282587,4282.587,
2025-10-18 21:00:01,,,,,4282587,0,4282587,4282.587,
2025-10-18 22:00:01,,,,,4282587,0,4282587,4282.587,
2025-10-18 23:00:01,,,,,4282587,0,4282587,4282.587,
2025-10-19 00:00:01,,,,,4282587,0,4282587,4282.587,
2025-10-19 01:00:01,,,,,4282587,0,4282587,4282.587,
2025-10-19 02:00:01,,,,,4282588,1,4282588,4282.588,
2025-10-19 03:00:01,,,,,4283027,439,4283027,4283.027,
2025-10-19 04:00:01,,,,,4284158,1131,4284158,4284.158,
2025-10-19 04:36:01,22.7,,,,4284711,553,4284711,4284.711,
2025-10-19 04:37:07,,3.64,,,,,,,-52
2025-10-19 05:00:01,,,,,4284909,198,4284909,4284.909,
2025-10-19 06:00:01,,,,,4284947,38,4284947,4284.947,
2025-10-19 07:00:01,,,,,4284947,0,4284947,4284.947,
2025-10-19 08:00:01,,,,,4284954,7,4284954,4284.954,
2025-10-19 09:00:01,,,,,4284954,0,4284954,4284.954,
2025-10-19 10:00:01,,,,,4284954,0,4284954,4284.954,
2025-10-19 11:00:01,,,,,4284954,0,4284954,4284.954,
2025-10-19 12:00:01,,,,,4284954,0,4284954,4284.954,
2025-10-19 13:00:01,,,,,4284954,0,4284954,4284.954,
2025-10-19 14:00:01,,,,,4284954,0,4284954,4284.954,
2025-10-19 15:00:01,,,,,4284954,0,4284954,4284.954,
2025-10-19 16:00:01,,,,,4284954,0,4284954,4284.954,
2025-10-19 17:00:01,,,,,4284954,0,4284954,4284.954,
2025-10-19 18:00:01,,,,,4284958,4,4284958,4284.958,
2025-10-19 19:00:01,,,,,4284958,0,4284958,4284.958,
2025-10-19 20:00:01,,,,,4284958,0,4284958,4284.958,
2025-10-19 21:00:01,,,,,4284958,0,4284958,4284.958,
2025-10-19 22:00:01,,,,,4284958,0,4284958,4284.958,
2025-10-19 23:00:01,,,,,4285460,502,4285460,4285.46,
2025-10-20 00:00:01,,,,,4286636,1176,4286636,4286.636,
2025-10-20 01:00:01,,,,,4287764,1128,4287764,4287.764,
2025-10-20 02:00:01,,,,,4288902,1138,4288902,4288.902,
2025-10-20 03:00:01,,,,,4290060,1158,4290060,4290.06,
2025-10-20 04:00:01,,,,,4291033,973,4291033,4291.033,
2025-10-20 04:36:01,24.92,,,,4291595,562,4291595,4291.595,
2025-10-20 04:37:23,,3.65,,,,,,,-52
2025-10-20 05:00:01,,,,,4292006,411,4292006,4292.006,
2025-10-20 06:00:01,,,,,4292339,333,4292339,4292.339,
2025-10-20 07:00:01,,,,,4292339,0,4292339,4292.339,
2025-10-20 08:00:01,,,,,4292340,1,4292340,4292.34,
2025-10-20 09:00:01,,,,,4292342,2,4292342,4292.342,
2025-10-20 10:00:01,,,,,4292342,0,4292342,4292.342,
2025-10-20 11:00:01,,,,,4292342,0,4292342,4292.342,
2025-10-20 12:00:01,,,,,4292363,21,4292363,4292.363,
2025-10-20 13:00:01,,,,,4292412,49,4292412,4292.412,
2025-10-20 14:00:01,,,,,4292477,65,4292477,4292.477,
2025-10-20 15:00:01,,,,,4292589,112,4292589,4292.589,
2025-10-20 16:00:01,,,,,4292600,11,4292600,4292.6,
2025-10-20 17:00:01,,,,,4292600,0,4292600,4292.6,
2025-10-20 18:00:01,,,,,4292600,0,4292600,4292.6,
2025-10-20 19:00:01,,,,,4292600,0,4292600,4292.6,
2025-10-20 20:00:01,,,,,4292600,0,4292600,4292.6,
2025-10-20 21:00:01,,,,,4292600,0,4292600,4292.6,
2025-10-20 22:00:01,,,,,4292600,0,4292600,4292.6,
2025-10-20 23:00:01,,,,,4293104,504,4293104,4293.104,
2025-10-21 00:00:01,,,,,4294283,1179,4294283,4294.283,
2025-10-21 01:00:01,,,,,4295413,1130,4295413,4295.413,
2025-10-21 02:00:01,,,,,4296540,1127,4296540,4296.54,
2025-10-21 03:00:01,,,,,4297696,1156,4297696,4297.696,
2025-10-21 04:00:01,,,,,4298760,1064,4298760,4298.76,
2025-10-21 04:36:01,26.93,,,,4299302,542,4299302,4299.302,
2025-10-21 04:37:23,,,"a00077-00008",,,,,,
2025-10-21 04:38:22,,3.63,,,,,,,-52
2025-10-21 05:00:01,,,,,4299662,360,4299662,4299.662,
2025-10-21 06:00:01,,,,,4300265,603,4300265,4300.265,
2025-10-21 07:00:01,,,,,4300374,109,4300374,4300.374,
2025-10-21 08:00:01,,,,,4300463,89,4300463,4300.463,
2025-10-21 09:00:01,,,,,4300486,23,4300486,4300.486,
2025-10-21 10:00:01,,,,,4300490,4,4300490,4300.49,
2025-10-21 11:00:01,,,,,4300492,2,4300492,4300.492,
2025-10-21 12:00:01,,,,,4300492,0,4300492,4300.492,
2025-10-21 13:00:01,,,,,4300494,2,4300494,4300.494,
2025-10-21 14:00:01,,,,,4300494,0,4300494,4300.494,
2025-10-21 15:00:01,,,,,4300496,2,4300496,4300.496,
2025-10-21 16:00:01,,,,,4300496,0,4300496,4300.496,
2025-10-21 17:00:01,,,,,4300496,0,4300496,4300.496,
2025-10-21 18:00:01,,,,,4300496,0,4300496,4300.496,
2025-10-21 19:00:01,,,,,4300496,0,4300496,4300.496,
2025-10-21 20:00:01,,,,,4300496,0,4300496,4300.496,
2025-10-21 21:00:01,,,,,4300496,0,4300496,4300.496,
2025-10-21 22:00:01,,,,,4300496,0,4300496,4300.496,
2025-10-21 23:00:01,,,,,4300496,0,4300496,4300.496,
2025-10-22 00:00:01,,,,,4300496,0,4300496,4300.496,
2025-10-22 01:00:01,,,,,4300496,0,4300496,4300.496,
2025-10-22 02:00:01,,,,,4300496,0,4300496,4300.496,
2025-10-22 03:00:01,,,,,4300934,438,4300934,4300.934,
2025-10-22 04:00:01,,,,,4302060,1126,4302060,4302.06,
2025-10-22 04:36:01,23.88,,,,4302493,433,4302493,4302.493,
2025-10-22 04:37:08,,3.66,,,,,,,-51
2025-10-22 05:00:01,,,,,4302526,33,4302526,4302.526,
2025-10-22 06:00:01,,,,,4302543,17,4302543,4302.543,
2025-10-22 07:00:01,,,,,4302545,2,4302545,4302.545,
2025-10-22 08:00:01,,,,,4302547,2,4302547,4302.547,
2025-10-22 09:00:01,,,,,4302548,1,4302548,4302.548,
2025-10-22 10:00:01,,,,,4302549,1,4302549,4302.549,
2025-10-22 11:00:01,,,,,4302558,9,4302558,4302.558,
2025-10-22 12:00:01,,,,,4302581,23,4302581,4302.581,
2025-10-22 13:00:01,,,,,4302582,1,4302582,4302.582,
2025-10-22 14:00:01,,,,,4302594,12,4302594,4302.594,
2025-10-22 15:00:01,,,,,4302595,1,4302595,4302.595,
2025-10-22 16:00:01,,,,,4302596,1,4302596,4302.596,
2025-10-22 17:00:01,,,,,4302596,0,4302596,4302.596,
2025-10-22 18:00:01,,,,,4302596,0,4302596,4302.596,
2025-10-22 19:00:01,,,,,4302596,0,4302596,4302.596,
2025-10-22 20:00:01,,,,,4302596,0,4302596,4302.596,
2025-10-22 21:00:01,,,,,4302596,0,4302596,4302.596,
2025-10-22 22:00:01,,,,,4302596,0,4302596,4302.596,
2025-10-22 23:00:01,,,,,4302596,0,4302596,4302.596,
2025-10-23 00:00:01,,,,,4302596,0,4302596,4302.596,
2025-10-23 01:00:01,,,,,4302596,0,4302596,4302.596,
2025-10-23 02:00:01,,,,,4302596,0,4302596,4302.596,
2025-10-23 03:00:01,,,,,4302596,0,4302596,4302.596,
2025-10-23 04:00:01,,,,,4302596,0,4302596,4302.596,
2025-10-23 04:36:01,20.74,,,,4302596,0,4302596,4302.596,
2025-10-23 04:37:18,,3.64,,,,,,,-52
2025-10-23 05:00:01,,,,,4302596,0,4302596,4302.596,
2025-10-23 06:00:01,,,,,4302596,0,4302596,4302.596,
2025-10-23 07:00:01,,,,,4302598,2,4302598,4302.598,
2025-10-23 08:00:01,,,,,4302608,10,4302608,4302.608,
2025-10-23 09:00:01,,,,,4302620,12,4302620,4302.62,
2025-10-23 10:00:01,,,,,4302622,2,4302622,4302.622,
2025-10-23 11:00:01,,,,,4302636,14,4302636,4302.636,
2025-10-23 12:00:01,,,,,4302664,28,4302664,4302.664,
2025-10-23 13:00:01,,,,,4302673,9,4302673,4302.673,
2025-10-23 14:00:01,,,,,4302686,13,4302686,4302.686,
2025-10-23 15:00:01,,,,,4302694,8,4302694,4302.694,
2025-10-23 16:00:01,,,,,4302694,0,4302694,4302.694,
2025-10-23 17:00:01,,,,,4302694,0,4302694,4302.694,
2025-10-23 18:00:01,,,,,4302694,0,4302694,4302.694,
2025-10-23 19:00:01,,,,,4302694,0,4302694,4302.694,
2025-10-23 20:00:01,,,,,4302694,0,4302694,4302.694,
2025-10-23 21:00:01,,,,,4302694,0,4302694,4302.694,
2025-10-23 22:00:01,,,,,4302694,0,4302694,4302.694,
2025-10-23 23:00:01,,,,,4302918,224,4302918,4302.918,
2025-10-24 00:00:01,,,,,4304092,1174,4304092,4304.092,
2025-10-24 01:00:01,,,,,4305219,1127,4305219,4305.219,
2025-10-24 02:00:01,,,,,4306343,1124,4306343,4306.343,
2025-10-24 03:00:01,,,,,4307496,1153,4307496,4307.496,
2025-10-24 04:00:01,,,,,4308552,1056,4308552,4308.552,
2025-10-24 04:36:01,21.6,,,,4309093,541,4309093,4309.093,
2025-10-24 04:37:08,,3.64,,,,,,,-52
2025-10-24 05:00:01,,,,,4309456,363,4309456,4309.456,
2025-10-24 06:00:01,,,,,4310109,653,4310109,4310.109,
2025-10-24 07:00:01,,,,,4310112,3,4310112,4310.112,
2025-10-24 08:00:01,,,,,4310152,40,4310152,4310.152,
2025-10-24 09:00:01,,,,,4310179,27,4310179,4310.179,
2025-10-24 10:00:01,,,,,4310179,0,4310179,4310.179,
2025-10-24 11:00:01,,,,,4310191,12,4310191,4310.191,
2025-10-24 12:00:01,,,,,4310202,11,4310202,4310.202,
2025-10-24 13:00:01,,,,,4310202,0,4310202,4310.202,
2025-10-24 14:00:01,,,,,4310202,0,4310202,4310.202,
2025-10-24 15:00:01,,,,,4310202,0,4310202,4310.202,
2025-10-24 16:00:01,,,,,4310202,0,4310202,4310.202,
2025-10-24 17:00:01,,,,,4310204,2,4310204,4310.204,
2025-10-24 18:00:01,,,,,4310204,0,4310204,4310.204,
2025-10-24 19:00:01,,,,,4310204,0,4310204,4310.204,
2025-10-24 20:00:01,,,,,4310204,0,4310204,4310.204,
2025-10-24 21:00:01,,,,,4310204,0,4310204,4310.204,
2025-10-24 22:00:01,,,,,4310204,0,4310204,4310.204,
2025-10-24 23:00:01,,,,,4310426,222,4310426,4310.426,
2025-10-25 00:00:01,,,,,4311591,1165,4311591,4311.591,
2025-10-25 01:00:01,,,,,4312710,1119,4312710,4312.71,
2025-10-25 02:00:01,,,,,4313826,1116,4313826,4313.826,
2025-10-25 03:00:01,,,,,4314968,1142,4314968,4314.968,
2025-10-25 04:00:01,,,,,4316015,1047,4316015,4316.015,
2025-10-25 04:36:01,22.7,,,,4316554,539,4316554,4316.554,
2025-10-25 04:37:24,,3.64,,,,,,,-52
2025-10-25 05:00:01,,,,,4316912,358,4316912,4316.912,
2025-10-25 06:00:01,,,,,4317569,657,4317569,4317.569,
2025-10-25 07:00:01,,,,,4317569,0,4317569,4317.569,
2025-10-25 08:00:01,,,,,4317779,210,4317779,4317.779,
2025-10-25 09:00:01,,,,,4317788,9,4317788,4317.788,
2025-10-25 10:00:01,,,,,4317788,0,4317788,4317.788,
2025-10-25 11:00:01,,,,,4317788,0,4317788,4317.788,
2025-10-25 12:00:01,,,,,4317792,4,4317792,4317.792,
2025-10-25 13:00:01,,,,,4317792,0,4317792,4317.792,
2025-10-25 14:00:01,,,,,4317792,0,4317792,4317.792,
2025-10-25 15:00:01,,,,,4317792,0,4317792,4317.792,
2025-10-25 16:00:01,,,,,4317792,0,4317792,4317.792,
2025-10-25 17:00:01,,,,,4317792,0,4317792,4317.792,
2025-10-25 18:00:01,,,,,4317792,0,4317792,4317.792,
2025-10-25 19:00:01,,,,,4317792,0,4317792,4317.792,
2025-10-25 20:00:01,,,,,4317792,0,4317792,4317.792,
2025-10-25 21:00:01,,,,,4317792,0,4317792,4317.792,
2025-10-25 22:00:01,,,,,4317792,0,4317792,4317.792,
2025-10-25 23:00:01,,,,,4317792,0,4317792,4317.792,
2025-10-26 00:00:01,,,,,4317792,0,4317792,4317.792,
2025-10-26 01:00:01,,,,,4317792,0,4317792,4317.792,
2025-10-26 02:00:01,,,,,4317792,0,4317792,4317.792,
2025-10-26 03:00:01,,,,,4317792,0,4317792,4317.792,
2025-10-26 04:00:01,,,,,4317792,0,4317792,4317.792,
2025-10-26 04:36:01,22.59,,,,4317792,0,4317792,4317.792,
2025-10-26 04:37:12,,3.63,,,,,,,-51
2025-10-26 05:00:01,,,,,4317792,0,4317792,4317.792,
2025-10-26 06:00:01,,,,,4317792,0,4317792,4317.792,
2025-10-26 07:00:01,,,,,4317792,0,4317792,4317.792,
2025-10-26 08:00:01,,,,,4317792,0,4317792,4317.792,
2025-10-26 09:00:01,,,,,4317792,0,4317792,4317.792,
2025-10-26 10:00:01,,,,,4317792,0,4317792,4317.792,
2025-10-26 11:00:01,,,,,4317792,0,4317792,4317.792,
2025-10-26 12:00:01,,,,,4317792,0,4317792,4317.792,
2025-10-26 13:00:01,,,,,4317792,0,4317792,4317.792,
2025-10-26 14:00:01,,,,,4317792,0,4317792,4317.792,
2025-10-26 15:00:01,,,,,4317792,0,4317792,4317.792,
2025-10-26 16:00:01,,,,,4317792,0,4317792,4317.792,
2025-10-26 17:00:01,,,,,4317792,0,4317792,4317.792,
2025-10-26 18:00:01,,,,,4317792,0,4317792,4317.792,
2025-10-26 19:00:01,,,,,4317792,0,4317792,4317.792,
2025-10-26 20:00:01,,,,,4317792,0,4317792,4317.792,
2025-10-26 21:00:01,,,,,4317792,0,4317792,4317.792,
2025-10-26 22:00:01,,,,,4317792,0,4317792,4317.792,
2025-10-26 23:00:01,,,,,4317792,0,4317792,4317.792,
2025-10-27 00:00:01,,,,,4317792,0,4317792,4317.792,
2025-10-27 01:00:01,,,,,4317793,1,4317793,4317.793,
2025-10-27 02:00:01,,,,,4317793,0,4317793,4317.793,
2025-10-27 03:00:01,,,,,4317793,0,4317793,4317.793,
2025-10-27 04:00:01,,,,,4317793,0,4317793,4317.793,
2025-10-27 04:36:01,19.13,,,,4317793,0,4317793,4317.793,
2025-10-27 04:37:14,,3.64,,,,,,,-51
2025-10-27 05:00:01,,,,,4317793,0,4317793,4317.793,
2025-10-27 06:00:01,,,,,4317793,0,4317793,4317.793,
2025-10-27 07:00:01,,,,,4317793,0,4317793,4317.793,
2025-10-27 08:00:01,,,,,4318285,492,4318285,4318.285,
2025-10-27 09:00:01,,,,,4318592,307,4318592,4318.592,
2025-10-27 10:00:01,,,,,4318691,99,4318691,4318.691,
2025-10-27 11:00:01,,,,,4319373,682,4319373,4319.373,
2025-10-27 12:00:01,,,,,4319771,398,4319771,4319.771,
2025-10-27 13:00:01,,,,,4320026,255,4320026,4320.026,
2025-10-27 14:00:01,,,,,4320386,360,4320386,4320.386,
2025-10-27 15:00:01,,,,,4320397,11,4320397,4320.397,
2025-10-27 16:00:01,,,,,4320412,15,4320412,4320.412,
2025-10-27 17:00:01,,,,,4320425,13,4320425,4320.425,
2025-10-27 18:00:01,,,,,4320425,0,4320425,4320.425,
2025-10-27 19:00:01,,,,,4320425,0,4320425,4320.425,
2025-10-27 20:00:01,,,,,4320425,0,4320425,4320.425,
2025-10-27 21:00:01,,,,,4320425,0,4320425,4320.425,
2025-10-27 22:00:01,,,,,4320425,0,4320425,4320.425,
2025-10-27 23:00:01,,,,,4320425,0,4320425,4320.425,
2025-10-28 00:00:01,,,,,4320425,0,4320425,4320.425,
2025-10-28 01:00:01,,,,,4320425,0,4320425,4320.425,
2025-10-28 02:00:01,,,,,4320425,0,4320425,4320.425,
2025-10-28 03:00:01,,,,,4320425,0,4320425,4320.425,
2025-10-28 04:00:01,,,,,4320425,0,4320425,4320.425,
2025-10-28 04:36:01,20.86,,,,4320425,0,4320425,4320.425,
2025-10-28 04:37:08,,3.64,,,,,,,-51
2025-10-28 05:00:01,,,,,4320425,0,4320425,4320.425,
2025-10-28 06:00:01,,,,,4320425,0,4320425,4320.425,
2025-10-28 07:00:01,,,,,4320586,161,4320586,4320.586,
2025-10-28 08:00:01,,,,,4321225,639,4321225,4321.225,
2025-10-28 09:00:01,,,,,4321506,281,4321506,4321.506,
2025-10-28 10:00:01,,,,,4321507,1,4321507,4321.507,
2025-10-28 11:00:01,,,,,4321523,16,4321523,4321.523,
2025-10-28 12:00:01,,,,,4321543,20,4321543,4321.543,
2025-10-28 13:00:01,,,,,4321558,15,4321558,4321.558,
2025-10-28 14:00:01,,,,,4321558,0,4321558,4321.558,
2025-10-28 15:00:01,,,,,4321558,0,4321558,4321.558,
2025-10-28 16:00:01,,,,,4321607,49,4321607,4321.607,
2025-10-28 17:00:01,,,,,4321656,49,4321656,4321.656,
2025-10-28 18:00:01,,,,,4321656,0,4321656,4321.656,
2025-10-28 19:00:01,,,,,4321656,0,4321656,4321.656,
2025-10-28 20:00:01,,,,,4321656,0,4321656,4321.656,
2025-10-28 21:00:01,,,,,4321656,0,4321656,4321.656,
2025-10-28 22:00:01,,,,,4321656,0,4321656,4321.656,
2025-10-28 23:00:01,,,,,4321656,0,4321656,4321.656,
2025-10-29 00:00:01,,,,,4321656,0,4321656,4321.656,
2025-10-29 01:00:01,,,,,4321656,0,4321656,4321.656,
2025-10-29 02:00:01,,,,,4321656,0,4321656,4321.656,
2025-10-29 03:00:01,,,,,4321656,0,4321656,4321.656,
2025-10-29 04:00:01,,,,,4322033,377,4322033,4322.033,
2025-10-29 04:36:01,17.17,,,,4322505,472,4322505,4322.505,
2025-10-29 04:37:11,,3.64,,,,,,,-51
2025-10-29 05:00:01,,,,,4322576,71,4322576,4322.576,
2025-10-29 06:00:01,,,,,4322578,2,4322578,4322.578,
2025-10-29 07:00:01,,,,,4323150,572,4323150,4323.15,
2025-10-29 08:00:01,,,,,4323744,594,4323744,4323.744,
2025-10-29 09:00:01,,,,,4323750,6,4323750,4323.75,
2025-10-29 10:00:01,,,,,4323750,0,4323750,4323.75,
2025-10-29 11:00:01,,,,,4323753,3,4323753,4323.753,
2025-10-29 12:00:01,,,,,4323753,0,4323753,4323.753,
2025-10-29 13:00:01,,,,,4323785,32,4323785,4323.785,
2025-10-29 14:00:01,,,,,4323785,0,4323785,4323.785,
2025-10-29 15:00:01,,,,,4323785,0,4323785,4323.785,
2025-10-29 16:00:01,,,,,4323813,28,4323813,4323.813,
2025-10-29 17:00:01,,,,,4323831,18,4323831,4323.831,
2025-10-29 18:00:01,,,,,4323846,15,4323846,4323.846,
2025-10-29 19:00:01,,,,,4323846,0,4323846,4323.846,
2025-10-29 20:00:01,,,,,4323846,0,4323846,4323.846,
2025-10-29 21:00:01,,,,,4323846,0,4323846,4323.846,
2025-10-29 22:00:01,,,,,4323846,0,4323846,4323.846,
2025-10-29 23:00:01,,,,,4323846,0,4323846,4323.846,
2025-10-30 00:00:01,,,,,4323846,0,4323846,4323.846,
2025-10-30 01:00:01,,,,,4323846,0,4323846,4323.846,
2025-10-30 02:00:01,,,,,4323846,0,4323846,4323.846,
2025-10-30 03:00:01,,,,,4323846,0,4323846,4323.846,
2025-10-30 04:00:01,,,,,4323846,0,4323846,4323.846,
2025-10-30 04:36:01,20.47,,,,4323846,0,4323846,4323.846,
2025-10-30 04:37:13,,3.64,,,,,,,-51
2025-10-30 05:00:01,,,,,4323846,0,4323846,4323.846,
2025-10-30 06:00:01,,,,,4324056,210,4324056,4324.056,
2025-10-30 07:00:01,,,,,4324353,297,4324353,4324.353,
2025-10-30 08:00:01,,,,,4324546,193,4324546,4324.546,
2025-10-30 09:00:01,,,,,4324572,26,4324572,4324.572,
2025-10-30 10:00:01,,,,,4324572,0,4324572,4324.572,
2025-10-30 11:00:01,,,,,4324588,16,4324588,4324.588,
2025-10-30 12:00:01,,,,,4324625,37,4324625,4324.625,
2025-10-30 13:00:01,,,,,4324672,47,4324672,4324.672,
2025-10-30 14:00:01,,,,,4324764,92,4324764,4324.764,
2025-10-30 15:00:01,,,,,4324787,23,4324787,4324.787,
2025-10-30 16:00:01,,,,,4324813,26,4324813,4324.813,
2025-10-30 17:00:01,,,,,4324845,32,4324845,4324.845,
2025-10-30 18:00:01,,,,,4324876,31,4324876,4324.876,
2025-10-30 19:00:01,,,,,4324876,0,4324876,4324.876,
2025-10-30 20:00:01,,,,,4324876,0,4324876,4324.876,
2025-10-30 21:00:01,,,,,4324876,0,4324876,4324.876,
2025-10-30 22:00:01,,,,,4324876,0,4324876,4324.876,
2025-10-30 23:00:01,,,,,4325104,228,4325104,4325.104,
2025-10-31 00:00:01,,,,,4326255,1151,4326255,4326.255,
2025-10-31 01:00:01,,,,,4327355,1100,4327355,4327.355,
2025-10-31 02:00:01,,,,,4328457,1102,4328457,4328.457,
2025-10-31 03:00:01,,,,,4329583,1126,4329583,4329.583,
2025-10-31 04:00:01,,,,,4330687,1104,4330687,4330.687,
2025-10-31 04:36:01,24.05,,,,4331270,583,4331270,4331.27,
2025-10-31 04:37:17,,3.64,,,,,,,-51
2025-10-31 05:00:01,,,,,4331552,282,4331552,4331.552,
2025-10-31 06:00:01,,,,,4331892,340,4331892,4331.892,
2025-10-31 07:00:01,,,,,4331915,23,4331915,4331.915,
2025-10-31 08:00:01,,,,,4331989,74,4331989,4331.989,
2025-10-31 09:00:01,,,,,4332009,20,4332009,4332.009,
2025-10-31 10:00:01,,,,,4332012,3,4332012,4332.012,
2025-10-31 11:00:01,,,,,4332048,36,4332048,4332.048,
2025-10-31 12:00:01,,,,,4332087,39,4332087,4332.087,
2025-10-31 13:00:01,,,,,4332113,26,4332113,4332.113,
2025-10-31 14:00:01,,,,,4332113,0,4332113,4332.113,
2025-10-31 15:00:01,,,,,4332113,0,4332113,4332.113,
2025-10-31 16:00:01,,,,,4332139,26,4332139,4332.139,
2025-10-31 17:00:01,,,,,4332139,0,4332139,4332.139,
2025-10-31 18:00:01,,,,,4332175,36,4332175,4332.175,
2025-10-31 19:00:01,,,,,4332175,0,4332175,4332.175,
2025-10-31 20:00:01,,,,,4332175,0,4332175,4332.175,
2025-10-31 21:00:01,,,,,4332175,0,4332175,4332.175,
2025-10-31 22:00:01,,,,,4332175,0,4332175,4332.175,
2025-10-31 23:00:01,,,,,4332476,301,4332476,4332.476,
2025-11-01 00:00:01,,,,,4332476,0,4332476,4332.476,
2025-11-01 01:00:01,,,,,4332476,0,4332476,4332.476,
2025-11-01 02:00:01,,,,,4332476,0,4332476,4332.476,
2025-11-01 03:00:01,,,,,4332476,0,4332476,4332.476,
2025-11-01 04:00:01,,,,,4332862,386,4332862,4332.862,
2025-11-01 04:36:01,22.98,,,,4333390,528,4333390,4333.39,
2025-11-01 04:37:08,,3.64,,,,,,,-51
2025-11-01 05:00:01,,,,,4333543,153,4333543,4333.543,
2025-11-01 06:00:01,,,,,4333709,166,4333709,4333.709,
2025-11-01 07:00:01,,,,,4333817,108,4333817,4333.817,
2025-11-01 08:00:01,,,,,4333964,147,4333964,4333.964,
2025-11-01 09:00:01,,,,,4333986,22,4333986,4333.986,
2025-11-01 10:00:01,,,,,4333986,0,4333986,4333.986,
2025-11-01 11:00:01,,,,,4333986,0,4333986,4333.986,
2025-11-01 12:00:01,,,,,4333986,0,4333986,4333.986,
2025-11-01 13:00:01,,,,,4334022,36,4334022,4334.022,
2025-11-01 14:00:01,,,,,4334022,0,4334022,4334.022,
2025-11-01 15:00:01,,,,,4334022,0,4334022,4334.022,
2025-11-01 16:00:01,,,,,4334057,35,4334057,4334.057,
2025-11-01 17:00:01,,,,,4334057,0,4334057,4334.057,
2025-11-01 18:00:01,,,,,4334057,0,4334057,4334.057,
2025-11-01 19:00:01,,,,,4334057,0,4334057,4334.057,
2025-11-01 20:00:01,,,,,4334092,35,4334092,4334.092,
2025-11-01 21:00:01,,,,,4334092,0,4334092,4334.092,
2025-11-01 22:00:01,,,,,4334092,0,4334092,4334.092,
2025-11-01 23:00:01,,,,,4334594,502,4334594,4334.594,
2025-11-02 00:00:01,,,,,4335739,1145,4335739,4335.739,
2025-11-02 01:00:01,,,,,4336835,1096,4336835,4336.835,
2025-11-02 02:00:01,,,,,4337934,1099,4337934,4337.934,
2025-11-02 03:00:01,,,,,4339056,1122,4339056,4339.056,
2025-11-02 04:00:01,,,,,4340144,1088,4340144,4340.144,
2025-11-02 04:36:01,26.57,,,,4340689,545,4340689,4340.689,
2025-11-02 04:37:23,,3.64,,,,,,,-52
2025-11-02 05:00:01,,,,,4341059,370,4341059,4341.059,
2025-11-02 06:00:01,,,,,4341427,368,4341427,4341.427,
2025-11-02 07:00:01,,,,,4341456,29,4341456,4341.456,
2025-11-02 08:00:01,,,,,4341521,65,4341521,4341.521,
2025-11-02 09:00:01,,,,,4341561,40,4341561,4341.561,
2025-11-02 10:00:01,,,,,4341561,0,4341561,4341.561,
2025-11-02 11:00:01,,,,,4341561,0,4341561,4341.561,
2025-11-02 12:00:01,,,,,4341561,0,4341561,4341.561,
2025-11-02 13:00:01,,,,,4341597,36,4341597,4341.597,
2025-11-02 14:00:01,,,,,4341597,0,4341597,4341.597,
2025-11-02 15:00:01,,,,,4341597,0,4341597,4341.597,
2025-11-02 16:00:01,,,,,4341633,36,4341633,4341.633,
2025-11-02 17:00:01,,,,,4341633,0,4341633,4341.633,
2025-11-02 18:00:01,,,,,4341741,108,4341741,4341.741,
2025-11-02 19:00:01,,,,,4341762,21,4341762,4341.762,
2025-11-02 20:00:01,,,,,4341762,0,4341762,4341.762,
2025-11-02 21:00:01,,,,,4341762,0,4341762,4341.762,
2025-11-02 22:00:01,,,,,4341762,0,4341762,4341.762,
2025-11-02 23:00:01,,,,,4341762,0,4341762,4341.762,
2025-11-03 00:00:01,,,,,4341762,0,4341762,4341.762,
2025-11-03 01:00:01,,,,,4341762,0,4341762,4341.762,
2025-11-03 02:00:01,,,,,4341762,0,4341762,4341.762,
2025-11-03 03:00:01,,,,,4341762,0,4341762,4341.762,
2025-11-03 04:00:01,,,,,4341762,0,4341762,4341.762,
2025-11-03 04:36:01,27.14,,,,4341762,0,4341762,4341.762,
2025-11-03 04:37:13,,3.63,,,,,,,-51
2025-11-03 05:00:01,,,,,4341762,0,4341762,4341.762,
2025-11-03 06:00:01,,,,,4341762,0,4341762,4341.762,
2025-11-03 07:00:01,,,,,4341984,222,4341984,4341.984,
2025-11-03 08:00:01,,,,,4342726,742,4342726,4342.726,
2025-11-03 09:00:01,,,,,4343260,534,4343260,4343.26,
2025-11-03 10:00:01,,,,,4343475,215,4343475,4343.475,
2025-11-03 11:00:01,,,,,4343757,282,4343757,4343.757,
2025-11-03 12:00:01,,,,,4344007,250,4344007,4344.007,
2025-11-03 13:00:01,,,,,4344024,17,4344024,4344.024,
2025-11-03 14:00:01,,,,,4344029,5,4344029,4344.029,
2025-11-03 15:00:01,,,,,4344088,59,4344088,4344.088,
2025-11-03 16:00:01,,,,,4344088,0,4344088,4344.088,
2025-11-03 17:00:01,,,,,4344088,0,4344088,4344.088,
2025-11-03 18:00:01,,,,,4344088,0,4344088,4344.088,
2025-11-03 19:00:01,,,,,4344088,0,4344088,4344.088,
2025-11-03 20:00:01,,,,,4344088,0,4344088,4344.088,
2025-11-03 21:00:01,,,,,4344088,0,4344088,4344.088,
2025-11-03 22:00:01,,,,,4344088,0,4344088,4344.088,
2025-11-03 23:00:01,,,,,4344088,0,4344088,4344.088,
2025-11-04 00:00:01,,,,,4344088,0,4344088,4344.088,
2025-11-04 01:00:01,,,,,4344088,0,4344088,4344.088,
2025-11-04 02:00:01,,,,,4344088,0,4344088,4344.088,
2025-11-04 03:00:01,,,,,4344088,0,4344088,4344.088,
2025-11-04 04:00:01,,,,,4344088,0,4344088,4344.088,
2025-11-04 04:36:01,21.74,,,,4344088,0,4344088,4344.088,
2025-11-04 04:37:23,,3.64,,,,,,,-51
2025-11-04 05:00:01,,,,,4344088,0,4344088,4344.088,
2025-11-04 06:00:01,,,,,4344088,0,4344088,4344.088,
2025-11-04 07:00:01,,,,,4344298,210,4344298,4344.298,
2025-11-04 08:00:01,,,,,4345000,702,4345000,4345,
2025-11-04 09:00:01,,,,,4345000,0,4345000,4345,
2025-11-04 10:00:01,,,,,4345000,0,4345000,4345,
2025-11-04 11:00:01,,,,,4345000,0,4345000,4345,
2025-11-04 12:00:01,,,,,4345000,0,4345000,4345,
2025-11-04 13:00:01,,,,,4345000,0,4345000,4345,
2025-11-04 14:00:01,,,,,4345000,0,4345000,4345,
2025-11-04 15:00:01,,,,,4345000,0,4345000,4345,
2025-11-04 16:00:01,,,,,4345000,0,4345000,4345,
2025-11-04 17:00:01,,,,,4345000,0,4345000,4345,
2025-11-04 18:00:01,,,,,4345000,0,4345000,4345,
2025-11-04 19:00:01,,,,,4345000,0,4345000,4345,
2025-11-04 20:00:01,,,,,4345000,0,4345000,4345,
2025-11-04 21:00:01,,,,,4345000,0,4345000,4345,
2025-11-04 22:00:01,,,,,4345000,0,4345000,4345,
2025-11-04 23:00:01,,,,,4345000,0,4345000,4345,
2025-11-05 00:00:01,,,,,4345000,0,4345000,4345,
2025-11-05 01:00:01,,,,,4345000,0,4345000,4345,
2025-11-05 02:00:01,,,,,4345000,0,4345000,4345,
2025-11-05 03:00:01,,,,,4345000,0,4345000,4345,
2025-11-05 04:00:01,,,,,4345000,0,4345000,4345,
2025-11-05 04:36:01,16.98,,,,4345000,0,4345000,4345,
2025-11-05 04:37:20,,3.64,,,,,,,-51
2025-11-05 05:00:01,,,,,4345000,0,4345000,4345,
2025-11-05 06:00:01,,,,,4345000,0,4345000,4345,
2025-11-05 07:00:01,,,,,4345000,0,4345000,4345,
2025-11-05 08:00:01,,,,,4345000,0,4345000,4345,
2025-11-05 09:00:01,,,,,4345000,0,4345000,4345,
2025-11-05 10:00:01,,,,,4345000,0,4345000,4345,
2025-11-05 11:00:01,,,,,4345004,4,4345004,4345.004,
2025-11-05 12:00:01,,,,,4345027,23,4345027,4345.027,
2025-11-05 13:00:01,,,,,4345035,8,4345035,4345.035,
2025-11-05 14:00:01,,,,,4345044,9,4345044,4345.044,
2025-11-05 15:00:01,,,,,4345044,0,4345044,4345.044,
2025-11-05 16:00:01,,,,,4345044,0,4345044,4345.044,
2025-11-05 17:00:01,,,,,4345044,0,4345044,4345.044,
2025-11-05 18:00:01,,,,,4345044,0,4345044,4345.044,
2025-11-05 19:00:01,,,,,4345044,0,4345044,4345.044,
2025-11-05 20:00:01,,,,,4345044,0,4345044,4345.044,
2025-11-05 21:00:01,,,,,4345044,0,4345044,4345.044,
2025-11-05 22:00:01,,,,,4345044,0,4345044,4345.044,
2025-11-05 23:00:01,,,,,4345044,0,4345044,4345.044,
2025-11-06 00:00:01,,,,,4345044,0,4345044,4345.044,
2025-11-06 01:00:01,,,,,4345044,0,4345044,4345.044,
2025-11-06 02:00:01,,,,,4345044,0,4345044,4345.044,
2025-11-06 03:00:01,,,,,4345044,0,4345044,4345.044,
2025-11-06 04:00:01,,,,,4345044,0,4345044,4345.044,
2025-11-06 04:36:01,18.41,,,,4345044,0,4345044,4345.044,
2025-11-06 04:37:07,,3.64,,,,,,,-50
2025-11-06 05:00:01,,,,,4345044,0,4345044,4345.044,
2025-11-06 06:00:01,,,,,4345044,0,4345044,4345.044,
2025-11-06 07:00:01,,,,,4345130,86,4345130,4345.13,
2025-11-06 08:00:01,,,,,4345910,780,4345910,4345.91,
2025-11-06 09:00:01,,,,,4346405,495,4346405,4346.405,
2025-11-06 10:00:01,,,,,4346687,282,4346687,4346.687,
2025-11-06 11:00:01,,,,,4346687,0,4346687,4346.687,
2025-11-06 12:00:01,,,,,4346687,0,4346687,4346.687,
2025-11-06 13:00:01,,,,,4346696,9,4346696,4346.696,
2025-11-06 14:00:01,,,,,4346920,224,4346920,4346.92,
2025-11-06 15:00:01,,,,,4346970,50,4346970,4346.97,
2025-11-06 16:00:01,,,,,4346994,24,4346994,4346.994,
2025-11-06 17:00:01,,,,,4347018,24,4347018,4347.018,
2025-11-06 18:00:01,,,,,4347083,65,4347083,4347.083,
2025-11-06 19:00:01,,,,,4347094,11,4347094,4347.094,
2025-11-06 20:00:01,,,,,4347094,0,4347094,4347.094,
2025-11-06 21:00:01,,,,,4347094,0,4347094,4347.094,
2025-11-06 22:00:01,,,,,4347094,0,4347094,4347.094,
2025-11-06 23:00:01,,,,,4347605,511,4347605,4347.605,
2025-11-07 00:00:01,,,,,4348763,1158,4348763,4348.763,
2025-11-07 01:00:01,,,,,4349871,1108,4349871,4349.871,
2025-11-07 02:00:01,,,,,4350971,1100,4350971,4350.971,
2025-11-07 03:00:01,,,,,4352105,1134,4352105,4352.105,
2025-11-07 04:00:01,,,,,4353233,1128,4353233,4353.233,
2025-11-07 04:36:01,24.16,,,,4353797,564,4353797,4353.797,
2025-11-07 04:37:24,,3.64,,,,,,,-50
2025-11-07 05:00:01,,,,,4354228,431,4354228,4354.228,
2025-11-07 06:00:01,,,,,4354951,723,4354951,4354.951,
2025-11-07 07:00:01,,,,,4354973,22,4354973,4354.973,
2025-11-07 08:00:01,,,,,4355008,35,4355008,4355.008,
2025-11-07 09:00:01,,,,,4355038,30,4355038,4355.038,
2025-11-07 10:00:01,,,,,4355102,64,4355102,4355.102,
2025-11-07 11:00:01,,,,,4355137,35,4355137,4355.137,
2025-11-07 12:00:01,,,,,4355238,101,4355238,4355.238,
2025-11-07 13:00:01,,,,,4355238,0,4355238,4355.238,
2025-11-07 14:00:01,,,,,4355238,0,4355238,4355.238,
2025-11-07 15:00:01,,,,,4355284,46,4355284,4355.284,
2025-11-07 16:00:01,,,,,4355341,57,4355341,4355.341,
2025-11-07 17:00:01,,,,,4355346,5,4355346,4355.346,
2025-11-07 18:00:01,,,,,4355384,38,4355384,4355.384,
2025-11-07 19:00:01,,,,,4355402,18,4355402,4355.402,
2025-11-07 20:00:01,,,,,4355402,0,4355402,4355.402,
2025-11-07 21:00:01,,,,,4355402,0,4355402,4355.402,
2025-11-07 22:00:01,,,,,4355402,0,4355402,4355.402,
2025-11-07 23:00:01,,,,,4355402,0,4355402,4355.402,
2025-11-08 00:00:01,,,,,4355402,0,4355402,4355.402,
2025-11-08 01:00:01,,,,,4355402,0,4355402,4355.402,
2025-11-08 02:00:01,,,,,4355402,0,4355402,4355.402,
2025-11-08 03:00:01,,,,,4355402,0,4355402,4355.402,
2025-11-08 04:00:01,,,,,4355539,137,4355539,4355.539,
2025-11-08 04:36:01,25.82,,,,4356160,621,4356160,4356.16,
2025-11-08 04:37:21,,3.64,,,,,,,-51
2025-11-08 05:00:01,,,,,4356609,449,4356609,4356.609,
2025-11-08 06:00:01,,,,,4357184,575,4357184,4357.184,
2025-11-08 07:00:01,,,,,4357304,120,4357304,4357.304,
2025-11-08 08:00:01,,,,,4357458,154,4357458,4357.458,
2025-11-08 09:00:01,,,,,4357458,0,4357458,4357.458,
2025-11-08 10:00:01,,,,,4357458,0,4357458,4357.458,
2025-11-08 11:00:01,,,,,4357458,0,4357458,4357.458,
2025-11-08 12:00:01,,,,,4357458,0,4357458,4357.458,
2025-11-08 13:00:01,,,,,4357458,0,4357458,4357.458,
2025-11-08 14:00:01,,,,,4357458,0,4357458,4357.458,
2025-11-08 15:00:01,,,,,4357458,0,4357458,4357.458,
2025-11-08 16:00:01,,,,,4357494,36,4357494,4357.494,
2025-11-08 17:00:01,,,,,4357581,87,4357581,4357.581,
2025-11-08 18:00:01,,,,,4357617,36,4357617,4357.617,
2025-11-08 19:00:01,,,,,4357617,0,4357617,4357.617,
2025-11-08 20:00:01,,,,,4357617,0,4357617,4357.617,
2025-11-08 21:00:01,,,,,4357617,0,4357617,4357.617,
2025-11-08 22:00:01,,,,,4357617,0,4357617,4357.617,
2025-11-08 23:00:01,,,,,4358126,509,4358126,4358.126,
2025-11-09 00:00:01,,,,,4359266,1140,4359266,4359.266,
2025-11-09 01:00:01,,,,,4360360,1094,4360360,4360.36,
2025-11-09 02:00:01,,,,,4361458,1098,4361458,4361.458,
2025-11-09 03:00:01,,,,,4362580,1122,4362580,4362.58,
2025-11-09 04:00:01,,,,,4363684,1104,4363684,4363.684,
2025-11-09 04:36:01,25.41,,,,4364259,575,4364259,4364.259,
2025-11-09 04:37:10,,3.64,,,,,,,-52
2025-11-09 05:00:01,,,,,4364678,419,4364678,4364.678,
2025-11-09 06:00:01,,,,,4365364,686,4365364,4365.364,
2025-11-09 07:00:01,,,,,4365385,21,4365385,4365.385,
2025-11-09 08:00:01,,,,,4365414,29,4365414,4365.414,
2025-11-09 09:00:01,,,,,4365431,17,4365431,4365.431,
2025-11-09 10:00:01,,,,,4365431,0,4365431,4365.431,
2025-11-09 11:00:01,,,,,4365431,0,4365431,4365.431,
2025-11-09 12:00:01,,,,,4365431,0,4365431,4365.431,
2025-11-09 13:00:01,,,,,4365431,0,4365431,4365.431,
2025-11-09 14:00:01,,,,,4365431,0,4365431,4365.431,
2025-11-09 15:00:01,,,,,4365431,0,4365431,4365.431,
2025-11-09 16:00:01,,,,,4365467,36,4365467,4365.467,
2025-11-09 17:00:01,,,,,4365508,41,4365508,4365.508,
2025-11-09 18:00:01,,,,,4365508,0,4365508,4365.508,
2025-11-09 19:00:01,,,,,4365508,0,4365508,4365.508,
2025-11-09 20:00:01,,,,,4365508,0,4365508,4365.508,
2025-11-09 21:00:01,,,,,4365508,0,4365508,4365.508,
2025-11-09 22:00:01,,,,,4365508,0,4365508,4365.508,
2025-11-09 23:00:01,,,,,4365735,227,4365735,4365.735,
2025-11-10 00:00:01,,,,,4366877,1142,4366877,4366.877,
2025-11-10 01:00:01,,,,,4367964,1087,4367964,4367.964,
2025-11-10 02:00:01,,,,,4369054,1090,4369054,4369.054,
2025-11-10 03:00:01,,,,,4370162,1108,4370162,4370.162,
2025-11-10 04:00:01,,,,,4371245,1083,4371245,4371.245,
2025-11-10 04:36:01,23.62,,,,4371768,523,4371768,4371.768,
2025-11-10 04:37:11,,3.64,,,,,,,-51
2025-11-10 05:00:01,,,,,4372064,296,4372064,4372.064,
2025-11-10 06:00:01,,,,,4372434,370,4372434,4372.434,
2025-11-10 07:00:01,,,,,4372434,0,4372434,4372.434,
2025-11-10 08:00:01,,,,,4372434,0,4372434,4372.434,
2025-11-10 09:00:01,,,,,4372463,29,4372463,4372.463,
2025-11-10 10:00:01,,,,,4372468,5,4372468,4372.468,
2025-11-10 11:00:01,,,,,4372561,93,4372561,4372.561,
2025-11-10 12:00:01,,,,,4372661,100,4372661,4372.661,
2025-11-10 13:00:01,,,,,4372693,32,4372693,4372.693,
2025-11-10 14:00:01,,,,,4372789,96,4372789,4372.789,
2025-11-10 15:00:01,,,,,4372789,0,4372789,4372.789,
2025-11-10 16:00:01,,,,,4372836,47,4372836,4372.836,
2025-11-10 17:00:01,,,,,4372836,0,4372836,4372.836,
2025-11-10 18:00:01,,,,,4372836,0,4372836,4372.836,
2025-11-10 19:00:01,,,,,4372836,0,4372836,4372.836,
2025-11-10 20:00:01,,,,,4372836,0,4372836,4372.836,
2025-11-10 21:00:01,,,,,4372836,0,4372836,4372.836,
2025-11-10 22:00:01,,,,,4372949,113,4372949,4372.949,
2025-11-10 23:00:01,,,,,4373924,975,4373924,4373.924,
2025-11-11 00:00:01,,,,,4374897,973,4374897,4374.897,
2025-11-11 01:00:01,,,,,4375870,973,4375870,4375.87,
2025-11-11 02:00:01,,,,,4376844,974,4376844,4376.844,
2025-11-11 03:00:01,,,,,4377812,968,4377812,4377.812,
2025-11-11 04:00:01,,,,,4378756,944,4378756,4378.756,
2025-11-11 04:36:01,23.73,,,,4378970,214,4378970,4378.97,
2025-11-11 04:37:09,,3.64,,,,,,,-51
2025-11-11 05:00:01,,,,,4379020,50,4379020,4379.02,
2025-11-11 06:00:01,,,,,4379070,50,4379070,4379.07,
2025-11-11 07:00:01,,,,,4379223,153,4379223,4379.223,
2025-11-11 08:00:01,,,,,4379393,170,4379393,4379.393,
2025-11-11 09:00:01,,,,,4379455,62,4379455,4379.455,
2025-11-11 10:00:01,,,,,4379475,20,4379475,4379.475,
2025-11-11 11:00:01,,,,,4379666,191,4379666,4379.666,
2025-11-11 12:00:01,,,,,4379697,31,4379697,4379.697,
2025-11-11 13:00:01,,,,,4379730,33,4379730,4379.73,
2025-11-11 14:00:01,,,,,4379777,47,4379777,4379.777,
2025-11-11 15:00:01,,,,,4379803,26,4379803,4379.803,
2025-11-11 16:00:01,,,,,4379806,3,4379806,4379.806,
2025-11-11 17:00:01,,,,,4379806,0,4379806,4379.806,
2025-11-11 18:00:01,,,,,4379842,36,4379842,4379.842,
2025-11-11 19:00:01,,,,,4379842,0,4379842,4379.842,
2025-11-11 20:00:01,,,,,4379842,0,4379842,4379.842,
2025-11-11 21:00:01,,,,,4379842,0,4379842,4379.842,
2025-11-11 22:00:01,,,,,4379962,120,4379962,4379.962,
2025-11-11 23:00:01,,,,,4381074,1112,4381074,4381.074,
2025-11-12 00:00:01,,,,,4382139,1065,4382139,4382.139,
2025-11-12 01:00:01,,,,,4383115,976,4383115,4383.115,
2025-11-12 02:00:01,,,,,4384178,1063,4384178,4384.178,
2025-11-12 03:00:01,,,,,4385265,1087,4385265,4385.265,
2025-11-12 04:00:01,,,,,4386296,1031,4386296,4386.296,
2025-11-12 04:36:01,20.78,,,,4386794,498,4386794,4386.794,
2025-11-12 04:37:18,,3.64,,,,,,,-52
2025-11-12 05:00:01,,,,,4387026,232,4387026,4387.026,
2025-11-12 06:00:01,,,,,4387170,144,4387170,4387.17,
2025-11-12 07:00:01,,,,,4387170,0,4387170,4387.17,
2025-11-12 08:00:01,,,,,4387170,0,4387170,4387.17,
2025-11-12 09:00:01,,,,,4387172,2,4387172,4387.172,
2025-11-12 10:00:01,,,,,4387217,45,4387217,4387.217,
2025-11-12 11:00:01,,,,,4387217,0,4387217,4387.217,
2025-11-12 12:00:01,,,,,4387243,26,4387243,4387.243,
2025-11-12 13:00:01,,,,,4387279,36,4387279,4387.279,
2025-11-12 14:00:01,,,,,4387312,33,4387312,4387.312,
2025-11-12 15:00:01,,,,,4387312,0,4387312,4387.312,
2025-11-12 16:00:01,,,,,4387312,0,4387312,4387.312,
2025-11-12 17:00:01,,,,,4387312,0,4387312,4387.312,
2025-11-12 18:00:01,,,,,4387312,0,4387312,4387.312,
2025-11-12 19:00:01,,,,,4387312,0,4387312,4387.312,
2025-11-12 20:00:01,,,,,4387312,0,4387312,4387.312,
2025-11-12 21:00:01,,,,,4387312,0,4387312,4387.312,
2025-11-12 22:00:01,,,,,4387312,0,4387312,4387.312,
2025-11-12 23:00:01,,,,,4387911,599,4387911,4387.911,
2025-11-13 00:00:01,,,,,4388992,1081,4388992,4388.992,
2025-11-13 01:00:01,,,,,4390050,1058,4390050,4390.05,
2025-11-13 02:00:01,,,,,4391128,1078,4391128,4391.128,
2025-11-13 03:00:01,,,,,4392212,1084,4392212,4392.212,
2025-11-13 04:00:01,,,,,4393234,1022,4393234,4393.234,
2025-11-13 04:36:01,21.48,,,,4393708,474,4393708,4393.708,
2025-11-13 04:37:08,,3.64,,,,,,,-51
2025-11-13 05:00:01,,,,,4393833,125,4393833,4393.833,
2025-11-13 06:00:01,,,,,4393834,1,4393834,4393.834,
2025-11-13 07:00:01,,,,,4393845,11,4393845,4393.845,
2025-11-13 08:00:01,,,,,4393932,87,4393932,4393.932,
2025-11-13 09:00:01,,,,,4394062,130,4394062,4394.062,
2025-11-13 10:00:01,,,,,4394071,9,4394071,4394.071,
2025-11-13 11:00:01,,,,,4394092,21,4394092,4394.092,
2025-11-13 12:00:01,,,,,4394116,24,4394116,4394.116,
2025-11-13 13:00:01,,,,,4394128,12,4394128,4394.128,
2025-11-13 14:00:01,,,,,4394208,80,4394208,4394.208,
2025-11-13 15:00:01,,,,,4394216,8,4394216,4394.216,
2025-11-13 16:00:01,,,,,4394216,0,4394216,4394.216,
2025-11-13 17:00:01,,,,,4394216,0,4394216,4394.216,
2025-11-13 18:00:01,,,,,4394251,35,4394251,4394.251,
2025-11-13 19:00:01,,,,,4394251,0,4394251,4394.251,
2025-11-13 20:00:01,,,,,4394251,0,4394251,4394.251,
2025-11-13 21:00:01,,,,,4394251,0,4394251,4394.251,
2025-11-13 22:00:01,,,,,4394251,0,4394251,4394.251,
2025-11-13 23:00:01,,,,,4394807,556,4394807,4394.807,
2025-11-14 00:00:01,,,,,4395913,1106,4395913,4395.913,
2025-11-14 01:00:01,,,,,4396990,1077,4396990,4396.99,
2025-11-14 02:00:01,,,,,4398051,1061,4398051,4398.051,
2025-11-14 03:00:01,,,,,4399136,1085,4399136,4399.136,
2025-11-14 04:00:01,,,,,4400079,943,4400079,4400.079,
2025-11-14 04:36:01,24.73,,,,4400712,633,4400712,4400.712,
2025-11-14 04:37:24,,3.64,,,,,,,-51
2025-11-14 05:00:01,,,,,4401064,352,4401064,4401.064,
2025-11-14 06:00:01,,,,,4401454,390,4401454,4401.454,
2025-11-14 07:00:01,,,,,4401478,24,4401478,4401.478,
2025-11-14 08:00:01,,,,,4401553,75,4401553,4401.553,
2025-11-14 09:00:01,,,,,4401563,10,4401563,4401.563,
2025-11-14 10:00:01,,,,,4401567,4,4401567,4401.567,
2025-11-14 11:00:01,,,,,4401585,18,4401585,4401.585,
2025-11-14 12:00:01,,,,,4401602,17,4401602,4401.602,
2025-11-14 13:00:01,,,,,4401620,18,4401620,4401.62,
2025-11-14 14:00:01,,,,,4401637,17,4401637,4401.637,
2025-11-14 15:00:01,,,,,4401655,18,4401655,4401.655,
2025-11-14 16:00:01,,,,,4401673,18,4401673,4401.673,
2025-11-14 17:00:01,,,,,4401690,17,4401690,4401.69,
2025-11-14 18:00:01,,,,,4401741,51,4401741,4401.741,
2025-11-14 19:00:01,,,,,4401741,0,4401741,4401.741,
2025-11-14 20:00:01,,,,,4401741,0,4401741,4401.741,
2025-11-14 21:00:01,,,,,4401741,0,4401741,4401.741,
2025-11-14 22:00:01,,,,,4401741,0,4401741,4401.741,
2025-11-14 23:00:01,,,,,4401741,0,4401741,4401.741,
2025-11-15 00:00:01,,,,,4401741,0,4401741,4401.741,
2025-11-15 01:00:01,,,,,4401741,0,4401741,4401.741,
2025-11-15 02:00:01,,,,,4401741,0,4401741,4401.741,
2025-11-15 03:00:01,,,,,4401741,0,4401741,4401.741,
2025-11-15 04:00:01,,,,,4401741,0,4401741,4401.741,
2025-11-15 04:36:01,25.17,,,,4401741,0,4401741,4401.741,
2025-11-15 04:37:13,,3.65,,,,,,,-51
2025-11-15 05:00:01,,,,,4401741,0,4401741,4401.741,
2025-11-15 06:00:01,,,,,4401851,110,4401851,4401.851,
2025-11-15 07:00:01,,,,,4402112,261,4402112,4402.112,
2025-11-15 08:00:01,,,,,4402269,157,4402269,4402.269,
2025-11-15 09:00:01,,,,,4402271,2,4402271,4402.271,
2025-11-15 10:00:01,,,,,4402271,0,4402271,4402.271,
2025-11-15 11:00:01,,,,,4402271,0,4402271,4402.271,
2025-11-15 12:00:01,,,,,4402477,206,4402477,4402.477,
2025-11-15 13:00:01,,,,,4402505,28,4402505,4402.505,
2025-11-15 14:00:01,,,,,4402534,29,4402534,4402.534,
2025-11-15 15:00:01,,,,,4402640,106,4402640,4402.64,
2025-11-15 16:00:01,,,,,4402667,27,4402667,4402.667,
2025-11-15 17:00:01,,,,,4402687,20,4402687,4402.687,
2025-11-15 18:00:01,,,,,4402741,54,4402741,4402.741,
2025-11-15 19:00:01,,,,,4402741,0,4402741,4402.741,
2025-11-15 20:00:01,,,,,4402741,0,4402741,4402.741,
2025-11-15 21:00:01,,,,,4402741,0,4402741,4402.741,
2025-11-15 22:00:01,,,,,4402741,0,4402741,4402.741,
2025-11-15 23:00:01,,,,,4402741,0,4402741,4402.741,
2025-11-16 00:00:01,,,,,4402741,0,4402741,4402.741,
2025-11-16 01:00:01,,,,,4402741,0,4402741,4402.741,
2025-11-16 02:00:01,,,,,4402741,0,4402741,4402.741,
2025-11-16 03:00:01,,,,,4402741,0,4402741,4402.741,
2025-11-16 04:00:01,,,,,4402741,0,4402741,4402.741,
2025-11-16 04:36:01,26.07,,,,4402741,0,4402741,4402.741,
2025-11-16 04:37:14,,3.64,,,,,,,-51
2025-11-16 05:00:01,,,,,4402741,0,4402741,4402.741,
2025-11-16 06:00:01,,,,,4402952,211,4402952,4402.952,
2025-11-16 07:00:01,,,,,4403253,301,4403253,4403.253,
2025-11-16 08:00:01,,,,,4403409,156,4403409,4403.409,
2025-11-16 09:00:01,,,,,4403457,48,4403457,4403.457,
2025-11-16 10:00:01,,,,,4403457,0,4403457,4403.457,
2025-11-16 11:00:01,,,,,4403457,0,4403457,4403.457,
2025-11-16 12:00:01,,,,,4403457,0,4403457,4403.457,
2025-11-16 13:00:01,,,,,4403457,0,4403457,4403.457,
2025-11-16 14:00:01,,,,,4403457,0,4403457,4403.457,
2025-11-16 15:00:01,,,,,4403457,0,4403457,4403.457,
2025-11-16 16:00:01,,,,,4403570,113,4403570,4403.57,
2025-11-16 17:00:01,,,,,4403573,3,4403573,4403.573,
2025-11-16 18:00:01,,,,,4403858,285,4403858,4403.858,
2025-11-16 19:00:01,,,,,4403858,0,4403858,4403.858,
2025-11-16 20:00:01,,,,,4403858,0,4403858,4403.858,
2025-11-16 21:00:01,,,,,4403858,0,4403858,4403.858,
2025-11-16 22:00:01,,,,,4403975,117,4403975,4403.975,
2025-11-16 23:00:01,,,,,4404793,818,4404793,4404.793,
2025-11-17 00:00:01,,,,,4406027,1234,4406027,4406.027,
2025-11-17 01:00:01,,,,,4407230,1203,4407230,4407.23,
2025-11-17 02:00:01,,,,,4408419,1189,4408419,4408.419,
2025-11-17 03:00:01,,,,,4409612,1193,4409612,4409.612,
2025-11-17 04:00:01,,,,,4410607,995,4410607,4410.607,
2025-11-17 04:36:01,25.11,,,,4411273,666,4411273,4411.273,
2025-11-17 04:37:16,,3.66,,,,,,,-52
2025-11-17 05:00:01,,,,,4411626,353,4411626,4411.626,
2025-11-17 06:00:01,,,,,4412188,562,4412188,4412.188,
2025-11-17 07:00:01,,,,,4412292,104,4412292,4412.292,
2025-11-17 08:00:01,,,,,4412354,62,4412354,4412.354,
2025-11-17 09:00:01,,,,,4412389,35,4412389,4412.389,
2025-11-17 10:00:01,,,,,4412393,4,4412393,4412.393,
2025-11-17 11:00:01,,,,,4412410,17,4412410,4412.41,
2025-11-17 12:00:01,,,,,4412429,19,4412429,4412.429,
2025-11-17 13:00:01,,,,,4412436,7,4412436,4412.436,
2025-11-17 14:00:01,,,,,4412455,19,4412455,4412.455,
2025-11-17 15:00:01,,,,,4412468,13,4412468,4412.468,
2025-11-17 16:00:01,,,,,4412468,0,4412468,4412.468,
2025-11-17 17:00:01,,,,,4412468,0,4412468,4412.468,
2025-11-17 18:00:01,,,,,4412468,0,4412468,4412.468,
2025-11-17 19:00:01,,,,,4412468,0,4412468,4412.468,
2025-11-17 20:00:01,,,,,4412468,0,4412468,4412.468,
2025-11-17 21:00:01,,,,,4412468,0,4412468,4412.468,
2025-11-17 22:00:01,,,,,4413016,548,4413016,4413.016,
2025-11-17 23:00:01,,,,,4414057,1041,4414057,4414.057,
2025-11-18 00:00:01,,,,,4415234,1177,4415234,4415.234,
2025-11-18 01:00:01,,,,,4416382,1148,4416382,4416.382,
2025-11-18 02:00:01,,,,,4417516,1134,4417516,4417.516,
2025-11-18 03:00:01,,,,,4418663,1147,4418663,4418.663,
2025-11-18 04:00:01,,,,,4419588,925,4419588,4419.588,
2025-11-18 04:36:01,22.08,,,,4420225,637,4420225,4420.225,
2025-11-18 04:37:14,,3.64,,,,,,,-51
2025-11-18 05:00:01,,,,,4420565,340,4420565,4420.565,
2025-11-18 06:00:01,,,,,4420858,293,4420858,4420.858,
2025-11-18 07:00:01,,,,,4420858,0,4420858,4420.858,
2025-11-18 08:00:01,,,,,4420858,0,4420858,4420.858,
2025-11-18 09:00:01,,,,,4420858,0,4420858,4420.858,
2025-11-18 10:00:01,,,,,4420867,9,4420867,4420.867,
2025-11-18 11:00:01,,,,,4420892,25,4420892,4420.892,
2025-11-18 12:00:01,,,,,4420907,15,4420907,4420.907,
2025-11-18 13:00:01,,,,,4420913,6,4420913,4420.913,
2025-11-18 14:00:01,,,,,4420996,83,4420996,4420.996,
2025-11-18 15:00:01,,,,,4421003,7,4421003,4421.003,
2025-11-18 16:00:01,,,,,4421003,0,4421003,4421.003,
2025-11-18 17:00:01,,,,,4421003,0,4421003,4421.003,
2025-11-18 18:00:01,,,,,4421003,0,4421003,4421.003,
2025-11-18 19:00:01,,,,,4421003,0,4421003,4421.003,
2025-11-18 20:00:01,,,,,4421003,0,4421003,4421.003,
2025-11-18 21:00:01,,,,,4421003,0,4421003,4421.003,
2025-11-18 22:00:01,,,,,4421119,116,4421119,4421.119,
2025-11-18 23:00:01,,,,,4422277,1158,4422277,4422.277,
2025-11-19 00:00:01,,,,,4423415,1138,4423415,4423.415,
2025-11-19 01:00:01,,,,,4424571,1156,4424571,4424.571,
2025-11-19 02:00:01,,,,,4425719,1148,4425719,4425.719,
2025-11-19 03:00:01,,,,,4426873,1154,4426873,4426.873,
2025-11-19 04:00:01,,,,,4427877,1004,4427877,4427.877,
2025-11-19 04:36:01,24.67,,,,4428440,563,4428440,4428.44,
2025-11-19 04:37:16,,3.64,,,,,,,-51
2025-11-19 05:00:01,,,,,4428625,185,4428625,4428.625,
2025-11-19 06:00:01,,,,,4428747,122,4428747,4428.747,
2025-11-19 07:00:01,,,,,4428747,0,4428747,4428.747,
2025-11-19 08:00:01,,,,,4428747,0,4428747,4428.747,
2025-11-19 09:00:01,,,,,4428752,5,4428752,4428.752,
2025-11-19 10:00:01,,,,,4428752,0,4428752,4428.752,
2025-11-19 11:00:01,,,,,4428757,5,4428757,4428.757,
2025-11-19 12:00:01,,,,,4428757,0,4428757,4428.757,
2025-11-19 13:00:01,,,,,4428761,4,4428761,4428.761,
2025-11-19 14:00:01,,,,,4428761,0,4428761,4428.761,
2025-11-19 15:00:01,,,,,4428824,63,4428824,4428.824,
2025-11-19 16:00:01,,,,,4428824,0,4428824,4428.824,
2025-11-19 17:00:01,,,,,4428824,0,4428824,4428.824,
2025-11-19 18:00:01,,,,,4428828,4,4428828,4428.828,
2025-11-19 19:00:01,,,,,4428887,59,4428887,4428.887,
2025-11-19 20:00:01,,,,,4428887,0,4428887,4428.887,
2025-11-19 21:00:01,,,,,4428887,0,4428887,4428.887,
2025-11-19 22:00:01,,,,,4428887,0,4428887,4428.887,
2025-11-19 23:00:01,,,,,4429686,799,4429686,4429.686,
2025-11-20 00:00:01,,,,,4430802,1116,4430802,4430.802,
2025-11-20 01:00:01,,,,,4431821,1019,4431821,4431.821,
2025-11-20 02:00:01,,,,,4432980,1159,4432980,4432.98,
2025-11-20 03:00:01,,,,,4434143,1163,4434143,4434.143,
2025-11-20 04:00:01,,,,,4435140,997,4435140,4435.14,
2025-11-20 04:36:01,27.23,,,,4435704,564,4435704,4435.704,
2025-11-20 04:37:13,,3.64,,,,,,,-52
2025-11-20 05:00:01,,,,,4435998,294,4435998,4435.998,
2025-11-20 06:00:01,,,,,4436456,458,4436456,4436.456,
2025-11-20 07:00:01,,,,,4436458,2,4436458,4436.458,
2025-11-20 08:00:01,,,,,4436458,0,4436458,4436.458,
2025-11-20 09:00:01,,,,,4436458,0,4436458,4436.458,
2025-11-20 10:00:01,,,,,4436471,13,4436471,4436.471,
2025-11-20 11:00:01,,,,,4436489,18,4436489,4436.489,
2025-11-20 12:00:01,,,,,4436549,60,4436549,4436.549,
2025-11-20 13:00:01,,,,,4436576,27,4436576,4436.576,
2025-11-20 14:00:01,,,,,4436668,92,4436668,4436.668,
2025-11-20 15:00:01,,,,,4436735,67,4436735,4436.735,
2025-11-20 16:00:01,,,,,4436735,0,4436735,4436.735,
2025-11-20 17:00:01,,,,,4436735,0,4436735,4436.735,
2025-11-20 18:00:01,,,,,4436787,52,4436787,4436.787,
2025-11-20 19:00:01,,,,,4436787,0,4436787,4436.787,
2025-11-20 20:00:01,,,,,4436787,0,4436787,4436.787,
2025-11-20 21:00:01,,,,,4436787,0,4436787,4436.787,
2025-11-20 22:00:01,,,,,4437686,899,4437686,4437.686,
2025-11-20 23:00:01,,,,,4438833,1147,4438833,4438.833,
2025-11-21 00:00:01,,,,,4439958,1125,4439958,4439.958,
2025-11-21 01:00:01,,,,,4441084,1126,4441084,4441.084,
2025-11-21 02:00:01,,,,,4442195,1111,4442195,4442.195,
2025-11-21 03:00:01,,,,,4443297,1102,4443297,4443.297,
2025-11-21 04:00:01,,,,,4444272,975,4444272,4444.272,
2025-11-21 04:36:01,25.96,,,,4444829,557,4444829,4444.829,
2025-11-21 04:37:13,,3.64,,,,,,,-52
2025-11-21 05:00:01,,,,,4445093,264,4445093,4445.093,
2025-11-21 06:00:01,,,,,4445180,87,4445180,4445.18,
2025-11-21 07:00:01,,,,,4445286,106,4445286,4445.286,
2025-11-21 08:00:01,,,,,4445419,133,4445419,4445.419,
2025-11-21 09:00:01,,,,,4445430,11,4445430,4445.43,
2025-11-21 10:00:01,,,,,4445441,11,4445441,4445.441,
2025-11-21 11:00:01,,,,,4445528,87,4445528,4445.528,
2025-11-21 12:00:01,,,,,4445620,92,4445620,4445.62,
2025-11-21 13:00:01,,,,,4445620,0,4445620,4445.62,
2025-11-21 14:00:01,,,,,4445656,36,4445656,4445.656,
2025-11-21 15:00:01,,,,,4445656,0,4445656,4445.656,
2025-11-21 16:00:01,,,,,4445656,0,4445656,4445.656,
2025-11-21 17:00:01,,,,,4445656,0,4445656,4445.656,
2025-11-21 18:00:01,,,,,4445656,0,4445656,4445.656,
2025-11-21 19:00:01,,,,,4445656,0,4445656,4445.656,
2025-11-21 20:00:01,,,,,4445656,0,4445656,4445.656,
2025-11-21 21:00:01,,,,,4445656,0,4445656,4445.656,
2025-11-21 22:00:01,,,,,4445656,0,4445656,4445.656,
2025-11-21 23:00:01,,,,,4446450,794,4446450,4446.45,
2025-11-22 00:00:01,,,,,4447565,1115,4447565,4447.565,
2025-11-22 01:00:01,,,,,4448586,1021,4448586,4448.586,
2025-11-22 02:00:01,,,,,4449699,1113,4449699,4449.699,
2025-11-22 03:00:01,,,,,4450791,1092,4450791,4450.791,
2025-11-22 04:00:01,,,,,4451765,974,4451765,4451.765,
2025-11-22 04:36:01,24.26,,,,4452324,559,4452324,4452.324,
2025-11-22 04:37:18,,3.64,,,,,,,-51
2025-11-22 05:00:01,,,,,4452656,332,4452656,4452.656,
2025-11-22 06:00:01,,,,,4453273,617,4453273,4453.273,
2025-11-22 07:00:01,,,,,4453311,38,4453311,4453.311,
2025-11-22 08:00:01,,,,,4453311,0,4453311,4453.311,
2025-11-22 09:00:01,,,,,4453312,1,4453312,4453.312,
2025-11-22 10:00:01,,,,,4453312,0,4453312,4453.312,
2025-11-22 11:00:01,,,,,4453312,0,4453312,4453.312,
2025-11-22 12:00:01,,,,,4453312,0,4453312,4453.312,
2025-11-22 13:00:01,,,,,4453312,0,4453312,4453.312,
2025-11-22 14:00:01,,,,,4453312,0,4453312,4453.312,
2025-11-22 15:00:01,,,,,4453312,0,4453312,4453.312,
2025-11-22 16:00:01,,,,,4453312,0,4453312,4453.312,
2025-11-22 17:00:01,,,,,4453313,1,4453313,4453.313,
2025-11-22 18:00:01,,,,,4453313,0,4453313,4453.313,
2025-11-22 19:00:01,,,,,4453313,0,4453313,4453.313,
2025-11-22 20:00:01,,,,,4453313,0,4453313,4453.313,
2025-11-22 21:00:01,,,,,4453313,0,4453313,4453.313,
2025-11-22 22:00:01,,,,,4454012,699,4454012,4454.012,
2025-11-22 23:00:01,,,,,4455126,1114,4455126,4455.126,
2025-11-23 00:00:01,,,,,4456222,1096,4456222,4456.222,
2025-11-23 01:00:01,,,,,4457323,1101,4457323,4457.323,
2025-11-23 02:00:01,,,,,4458409,1086,4458409,4458.409,
2025-11-23 03:00:01,,,,,4459461,1052,4459461,4459.461,
2025-11-23 04:00:01,,,,,4460412,951,4460412,4460.412,
2025-11-23 04:36:01,25.18,,,,4460958,546,4460958,4460.958,
2025-11-23 04:37:08,,3.65,,,,,,,-51
2025-11-23 05:00:01,,,,,4461279,321,4461279,4461.279,
2025-11-23 06:00:01,,,,,4461766,487,4461766,4461.766,
2025-11-23 07:00:01,,,,,4461806,40,4461806,4461.806,
2025-11-23 08:00:01,,,,,4461851,45,4461851,4461.851,
2025-11-23 09:00:01,,,,,4461851,0,4461851,4461.851,
2025-11-23 10:00:01,,,,,4461851,0,4461851,4461.851,
2025-11-23 11:00:01,,,,,4461851,0,4461851,4461.851,
2025-11-23 12:00:01,,,,,4461851,0,4461851,4461.851,
2025-11-23 13:00:01,,,,,4461851,0,4461851,4461.851,
2025-11-23 14:00:01,,,,,4461851,0,4461851,4461.851,
2025-11-23 15:00:01,,,,,4461851,0,4461851,4461.851,
2025-11-23 16:00:01,,,,,4461853,2,4461853,4461.853,
2025-11-23 17:00:01,,,,,4461853,0,4461853,4461.853,
2025-11-23 18:00:01,,,,,4461853,0,4461853,4461.853,
2025-11-23 19:00:01,,,,,4461853,0,4461853,4461.853,
2025-11-23 20:00:01,,,,,4461853,0,4461853,4461.853,
2025-11-23 21:00:01,,,,,4461853,0,4461853,4461.853,
2025-11-23 22:00:01,,,,,4462549,696,4462549,4462.549,
2025-11-23 23:00:01,,,,,4463655,1106,4463655,4463.655,
2025-11-24 00:00:01,,,,,4464744,1089,4464744,4464.744,
2025-11-24 01:00:01,,,,,4465840,1096,4465840,4465.84,
2025-11-24 02:00:01,,,,,4466920,1080,4466920,4466.92,
2025-11-24 03:00:01,,,,,4467958,1038,4467958,4467.958,
2025-11-24 04:00:01,,,,,4468905,947,4468905,4468.905,
2025-11-24 04:36:01,28.73,,,,4469432,527,4469432,4469.432,
2025-11-24 04:37:10,,3.65,,,,,,,-51
2025-11-24 05:00:01,,,,,4469733,301,4469733,4469.733,
2025-11-24 06:00:01,,,,,4470282,549,4470282,4470.282,
2025-11-24 07:00:01,,,,,4470650,368,4470650,4470.65,
2025-11-24 08:00:01,,,,,4470797,147,4470797,4470.797,
2025-11-24 09:00:01,,,,,4470828,31,4470828,4470.828,
2025-11-24 10:00:01,,,,,4470857,29,4470857,4470.857,
2025-11-24 11:00:01,,,,,4470974,117,4470974,4470.974,
2025-11-24 12:00:01,,,,,4471107,133,4471107,4471.107,
2025-11-24 13:00:01,,,,,4471135,28,4471135,4471.135,
2025-11-24 14:00:01,,,,,4471183,48,4471183,4471.183,
2025-11-24 15:00:01,,,,,4471235,52,4471235,4471.235,
2025-11-24 16:00:01,,,,,4471235,0,4471235,4471.235,
2025-11-24 17:00:01,,,,,4471235,0,4471235,4471.235,
2025-11-24 18:00:01,,,,,4471236,1,4471236,4471.236,
2025-11-24 19:00:01,,,,,4471236,0,4471236,4471.236,
2025-11-24 20:00:01,,,,,4471236,0,4471236,4471.236,
2025-11-24 21:00:01,,,,,4471236,0,4471236,4471.236,
2025-11-24 22:00:01,,,,,4471236,0,4471236,4471.236,
2025-11-24 23:00:01,,,,,4471856,620,4471856,4471.856,
2025-11-25 00:00:01,,,,,4472955,1099,4472955,4472.955,
2025-11-25 01:00:01,,,,,4474052,1097,4474052,4474.052,
2025-11-25 02:00:01,,,,,4475140,1088,4475140,4475.14,
2025-11-25 03:00:01,,,,,4476205,1065,4476205,4476.205,
2025-11-25 04:00:01,,,,,4477167,962,4477167,4477.167,
2025-11-25 04:36:01,30.5,,,,4477694,527,4477694,4477.694,
2025-11-25 04:37:24,,3.65,,,,,,,-52
2025-11-25 05:00:01,,,,,4477898,204,4477898,4477.898,
2025-11-25 06:00:01,,,,,4477998,100,4477998,4477.998,
2025-11-25 07:00:01,,,,,4478147,149,4478147,4478.147,
2025-11-25 08:00:01,,,,,4478337,190,4478337,4478.337,
2025-11-25 09:00:01,,,,,4478350,13,4478350,4478.35,
2025-11-25 10:00:01,,,,,4478350,0,4478350,4478.35,
2025-11-25 11:00:01,,,,,4478350,0,4478350,4478.35,
2025-11-25 12:00:01,,,,,4478363,13,4478363,4478.363,
2025-11-25 13:00:01,,,,,4478402,39,4478402,4478.402,
2025-11-25 14:00:01,,,,,4478466,64,4478466,4478.466,
2025-11-25 15:00:01,,,,,4478584,118,4478584,4478.584,
2025-11-25 16:00:01,,,,,4478636,52,4478636,4478.636,
2025-11-25 17:00:01,,,,,4478684,48,4478684,4478.684,
2025-11-25 18:00:01,,,,,4478684,0,4478684,4478.684,
2025-11-25 19:00:01,,,,,4478684,0,4478684,4478.684,
2025-11-25 20:00:01,,,,,4478684,0,4478684,4478.684,
2025-11-25 21:00:01,,,,,4478684,0,4478684,4478.684,
2025-11-25 22:00:01,,,,,4479392,708,4479392,4479.392,
2025-11-25 23:00:01,,,,,4480369,977,4480369,4480.369,
2025-11-26 00:00:01,,,,,4481436,1067,4481436,4481.436,
2025-11-26 01:00:01,,,,,4482521,1085,4482521,4482.521,
2025-11-26 02:00:01,,,,,4483606,1085,4483606,4483.606,
2025-11-26 03:00:01,,,,,4484696,1090,4484696,4484.696,
2025-11-26 04:00:01,,,,,4485660,964,4485660,4485.66,
2025-11-26 04:36:01,29.78,,,,4486189,529,4486189,4486.189,
2025-11-26 04:37:28,,3.64,,,,,,,-52
2025-11-26 05:00:01,,,,,4486503,314,4486503,4486.503,
2025-11-26 06:00:01,,,,,4486838,335,4486838,4486.838,
2025-11-26 07:00:01,,,,,4486877,39,4486877,4486.877,
2025-11-26 08:00:01,,,,,4486878,1,4486878,4486.878,
2025-11-26 09:00:01,,,,,4486878,0,4486878,4486.878,
2025-11-26 10:00:01,,,,,4486878,0,4486878,4486.878,
2025-11-26 11:00:01,,,,,4486878,0,4486878,4486.878,
2025-11-26 12:00:01,,,,,4486878,0,4486878,4486.878,
2025-11-26 13:00:01,,,,,4486949,71,4486949,4486.949,
2025-11-26 14:00:01,,,,,4487058,109,4487058,4487.058,
2025-11-26 15:00:01,,,,,4487058,0,4487058,4487.058,
2025-11-26 16:00:01,,,,,4487058,0,4487058,4487.058,
2025-11-26 17:00:01,,,,,4487058,0,4487058,4487.058,
2025-11-26 18:00:01,,,,,4487058,0,4487058,4487.058,
2025-11-26 19:00:01,,,,,4487058,0,4487058,4487.058,
2025-11-26 20:00:01,,,,,4487058,0,4487058,4487.058,
2025-11-26 21:00:01,,,,,4487058,0,4487058,4487.058,
2025-11-26 22:00:01,,,,,4487058,0,4487058,4487.058,
2025-11-26 23:00:01,,,,,4487864,806,4487864,4487.864,
2025-11-27 00:00:01,,,,,4488951,1087,4488951,4488.951,
2025-11-27 01:00:01,,,,,4490045,1094,4490045,4490.045,
2025-11-27 02:00:01,,,,,4491112,1067,4491112,4491.112,
2025-11-27 03:00:01,,,,,4492140,1028,4492140,4492.14,
2025-11-27 04:00:01,,,,,4493134,994,4493134,4493.134,
2025-11-27 04:36:01,27.3,,,,4493698,564,4493698,4493.698,
2025-11-27 04:37:10,,3.66,,,,,,,-53
2025-11-27 05:00:01,,,,,4494041,343,4494041,4494.041,
2025-11-27 06:00:01,,,,,4494515,474,4494515,4494.515,
2025-11-27 07:00:01,,,,,4494621,106,4494621,4494.621,
2025-11-27 08:00:01,,,,,4494772,151,4494772,4494.772,
2025-11-27 09:00:01,,,,,4494831,59,4494831,4494.831,
2025-11-27 10:00:01,,,,,4494876,45,4494876,4494.876,
2025-11-27 11:00:01,,,,,4494892,16,4494892,4494.892,
2025-11-27 12:00:01,,,,,4494913,21,4494913,4494.913,
2025-11-27 13:00:01,,,,,4494918,5,4494918,4494.918,
2025-11-27 14:00:01,,,,,4494930,12,4494930,4494.93,
2025-11-27 15:00:01,,,,,4495044,114,4495044,4495.044,
2025-11-27 16:00:01,,,,,4495122,78,4495122,4495.122,
2025-11-27 17:00:01,,,,,4495140,18,4495140,4495.14,
2025-11-27 18:00:01,,,,,4495140,0,4495140,4495.14,
2025-11-27 19:00:01,,,,,4495141,1,4495141,4495.141,
2025-11-27 20:00:01,,,,,4495141,0,4495141,4495.141,
2025-11-27 21:00:01,,,,,4495141,0,4495141,4495.141,
2025-11-27 22:00:01,,,,,4495141,0,4495141,4495.141,
2025-11-27 23:00:01,,,,,4495479,338,4495479,4495.479,
2025-11-28 00:00:01,,,,,4496406,927,4496406,4496.406,
2025-11-28 01:00:01,,,,,4497342,936,4497342,4497.342,
2025-11-28 02:00:01,,,,,4498275,933,4498275,4498.275,
2025-11-28 03:00:01,,,,,4499209,934,4499209,4499.209,
2025-11-28 04:00:01,,,,,4500125,916,4500125,4500.125,
2025-11-28 04:36:01,25.93,,,,4500653,528,4500653,4500.653,
2025-11-28 04:37:07,,3.65,,,,,,,-52
2025-11-28 05:00:01,,,,,4500963,310,4500963,4500.963,
2025-11-28 06:00:01,,,,,4501567,604,4501567,4501.567,
2025-11-28 07:00:01,,,,,4502176,609,4502176,4502.176,
2025-11-28 08:00:01,,,,,4502898,722,4502898,4502.898,
2025-11-28 09:00:01,,,,,4503063,165,4503063,4503.063,
2025-11-28 10:00:01,,,,,4503083,20,4503083,4503.083,
2025-11-28 11:00:01,,,,,4503086,3,4503086,4503.086,
2025-11-28 12:00:01,,,,,4503091,5,4503091,4503.091,
2025-11-28 13:00:01,,,,,4503091,0,4503091,4503.091,
2025-11-28 14:00:01,,,,,4503091,0,4503091,4503.091,
2025-11-28 15:00:01,,,,,4503091,0,4503091,4503.091,
2025-11-28 16:00:01,,,,,4503091,0,4503091,4503.091,
2025-11-28 17:00:01,,,,,4503091,0,4503091,4503.091,
2025-11-28 18:00:01,,,,,4503091,0,4503091,4503.091,
2025-11-28 19:00:01,,,,,4503091,0,4503091,4503.091,
2025-11-28 20:00:01,,,,,4503091,0,4503091,4503.091,
2025-11-28 21:00:01,,,,,4503091,0,4503091,4503.091,
2025-11-28 22:00:01,,,,,4503091,0,4503091,4503.091,
2025-11-28 23:00:01,,,,,4504122,1031,4504122,4504.122,
2025-11-29 00:00:01,,,,,4505112,990,4505112,4505.112,
2025-11-29 01:00:01,,,,,4506164,1052,4506164,4506.164,
2025-11-29 02:00:01,,,,,4507204,1040,4507204,4507.204,
2025-11-29 03:00:01,,,,,4508248,1044,4508248,4508.248,
2025-11-29 04:00:01,,,,,4509235,987,4509235,4509.235,
2025-11-29 04:36:01,28.2,,,,4509785,550,4509785,4509.785,
2025-11-29 04:37:14,,3.65,,,,,,,-53
2025-11-29 05:00:01,,,,,4510107,322,4510107,4510.107,
2025-11-29 06:00:01,,,,,4510761,654,4510761,4510.761,
2025-11-29 07:00:01,,,,,4510789,28,4510789,4510.789,
2025-11-29 08:00:01,,,,,4510789,0,4510789,4510.789,
2025-11-29 09:00:01,,,,,4510789,0,4510789,4510.789,
2025-11-29 10:00:01,,,,,4510789,0,4510789,4510.789,
2025-11-29 11:00:01,,,,,4510789,0,4510789,4510.789,
2025-11-29 12:00:01,,,,,4510789,0,4510789,4510.789,
2025-11-29 13:00:01,,,,,4510789,0,4510789,4510.789,
2025-11-29 14:00:01,,,,,4510789,0,4510789,4510.789,
2025-11-29 15:00:01,,,,,4510789,0,4510789,4510.789,
2025-11-29 16:00:01,,,,,4510789,0,4510789,4510.789,
2025-11-29 17:00:01,,,,,4510789,0,4510789,4510.789,
2025-11-29 18:00:01,,,,,4510789,0,4510789,4510.789,
2025-11-29 19:00:01,,,,,4510790,1,4510790,4510.79,
2025-11-29 20:00:01,,,,,4510790,0,4510790,4510.79,
2025-11-29 21:00:01,,,,,4510790,0,4510790,4510.79,
2025-11-29 22:00:01,,,,,4510790,0,4510790,4510.79,
2025-11-29 23:00:01,,,,,4511818,1028,4511818,4511.818,
2025-11-30 00:00:01,,,,,4512898,1080,4512898,4512.898,
2025-11-30 01:00:01,,,,,4513957,1059,4513957,4513.957,
2025-11-30 02:00:01,,,,,4515000,1043,4515000,4515,
2025-11-30 03:00:01,,,,,4516045,1045,4516045,4516.045,
2025-11-30 04:00:01,,,,,4517051,1006,4517051,4517.051,
2025-11-30 04:36:01,25.62,,,,4517561,510,4517561,4517.561,
2025-11-30 04:37:24,,3.65,,,,,,,-53
2025-11-30 05:00:01,,,,,4517866,305,4517866,4517.866,
2025-11-30 06:00:01,,,,,4518324,458,4518324,4518.324,
2025-11-30 07:00:01,,,,,4518330,6,4518330,4518.33,
2025-11-30 08:00:01,,,,,4518330,0,4518330,4518.33,
2025-11-30 09:00:01,,,,,4518330,0,4518330,4518.33,
2025-11-30 10:00:01,,,,,4518330,0,4518330,4518.33,
2025-11-30 11:00:01,,,,,4518330,0,4518330,4518.33,
2025-11-30 12:00:01,,,,,4518330,0,4518330,4518.33,
2025-11-30 13:00:01,,,,,4518331,1,4518331,4518.331,
2025-11-30 14:00:01,,,,,4518331,0,4518331,4518.331,
2025-11-30 15:00:01,,,,,4518331,0,4518331,4518.331,
2025-11-30 16:00:01,,,,,4518331,0,4518331,4518.331,
2025-11-30 17:00:01,,,,,4518331,0,4518331,4518.331,
2025-11-30 18:00:01,,,,,4518331,0,4518331,4518.331,
2025-11-30 19:00:01,,,,,4518331,0,4518331,4518.331,
2025-11-30 20:00:01,,,,,4518331,0,4518331,4518.331,
2025-11-30 21:00:01,,,,,4518331,0,4518331,4518.331,
2025-11-30 22:00:01,,,,,4518331,0,4518331,4518.331,
2025-11-30 23:00:01,,,,,4519359,1028,4519359,4519.359,
2025-12-01 00:00:01,,,,,4520441,1082,4520441,4520.441,
2025-12-01 01:00:01,,,,,4521498,1057,4521498,4521.498,
2025-12-01 02:00:01,,,,,4522537,1039,4522537,4522.537,
2025-12-01 03:00:01,,,,,4523581,1044,4523581,4523.581,
2025-12-01 04:00:01,,,,,4524586,1005,4524586,4524.586,
2025-12-01 04:36:01,23.59,,,,4525093,507,4525093,4525.093,
2025-12-01 04:37:09,,3.65,,,,,,,-52
2025-12-01 05:00:01,,,,,4525378,285,4525378,4525.378,
2025-12-01 06:00:01,,,,,4525803,425,4525803,4525.803,
2025-12-01 07:00:01,,,,,4525945,142,4525945,4525.945,
2025-12-01 08:00:01,,,,,4525963,18,4525963,4525.963,
2025-12-01 09:00:01,,,,,4525963,0,4525963,4525.963,
2025-12-01 10:00:01,,,,,4525963,0,4525963,4525.963,
2025-12-01 11:00:01,,,,,4525963,0,4525963,4525.963,
2025-12-01 12:00:01,,,,,4525963,0,4525963,4525.963,
2025-12-01 13:00:01,,,,,4525963,0,4525963,4525.963,
2025-12-01 14:00:01,,,,,4525963,0,4525963,4525.963,
2025-12-01 15:00:01,,,,,4525963,0,4525963,4525.963,
2025-12-01 16:00:01,,,,,4525963,0,4525963,4525.963,
2025-12-01 17:00:01,,,,,4525963,0,4525963,4525.963,
2025-12-01 18:00:01,,,,,4525963,0,4525963,4525.963,
2025-12-01 19:00:01,,,,,4525963,0,4525963,4525.963,
2025-12-01 20:00:01,,,,,4525963,0,4525963,4525.963,
2025-12-01 21:00:01,,,,,4525963,0,4525963,4525.963,
2025-12-01 22:00:01,,,,,4525963,0,4525963,4525.963,
2025-12-01 23:00:01,,,,,4525963,0,4525963,4525.963,
2025-12-02 00:00:01,,,,,4526839,876,4526839,4526.839,
2025-12-02 01:00:01,,,,,4527912,1073,4527912,4527.912,
2025-12-02 02:00:01,,,,,4528973,1061,4528973,4528.973,
2025-12-02 03:00:01,,,,,4530022,1049,4530022,4530.022,
2025-12-02 04:00:01,,,,,4530999,977,4530999,4530.999,
2025-12-02 04:36:01,21.66,,,,4531471,472,4531471,4531.471,
2025-12-02 04:37:07,,,"a00064-00004",,,,,,
2025-12-02 04:37:47,,,"a00077-00008",,,,,,
2025-12-02 04:39:04,,3.65,,,,,,,-53
2025-12-02 05:00:01,,,,,4531757,286,4531757,4531.757,
2025-12-02 06:00:01,,,,,4532275,518,4532275,4532.275,
2025-12-02 07:00:01,,,,,4532282,7,4532282,4532.282,
2025-12-02 08:00:01,,,,,4532282,0,4532282,4532.282,
2025-12-02 09:00:01,,,,,4532282,0,4532282,4532.282,
2025-12-02 10:00:01,,,,,4532282,0,4532282,4532.282,
2025-12-02 11:00:01,,,,,4532282,0,4532282,4532.282,
2025-12-02 12:00:01,,,,,4532282,0,4532282,4532.282,
2025-12-02 13:00:01,,,,,4532282,0,4532282,4532.282,
2025-12-02 14:00:01,,,,,4532288,6,4532288,4532.288,
2025-12-02 15:00:01,,,,,4532524,236,4532524,4532.524,
2025-12-02 16:00:01,,,,,4532553,29,4532553,4532.553,
2025-12-02 17:00:01,,,,,4532649,96,4532649,4532.649,
2025-12-02 18:00:01,,,,,4532649,0,4532649,4532.649,
2025-12-02 19:00:01,,,,,4532649,0,4532649,4532.649,
2025-12-02 20:00:01,,,,,4532649,0,4532649,4532.649,
2025-12-02 21:00:01,,,,,4532649,0,4532649,4532.649,
2025-12-02 22:00:01,,,,,4532755,106,4532755,4532.755,
2025-12-02 23:00:01,,,,,4533730,975,4533730,4533.73,
2025-12-03 00:00:01,,,,,4534826,1096,4534826,4534.826,
2025-12-03 01:00:01,,,,,4535889,1063,4535889,4535.889,
2025-12-03 02:00:01,,,,,4536931,1042,4536931,4536.931,
2025-12-03 03:00:01,,,,,4537955,1024,4537955,4537.955,
2025-12-03 04:00:01,,,,,4539012,1057,4539012,4539.012,
2025-12-03 04:36:01,23.59,,,,4539643,631,4539643,4539.643,
2025-12-03 04:37:30,,,"a00077-00008",,,,,,
2025-12-03 04:38:29,,3.65,,,,,,,-53
2025-12-03 05:00:01,,,,,4539931,288,4539931,4539.931,
2025-12-03 06:00:01,,,,,4540400,469,4540400,4540.4,
2025-12-03 07:00:01,,,,,4540400,0,4540400,4540.4,
2025-12-03 08:00:01,,,,,4540401,1,4540401,4540.401,
2025-12-03 09:00:01,,,,,4540401,0,4540401,4540.401,
2025-12-03 10:00:01,,,,,4540406,5,4540406,4540.406,
2025-12-03 11:00:01,,,,,4540436,30,4540436,4540.436,
2025-12-03 12:00:01,,,,,4540458,22,4540458,4540.458,
2025-12-03 13:00:01,,,,,4540468,10,4540468,4540.468,
2025-12-03 14:00:01,,,,,4540489,21,4540489,4540.489,
2025-12-03 15:00:01,,,,,4540494,5,4540494,4540.494,
2025-12-03 16:00:01,,,,,4540523,29,4540523,4540.523,
2025-12-03 17:00:01,,,,,4540692,169,4540692,4540.692,
2025-12-03 18:00:01,,,,,4540692,0,4540692,4540.692,
2025-12-03 19:00:01,,,,,4540763,71,4540763,4540.763,
2025-12-03 20:00:01,,,,,4540763,0,4540763,4540.763,
2025-12-03 21:00:01,,,,,4540763,0,4540763,4540.763,
2025-12-03 22:00:01,,,,,4541073,310,4541073,4541.073,
2025-12-03 23:00:01,,,,,4542128,1055,4542128,4542.128,
2025-12-04 00:00:01,,,,,4543177,1049,4543177,4543.177,
2025-12-04 01:00:01,,,,,4544068,891,4544068,4544.068,
2025-12-04 02:00:01,,,,,4544973,905,4544973,4544.973,
2025-12-04 03:00:01,,,,,4545981,1008,4545981,4545.981,
2025-12-04 04:00:01,,,,,4546980,999,4546980,4546.98,
2025-12-04 04:36:01,25.94,,,,4547522,542,4547522,4547.522,
2025-12-04 04:37:28,,3.64,,,,,,,-52
2025-12-04 05:00:01,,,,,4547921,399,4547921,4547.921,
2025-12-04 06:00:01,,,,,4548655,734,4548655,4548.655,
2025-12-04 07:00:01,,,,,4548756,101,4548756,4548.756,
2025-12-04 08:00:01,,,,,4548756,0,4548756,4548.756,
2025-12-04 09:00:01,,,,,4548756,0,4548756,4548.756,
2025-12-04 10:00:01,,,,,4548756,0,4548756,4548.756,
2025-12-04 11:00:01,,,,,4548792,36,4548792,4548.792,
2025-12-04 12:00:01,,,,,4548792,0,4548792,4548.792,
2025-12-04 13:00:01,,,,,4548803,11,4548803,4548.803,
2025-12-04 14:00:01,,,,,4548807,4,4548807,4548.807,
2025-12-04 15:00:01,,,,,4548807,0,4548807,4548.807,
2025-12-04 16:00:01,,,,,4548815,8,4548815,4548.815,
2025-12-04 17:00:01,,,,,4548892,77,4548892,4548.892,
2025-12-04 18:00:01,,,,,4548892,0,4548892,4548.892,
2025-12-04 19:00:01,,,,,4548892,0,4548892,4548.892,
2025-12-04 20:00:01,,,,,4548892,0,4548892,4548.892,
2025-12-04 21:00:01,,,,,4548892,0,4548892,4548.892,
2025-12-04 22:00:01,,,,,4549203,311,4549203,4549.203,
2025-12-04 23:00:01,,,,,4550260,1057,4550260,4550.26,
2025-12-05 00:00:01,,,,,4551312,1052,4551312,4551.312,
2025-12-05 01:00:01,,,,,4552213,901,4552213,4552.213,
2025-12-05 02:00:01,,,,,4553131,918,4553131,4553.131,
2025-12-05 03:00:01,,,,,4554145,1014,4554145,4554.145,
2025-12-05 04:00:01,,,,,4555149,1004,4555149,4555.149,
2025-12-05 04:36:01,28.7,,,,4555705,556,4555705,4555.705,
2025-12-05 04:37:19,,3.64,,,,,,,-52
2025-12-05 05:00:01,,,,,4556110,405,4556110,4556.11,
2025-12-05 06:00:01,,,,,4556432,322,4556432,4556.432,
2025-12-05 07:00:01,,,,,4556451,19,4556451,4556.451,
2025-12-05 08:00:01,,,,,4556451,0,4556451,4556.451,
2025-12-05 09:00:01,,,,,4556451,0,4556451,4556.451,
2025-12-05 10:00:01,,,,,4556451,0,4556451,4556.451,
2025-12-05 11:00:01,,,,,4556451,0,4556451,4556.451,
2025-12-05 12:00:01,,,,,4556451,0,4556451,4556.451,
2025-12-05 13:00:01,,,,,4556599,148,4556599,4556.599,
2025-12-05 14:00:01,,,,,4556790,191,4556790,4556.79,
2025-12-05 15:00:01,,,,,4556814,24,4556814,4556.814,
2025-12-05 16:00:01,,,,,4556814,0,4556814,4556.814,
2025-12-05 17:00:01,,,,,4557108,294,4557108,4557.108,
2025-12-05 18:00:01,,,,,4557220,112,4557220,4557.22,
2025-12-05 19:00:01,,,,,4557220,0,4557220,4557.22,
2025-12-05 20:00:01,,,,,4557220,0,4557220,4557.22,
2025-12-05 21:00:01,,,,,4557220,0,4557220,4557.22,
2025-12-05 22:00:01,,,,,4557220,0,4557220,4557.22,
2025-12-05 23:00:01,,,,,4557985,765,4557985,4557.985,
2025-12-06 00:00:01,,,,,4559007,1022,4559007,4559.007,
2025-12-06 01:00:01,,,,,4559970,963,4559970,4559.97,
2025-12-06 02:00:01,,,,,4560984,1014,4560984,4560.984,
2025-12-06 03:00:01,,,,,4561956,972,4561956,4561.956,
2025-12-06 04:00:01,,,,,4562790,834,4562790,4562.79,
2025-12-06 04:36:01,31.28,,,,4563245,455,4563245,4563.245,
2025-12-06 04:38:29,,3.65,,,,,,,-51
2025-12-06 05:00:01,,,,,4563447,202,4563447,4563.447,
2025-12-06 06:00:01,,,,,4563568,121,4563568,4563.568,
2025-12-06 07:00:01,,,,,4563825,257,4563825,4563.825,
2025-12-06 08:00:01,,,,,4563872,47,4563872,4563.872,
2025-12-06 09:00:01,,,,,4563873,1,4563873,4563.873,
2025-12-06 10:00:01,,,,,4563873,0,4563873,4563.873,
2025-12-06 11:00:01,,,,,4563873,0,4563873,4563.873,
2025-12-06 12:00:01,,,,,4563873,0,4563873,4563.873,
2025-12-06 13:00:01,,,,,4563873,0,4563873,4563.873,
2025-12-06 14:00:01,,,,,4563873,0,4563873,4563.873,
2025-12-06 15:00:01,,,,,4563873,0,4563873,4563.873,
2025-12-06 16:00:01,,,,,4563879,6,4563879,4563.879,
2025-12-06 17:00:01,,,,,4563883,4,4563883,4563.883,
2025-12-06 18:00:01,,,,,4563883,0,4563883,4563.883,
2025-12-06 19:00:01,,,,,4563883,0,4563883,4563.883,
2025-12-06 20:00:01,,,,,4563883,0,4563883,4563.883,
2025-12-06 21:00:01,,,,,4563883,0,4563883,4563.883,
2025-12-06 22:00:01,,,,,4563883,0,4563883,4563.883,
2025-12-06 23:00:01,,,,,4564365,482,4564365,4564.365,
2025-12-07 00:00:01,,,,,4565401,1036,4565401,4565.401,
2025-12-07 01:00:01,,,,,4566368,967,4566368,4566.368,
2025-12-07 02:00:01,,,,,4567383,1015,4567383,4567.383,
2025-12-07 03:00:01,,,,,4568348,965,4568348,4568.348,
2025-12-07 04:00:01,,,,,4569196,848,4569196,4569.196,
2025-12-07 04:36:01,29.26,,,,4569642,446,4569642,4569.642,
2025-12-07 04:37:13,,3.66,,,,,,,-53
2025-12-07 05:00:01,,,,,4569792,150,4569792,4569.792,
2025-12-07 06:00:01,,,,,4569814,22,4569814,4569.814,
2025-12-07 07:00:01,,,,,4569814,0,4569814,4569.814,
2025-12-07 08:00:01,,,,,4569814,0,4569814,4569.814,
2025-12-07 09:00:01,,,,,4569814,0,4569814,4569.814,
2025-12-07 10:00:01,,,,,4569814,0,4569814,4569.814,
2025-12-07 11:00:01,,,,,4569814,0,4569814,4569.814,
2025-12-07 12:00:01,,,,,4569814,0,4569814,4569.814,
2025-12-07 13:00:01,,,,,4569814,0,4569814,4569.814,
2025-12-07 14:00:01,,,,,4569814,0,4569814,4569.814,
2025-12-07 15:00:01,,,,,4569814,0,4569814,4569.814,
2025-12-07 16:00:01,,,,,4569814,0,4569814,4569.814,
2025-12-07 17:00:01,,,,,4569814,0,4569814,4569.814,
2025-12-07 18:00:01,,,,,4569814,0,4569814,4569.814,
2025-12-07 19:00:01,,,,,4569814,0,4569814,4569.814,
2025-12-07 20:00:01,,,,,4569814,0,4569814,4569.814,
2025-12-07 21:00:01,,,,,4569814,0,4569814,4569.814,
2025-12-07 22:00:01,,,,,4569814,0,4569814,4569.814,
2025-12-07 23:00:01,,,,,4570298,484,4570298,4570.298,
2025-12-08 00:00:01,,,,,4571324,1026,4571324,4571.324,
2025-12-08 01:00:01,,,,,4572243,919,4572243,4572.243,
2025-12-08 02:00:01,,,,,4573250,1007,4573250,4573.25,
2025-12-08 03:00:01,,,,,4574200,950,4574200,4574.2,
2025-12-08 04:00:01,,,,,4574516,316,4574516,4574.516,
2025-12-08 04:36:01,25.42,,,,4574516,0,4574516,4574.516,
2025-12-08 04:37:18,,3.64,,,,,,,-52
2025-12-08 05:00:01,,,,,4574516,0,4574516,4574.516,
2025-12-08 06:00:01,,,,,4574516,0,4574516,4574.516,
2025-12-08 07:00:01,,,,,4574518,2,4574518,4574.518,
2025-12-08 08:00:01,,,,,4574518,0,4574518,4574.518,
2025-12-08 09:00:01,,,,,4574583,65,4574583,4574.583,
2025-12-08 10:00:01,,,,,4574622,39,4574622,4574.622,
2025-12-08 11:00:01,,,,,4574822,200,4574822,4574.822,
2025-12-08 12:00:01,,,,,4574956,134,4574956,4574.956,
2025-12-08 13:00:01,,,,,4574960,4,4574960,4574.96,
2025-12-08 14:00:01,,,,,4575033,73,4575033,4575.033,
2025-12-08 15:00:01,,,,,4575166,133,4575166,4575.166,
2025-12-08 16:00:01,,,,,4575198,32,4575198,4575.198,
2025-12-08 17:00:01,,,,,4575211,13,4575211,4575.211,
2025-12-08 18:00:01,,,,,4575211,0,4575211,4575.211,
2025-12-08 19:00:01,,,,,4575211,0,4575211,4575.211,
2025-12-08 20:00:01,,,,,4575211,0,4575211,4575.211,
2025-12-08 21:00:01,,,,,4575211,0,4575211,4575.211,
2025-12-08 22:00:01,,,,,4575211,0,4575211,4575.211,
2025-12-08 23:00:01,,,,,4575211,0,4575211,4575.211,
2025-12-09 00:00:01,,,,,4576149,938,4576149,4576.149,
2025-12-09 01:00:01,,,,,4577074,925,4577074,4577.074,
2025-12-09 02:00:01,,,,,4577983,909,4577983,4577.983,
2025-12-09 03:00:01,,,,,4579011,1028,4579011,4579.011,
2025-12-09 04:00:01,,,,,4579944,933,4579944,4579.944,
2025-12-09 04:36:01,26.07,,,,4580553,609,4580553,4580.553,
2025-12-09 04:37:11,,3.64,,,,,,,-52
2025-12-09 05:00:01,,,,,4580952,399,4580952,4580.952,
2025-12-09 06:00:01,,,,,4581526,574,4581526,4581.526,
2025-12-09 07:00:01,,,,,4581531,5,4581531,4581.531,
2025-12-09 08:00:01,,,,,4581531,0,4581531,4581.531,
2025-12-09 09:00:01,,,,,4581531,0,4581531,4581.531,
2025-12-09 10:00:01,,,,,4581531,0,4581531,4581.531,
2025-12-09 11:00:01,,,,,4581531,0,4581531,4581.531,
2025-12-09 12:00:01,,,,,4581531,0,4581531,4581.531,
2025-12-09 13:00:01,,,,,4581531,0,4581531,4581.531,
2025-12-09 14:00:01,,,,,4581531,0,4581531,4581.531,
2025-12-09 15:00:01,,,,,4581531,0,4581531,4581.531,
2025-12-09 16:00:01,,,,,4581531,0,4581531,4581.531,
2025-12-09 17:00:01,,,,,4581531,0,4581531,4581.531,
2025-12-09 18:00:01,,,,,4581664,133,4581664,4581.664,
2025-12-09 19:00:01,,,,,4581664,0,4581664,4581.664,
2025-12-09 20:00:01,,,,,4581664,0,4581664,4581.664,
2025-12-09 21:00:01,,,,,4581664,0,4581664,4581.664,
2025-12-09 22:00:01,,,,,4581664,0,4581664,4581.664,
2025-12-09 23:00:01,,,,,4581664,0,4581664,4581.664,
2025-12-10 00:00:01,,,,,4581729,65,4581729,4581.729,
2025-12-10 01:00:01,,,,,4581729,0,4581729,4581.729,
2025-12-10 02:00:01,,,,,4581729,0,4581729,4581.729,
2025-12-10 03:00:01,,,,,4581729,0,4581729,4581.729,
2025-12-10 04:00:01,,,,,4581729,0,4581729,4581.729,
2025-12-10 04:36:01,28.38,,,,4581729,0,4581729,4581.729,
2025-12-10 04:37:07,,3.64,,,,,,,-51
2025-12-10 05:00:01,,,,,4581729,0,4581729,4581.729,
2025-12-10 06:00:01,,,,,4582077,348,4582077,4582.077,
2025-12-10 07:00:01,,,,,4582577,500,4582577,4582.577,
2025-12-10 08:00:01,,,,,4582902,325,4582902,4582.902,
2025-12-10 09:00:01,,,,,4583030,128,4583030,4583.03,
2025-12-10 10:00:01,,,,,4583046,16,4583046,4583.046,
2025-12-10 11:00:01,,,,,4583063,17,4583063,4583.063,
2025-12-10 12:00:01,,,,,4583076,13,4583076,4583.076,
2025-12-10 13:00:01,,,,,4583122,46,4583122,4583.122,
2025-12-10 14:00:01,,,,,4583122,0,4583122,4583.122,
2025-12-10 15:00:01,,,,,4583122,0,4583122,4583.122,
2025-12-10 16:00:01,,,,,4583412,290,4583412,4583.412,
2025-12-10 17:00:01,,,,,4584123,711,4584123,4584.123,
2025-12-10 18:00:01,,,,,4584270,147,4584270,4584.27,
2025-12-10 19:00:01,,,,,4584302,32,4584302,4584.302,
2025-12-10 20:00:01,,,,,4584302,0,4584302,4584.302,
2025-12-10 21:00:01,,,,,4584303,1,4584303,4584.303,
2025-12-10 22:00:01,,,,,4584303,0,4584303,4584.303,
2025-12-10 23:00:01,,,,,4584303,0,4584303,4584.303,
2025-12-11 00:00:01,,,,,4584640,337,4584640,4584.64,
2025-12-11 01:00:01,,,,,4585564,924,4585564,4585.564,
2025-12-11 02:00:01,,,,,4586480,916,4586480,4586.48,
2025-12-11 03:00:01,,,,,4587414,934,4587414,4587.414,
2025-12-11 04:00:01,,,,,4588349,935,4588349,4588.349,
2025-12-11 04:36:01,29.07,,,,4588910,561,4588910,4588.91,
2025-12-11 04:37:10,,3.65,,,,,,,-52
2025-12-11 05:00:01,,,,,4589266,356,4589266,4589.266,
2025-12-11 06:00:01,,,,,4589881,615,4589881,4589.881,
2025-12-11 07:00:01,,,,,4590013,132,4590013,4590.013,
2025-12-11 08:00:01,,,,,4590061,48,4590061,4590.061,
2025-12-11 09:00:01,,,,,4590067,6,4590067,4590.067,
2025-12-11 10:00:01,,,,,4590088,21,4590088,4590.088,
2025-12-11 11:00:01,,,,,4590088,0,4590088,4590.088,
2025-12-11 12:00:01,,,,,4590088,0,4590088,4590.088,
2025-12-11 13:00:01,,,,,4590088,0,4590088,4590.088,
2025-12-11 14:00:01,,,,,4590124,36,4590124,4590.124,
2025-12-11 15:00:01,,,,,4590144,20,4590144,4590.144,
2025-12-11 16:00:01,,,,,4590242,98,4590242,4590.242,
2025-12-11 17:00:01,,,,,4590242,0,4590242,4590.242,
2025-12-11 18:00:01,,,,,4590242,0,4590242,4590.242,
2025-12-11 19:00:01,,,,,4590242,0,4590242,4590.242,
2025-12-11 20:00:01,,,,,4590242,0,4590242,4590.242,
2025-12-11 21:00:01,,,,,4590242,0,4590242,4590.242,
2025-12-11 22:00:01,,,,,4590242,0,4590242,4590.242,
2025-12-11 23:00:01,,,,,4590242,0,4590242,4590.242,
2025-12-12 00:00:01,,,,,4591228,986,4591228,4591.228,
2025-12-12 01:00:01,,,,,4592154,926,4592154,4592.154,
2025-12-12 02:00:01,,,,,4593177,1023,4593177,4593.177,
2025-12-12 03:00:01,,,,,4594165,988,4594165,4594.165,
2025-12-12 04:00:01,,,,,4595141,976,4595141,4595.141,
2025-12-12 04:36:01,27.32,,,,4595733,592,4595733,4595.733,
2025-12-12 04:37:11,,3.64,,,,,,,-51
2025-12-12 05:00:01,,,,,4596137,404,4596137,4596.137,
2025-12-12 06:00:01,,,,,4596607,470,4596607,4596.607,
2025-12-12 07:00:01,,,,,4596607,0,4596607,4596.607,
2025-12-12 08:00:01,,,,,4596607,0,4596607,4596.607,
2025-12-12 09:00:01,,,,,4596607,0,4596607,4596.607,
2025-12-12 10:00:01,,,,,4596607,0,4596607,4596.607,
2025-12-12 11:00:01,,,,,4596607,0,4596607,4596.607,
2025-12-12 12:00:01,,,,,4596609,2,4596609,4596.609,
2025-12-12 13:00:01,,,,,4596609,0,4596609,4596.609,
2025-12-12 14:00:01,,,,,4596615,6,4596615,4596.615,
2025-12-12 15:00:01,,,,,4596615,0,4596615,4596.615,
2025-12-12 16:00:01,,,,,4596615,0,4596615,4596.615,
2025-12-12 17:00:01,,,,,4596615,0,4596615,4596.615,
2025-12-12 18:00:01,,,,,4596615,0,4596615,4596.615,
2025-12-12 19:00:01,,,,,4596615,0,4596615,4596.615,
2025-12-12 20:00:01,,,,,4596615,0,4596615,4596.615,
2025-12-12 21:00:01,,,,,4596615,0,4596615,4596.615,
2025-12-12 22:00:01,,,,,4596615,0,4596615,4596.615,
2025-12-12 23:00:01,,,,,4596615,0,4596615,4596.615,
2025-12-13 00:00:01,,,,,4597322,707,4597322,4597.322,
2025-12-13 01:00:01,,,,,4598092,770,4598092,4598.092,
2025-12-13 02:00:01,,,,,4599047,955,4599047,4599.047,
2025-12-13 03:00:01,,,,,4600009,962,4600009,4600.009,
2025-12-13 04:00:01,,,,,4600976,967,4600976,4600.976,
2025-12-13 04:36:01,28.06,,,,4601562,586,4601562,4601.562,
2025-12-13 04:37:08,,3.66,,,,,,,-52
2025-12-13 05:00:01,,,,,4601904,342,4601904,4601.904,
2025-12-13 06:00:01,,,,,4602428,524,4602428,4602.428,
2025-12-13 07:00:01,,,,,4602454,26,4602454,4602.454,
2025-12-13 08:00:01,,,,,4602501,47,4602501,4602.501,
2025-12-13 09:00:01,,,,,4602501,0,4602501,4602.501,
2025-12-13 10:00:01,,,,,4602501,0,4602501,4602.501,
2025-12-13 11:00:01,,,,,4602501,0,4602501,4602.501,
2025-12-13 12:00:01,,,,,4602501,0,4602501,4602.501,
2025-12-13 13:00:01,,,,,4602502,1,4602502,4602.502,
2025-12-13 14:00:01,,,,,4602502,0,4602502,4602.502,
2025-12-13 15:00:01,,,,,4602502,0,4602502,4602.502,
2025-12-13 16:00:01,,,,,4602502,0,4602502,4602.502,
2025-12-13 17:00:01,,,,,4602502,0,4602502,4602.502,
2025-12-13 18:00:01,,,,,4602502,0,4602502,4602.502,
2025-12-13 19:00:01,,,,,4602502,0,4602502,4602.502,
2025-12-13 20:00:01,,,,,4602502,0,4602502,4602.502,
2025-12-13 21:00:01,,,,,4602502,0,4602502,4602.502,
2025-12-13 22:00:01,,,,,4602502,0,4602502,4602.502,
2025-12-13 23:00:01,,,,,4602502,0,4602502,4602.502,
2025-12-14 00:00:01,,,,,4603458,956,4603458,4603.458,
2025-12-14 01:00:01,,,,,4604361,903,4604361,4604.361,
2025-12-14 02:00:01,,,,,4605358,997,4605358,4605.358,
2025-12-14 03:00:01,,,,,4606340,982,4606340,4606.34,
2025-12-14 04:00:01,,,,,4607291,951,4607291,4607.291,
2025-12-14 04:36:01,25.01,,,,4607864,573,4607864,4607.864,
2025-12-14 04:37:18,,3.65,,,,,,,-51
2025-12-14 05:00:01,,,,,4608233,369,4608233,4608.233,
2025-12-14 06:00:01,,,,,4608804,571,4608804,4608.804,
2025-12-14 07:00:01,,,,,4608805,1,4608805,4608.805,
2025-12-14 08:00:01,,,,,4608805,0,4608805,4608.805,
2025-12-14 09:00:01,,,,,4608805,0,4608805,4608.805,
2025-12-14 10:00:01,,,,,4608805,0,4608805,4608.805,
2025-12-14 11:00:01,,,,,4608805,0,4608805,4608.805,
2025-12-14 12:00:01,,,,,4608805,0,4608805,4608.805,
2025-12-14 13:00:01,,,,,4608805,0,4608805,4608.805,
2025-12-14 14:00:01,,,,,4608805,0,4608805,4608.805,
2025-12-14 15:00:01,,,,,4608805,0,4608805,4608.805,
2025-12-14 16:00:01,,,,,4608805,0,4608805,4608.805,
2025-12-14 17:00:01,,,,,4608805,0,4608805,4608.805,
2025-12-14 18:00:01,,,,,4608805,0,4608805,4608.805,
2025-12-14 19:00:01,,,,,4608805,0,4608805,4608.805,
2025-12-14 20:00:01,,,,,4608805,0,4608805,4608.805,
2025-12-14 21:00:01,,,,,4608805,0,4608805,4608.805,
2025-12-14 22:00:01,,,,,4608805,0,4608805,4608.805,
2025-12-14 23:00:01,,,,,4608805,0,4608805,4608.805,
2025-12-15 00:00:01,,,,,4609513,708,4609513,4609.513,
2025-12-15 01:00:01,,,,,4610310,797,4610310,4610.31,
2025-12-15 02:00:01,,,,,4611284,974,4611284,4611.284,
2025-12-15 03:00:01,,,,,4612268,984,4612268,4612.268,
2025-12-15 04:00:01,,,,,4613229,961,4613229,4613.229,
2025-12-15 04:36:01,26.47,,,,4613791,562,4613791,4613.791,
2025-12-15 04:37:07,,3.65,,,,,,,-52
2025-12-15 05:00:01,,,,,4614132,341,4614132,4614.132,
2025-12-15 06:00:01,,,,,4614543,411,4614543,4614.543,
2025-12-15 07:00:01,,,,,4614591,48,4614591,4614.591,
2025-12-15 08:00:01,,,,,4614593,2,4614593,4614.593,
2025-12-15 09:00:01,,,,,4614593,0,4614593,4614.593,
2025-12-15 10:00:01,,,,,4614593,0,4614593,4614.593,
2025-12-15 11:00:01,,,,,4614593,0,4614593,4614.593,
2025-12-15 12:00:01,,,,,4614593,0,4614593,4614.593,
2025-12-15 13:00:01,,,,,4614593,0,4614593,4614.593,
2025-12-15 14:00:01,,,,,4614593,0,4614593,4614.593,
2025-12-15 15:00:01,,,,,4614593,0,4614593,4614.593,
2025-12-15 16:00:01,,,,,4614709,116,4614709,4614.709,
2025-12-15 17:00:01,,,,,4614714,5,4614714,4614.714,
2025-12-15 18:00:01,,,,,4614735,21,4614735,4614.735,
2025-12-15 19:00:01,,,,,4614737,2,4614737,4614.737,
2025-12-15 20:00:01,,,,,4614737,0,4614737,4614.737,
2025-12-15 21:00:01,,,,,4614737,0,4614737,4614.737,
2025-12-15 22:00:01,,,,,4614737,0,4614737,4614.737,
2025-12-15 23:00:01,,,,,4614737,0,4614737,4614.737,
2025-12-16 00:00:01,,,,,4615149,412,4615149,4615.149,
2025-12-16 01:00:01,,,,,4616093,944,4616093,4616.093,
2025-12-16 02:00:01,,,,,4617032,939,4617032,4617.032,
2025-12-16 03:00:01,,,,,4617837,805,4617837,4617.837,
2025-12-16 04:00:01,,,,,4618723,886,4618723,4618.723,
2025-12-16 04:36:01,25.66,,,,4619277,554,4619277,4619.277,
2025-12-16 04:37:14,,3.65,,,,,,,-52
2025-12-16 05:00:01,,,,,4619646,369,4619646,4619.646,
2025-12-16 06:00:01,,,,,4619774,128,4619774,4619.774,
2025-12-16 07:00:01,,,,,4619911,137,4619911,4619.911,
2025-12-16 08:00:01,,,,,4620251,340,4620251,4620.251,
2025-12-16 09:00:01,,,,,4620390,139,4620390,4620.39,
2025-12-16 10:00:01,,,,,4620390,0,4620390,4620.39,
2025-12-16 11:00:01,,,,,4620390,0,4620390,4620.39,
2025-12-16 12:00:01,,,,,4620390,0,4620390,4620.39,
2025-12-16 13:00:01,,,,,4620390,0,4620390,4620.39,
2025-12-16 14:00:01,,,,,4620390,0,4620390,4620.39,
2025-12-16 15:00:01,,,,,4620391,1,4620391,4620.391,
2025-12-16 16:00:01,,,,,4620413,22,4620413,4620.413,
2025-12-16 17:00:01,,,,,4620427,14,4620427,4620.427,
2025-12-16 18:00:01,,,,,4620427,0,4620427,4620.427,
2025-12-16 19:00:01,,,,,4620427,0,4620427,4620.427,
2025-12-16 20:00:01,,,,,4620482,55,4620482,4620.482,
2025-12-16 21:00:01,,,,,4620482,0,4620482,4620.482,
2025-12-16 22:00:01,,,,,4620482,0,4620482,4620.482,
2025-12-16 23:00:01,,,,,4620482,0,4620482,4620.482,
2025-12-17 00:00:01,,,,,4621062,580,4621062,4621.062,
2025-12-17 01:00:01,,,,,4622001,939,4622001,4622.001,
2025-12-17 02:00:01,,,,,4622912,911,4622912,4622.912,
2025-12-17 03:00:01,,,,,4623835,923,4623835,4623.835,
2025-12-17 04:00:01,,,,,4624691,856,4624691,4624.691,
2025-12-17 04:36:01,27.74,,,,4625194,503,4625194,4625.194,
2025-12-17 04:37:07,,3.64,,,,,,,-52
2025-12-17 05:00:01,,,,,4625508,314,4625508,4625.508,
2025-12-17 06:00:01,,,,,4626022,514,4626022,4626.022,
2025-12-17 07:00:01,,,,,4626139,117,4626139,4626.139,
2025-12-17 08:00:01,,,,,4626139,0,4626139,4626.139,
2025-12-17 09:00:01,,,,,4626139,0,4626139,4626.139,
2025-12-17 10:00:01,,,,,4626139,0,4626139,4626.139,
2025-12-17 11:00:01,,,,,4626139,0,4626139,4626.139,
2025-12-17 12:00:01,,,,,4626142,3,4626142,4626.142,
2025-12-17 13:00:01,,,,,4626145,3,4626145,4626.145,
2025-12-17 14:00:01,,,,,4626147,2,4626147,4626.147,
2025-12-17 15:00:01,,,,,4626149,2,4626149,4626.149,
2025-12-17 16:00:01,,,,,4626154,5,4626154,4626.154,
2025-12-17 17:00:01,,,,,4626192,38,4626192,4626.192,
2025-12-17 18:00:01,,,,,4626206,14,4626206,4626.206,
2025-12-17 19:00:01,,,,,4626206,0,4626206,4626.206,
2025-12-17 20:00:01,,,,,4626206,0,4626206,4626.206,
2025-12-17 21:00:01,,,,,4626206,0,4626206,4626.206,
2025-12-17 22:00:01,,,,,4626206,0,4626206,4626.206,
2025-12-17 23:00:01,,,,,4626206,0,4626206,4626.206,
2025-12-18 00:00:01,,,,,4626535,329,4626535,4626.535,
2025-12-18 01:00:01,,,,,4627529,994,4627529,4627.529,
2025-12-18 02:00:01,,,,,4628518,989,4628518,4628.518,
2025-12-18 03:00:01,,,,,4629510,992,4629510,4629.51,
2025-12-18 04:00:01,,,,,4630454,944,4630454,4630.454,
2025-12-18 04:36:01,30.38,,,,4630928,474,4630928,4630.928,
2025-12-18 04:37:13,,3.65,,,,,,,-52
2025-12-18 05:00:01,,,,,4631255,327,4631255,4631.255,
2025-12-18 06:00:01,,,,,4631983,728,4631983,4631.983,
2025-12-18 07:00:01,,,,,4632078,95,4632078,4632.078,
2025-12-18 08:00:01,,,,,4632082,4,4632082,4632.082,
2025-12-18 09:00:01,,,,,4632086,4,4632086,4632.086,
2025-12-18 10:00:01,,,,,4632086,0,4632086,4632.086,
2025-12-18 11:00:01,,,,,4632086,0,4632086,4632.086,
2025-12-18 12:00:01,,,,,4632086,0,4632086,4632.086,
2025-12-18 13:00:01,,,,,4632086,0,4632086,4632.086,
2025-12-18 14:00:01,,,,,4632249,163,4632249,4632.249,
2025-12-18 15:00:01,,,,,4632424,175,4632424,4632.424,
2025-12-18 16:00:01,,,,,4632424,0,4632424,4632.424,
2025-12-18 17:00:01,,,,,4632602,178,4632602,4632.602,
2025-12-18 18:00:01,,,,,4632790,188,4632790,4632.79,
2025-12-18 19:00:01,,,,,4632790,0,4632790,4632.79,
2025-12-18 20:00:01,,,,,4632790,0,4632790,4632.79,
2025-12-18 21:00:01,,,,,4632790,0,4632790,4632.79,
2025-12-18 22:00:01,,,,,4632790,0,4632790,4632.79,
2025-12-18 23:00:01,,,,,4632790,0,4632790,4632.79,
2025-12-19 00:00:01,,,,,4633129,339,4633129,4633.129,
2025-12-19 01:00:01,,,,,4634133,1004,4634133,4634.133,
2025-12-19 02:00:01,,,,,4635133,1000,4635133,4635.133,
2025-12-19 03:00:01,,,,,4636132,999,4636132,4636.132,
2025-12-19 04:00:01,,,,,4637086,954,4637086,4637.086,
2025-12-19 04:36:01,32.7,,,,4637575,489,4637575,4637.575,
2025-12-19 04:37:16,,3.64,,,,,,,-51
2025-12-19 05:00:01,,,,,4637899,324,4637899,4637.899,
2025-12-19 06:00:01,,,,,4638034,135,4638034,4638.034,
2025-12-19 07:00:01,,,,,4638166,132,4638166,4638.166,
2025-12-19 08:00:01,,,,,4638340,174,4638340,4638.34,
2025-12-19 09:00:01,,,,,4638351,11,4638351,4638.351,
2025-12-19 10:00:01,,,,,4638361,10,4638361,4638.361,
2025-12-19 11:00:01,,,,,4638365,4,4638365,4638.365,
2025-12-19 12:00:01,,,,,4638371,6,4638371,4638.371,
2025-12-19 13:00:01,,,,,4638385,14,4638385,4638.385,
2025-12-19 14:00:01,,,,,4638385,0,4638385,4638.385,
2025-12-19 15:00:01,,,,,4638385,0,4638385,4638.385,
2025-12-19 16:00:01,,,,,4638385,0,4638385,4638.385,
2025-12-19 17:00:01,,,,,4638385,0,4638385,4638.385,
2025-12-19 18:00:01,,,,,4638385,0,4638385,4638.385,
2025-12-19 19:00:01,,,,,4638385,0,4638385,4638.385,
2025-12-19 20:00:01,,,,,4638385,0,4638385,4638.385,
2025-12-19 21:00:01,,,,,4638385,0,4638385,4638.385,
2025-12-19 22:00:01,,,,,4638385,0,4638385,4638.385,
2025-12-19 23:00:01,,,,,4638385,0,4638385,4638.385,
2025-12-20 00:00:01,,,,,4639351,966,4639351,4639.351,
2025-12-20 01:00:01,,,,,4640374,1023,4640374,4640.374,
2025-12-20 02:00:01,,,,,4641387,1013,4641387,4641.387,
2025-12-20 03:00:01,,,,,4642411,1024,4642411,4642.411,
2025-12-20 04:00:01,,,,,4643408,997,4643408,4643.408,
2025-12-20 04:36:01,31.49,,,,4643899,491,4643899,4643.899,
2025-12-20 04:37:07,,3.65,,,,,,,-50
2025-12-20 05:00:01,,,,,4644246,347,4644246,4644.246,
2025-12-20 06:00:01,,,,,4644455,209,4644455,4644.455,
2025-12-20 07:00:01,,,,,4644462,7,4644462,4644.462,
2025-12-20 08:00:01,,,,,4644470,8,4644470,4644.47,
2025-12-20 09:00:01,,,,,4644470,0,4644470,4644.47,
2025-12-20 10:00:01,,,,,4644470,0,4644470,4644.47,
2025-12-20 11:00:01,,,,,4644470,0,4644470,4644.47,
2025-12-20 12:00:01,,,,,4644470,0,4644470,4644.47,
2025-12-20 13:00:01,,,,,4644470,0,4644470,4644.47,
2025-12-20 14:00:01,,,,,4644470,0,4644470,4644.47,
2025-12-20 15:00:01,,,,,4644486,16,4644486,4644.486,
2025-12-20 16:00:01,,,,,4644497,11,4644497,4644.497,
2025-12-20 17:00:01,,,,,4644514,17,4644514,4644.514,
2025-12-20 18:00:01,,,,,4644514,0,4644514,4644.514,
2025-12-20 19:00:01,,,,,4644514,0,4644514,4644.514,
2025-12-20 20:00:01,,,,,4644514,0,4644514,4644.514,
2025-12-20 21:00:01,,,,,4644514,0,4644514,4644.514,
2025-12-20 22:00:01,,,,,4644514,0,4644514,4644.514,
2025-12-20 23:00:01,,,,,4644514,0,4644514,4644.514,
2025-12-21 00:00:01,,,,,4644702,188,4644702,4644.702,
2025-12-21 01:00:01,,,,,4645721,1019,4645721,4645.721,
2025-12-21 02:00:01,,,,,4646737,1016,4646737,4646.737,
2025-12-21 03:00:01,,,,,4647748,1011,4647748,4647.748,
2025-12-21 04:00:01,,,,,4648749,1001,4648749,4648.749,
2025-12-21 04:36:01,31.77,,,,4649290,541,4649290,4649.29,
2025-12-21 04:37:14,,3.65,,,,,,,-51
2025-12-21 05:00:01,,,,,4649634,344,4649634,4649.634,
2025-12-21 06:00:01,,,,,4650269,635,4650269,4650.269,
2025-12-21 07:00:01,,,,,4650441,172,4650441,4650.441,
2025-12-21 08:00:01,,,,,4650441,0,4650441,4650.441,
2025-12-21 09:00:01,,,,,4650441,0,4650441,4650.441,
2025-12-21 10:00:01,,,,,4650441,0,4650441,4650.441,
2025-12-21 11:00:01,,,,,4650441,0,4650441,4650.441,
2025-12-21 12:00:01,,,,,4650441,0,4650441,4650.441,
2025-12-21 13:00:01,,,,,4650441,0,4650441,4650.441,
2025-12-21 14:00:01,,,,,4650441,0,4650441,4650.441,
2025-12-21 15:00:01,,,,,4650458,17,4650458,4650.458,
2025-12-21 16:00:01,,,,,4650458,0,4650458,4650.458,
2025-12-21 17:00:01,,,,,4650461,3,4650461,4650.461,
2025-12-21 18:00:01,,,,,4650461,0,4650461,4650.461,
2025-12-21 19:00:01,,,,,4650461,0,4650461,4650.461,
2025-12-21 20:00:01,,,,,4650461,0,4650461,4650.461,
2025-12-21 21:00:01,,,,,4650461,0,4650461,4650.461,
2025-12-21 22:00:01,,,,,4650461,0,4650461,4650.461,
2025-12-21 23:00:01,,,,,4650461,0,4650461,4650.461,
2025-12-22 00:00:01,,,,,4650650,189,4650650,4650.65,
2025-12-22 01:00:01,,,,,4651670,1020,4651670,4651.67,
2025-12-22 02:00:01,,,,,4652683,1013,4652683,4652.683,
2025-12-22 03:00:01,,,,,4653690,1007,4653690,4653.69,
2025-12-22 04:00:01,,,,,4654686,996,4654686,4654.686,
2025-12-22 04:36:01,28.12,,,,4655230,544,4655230,4655.23,
2025-12-22 04:37:07,,3.65,,,,,,,-51
2025-12-22 05:00:01,,,,,4655582,352,4655582,4655.582,
2025-12-22 06:00:01,,,,,4655838,256,4655838,4655.838,
2025-12-22 07:00:01,,,,,4655838,0,4655838,4655.838,
2025-12-22 08:00:01,,,,,4655838,0,4655838,4655.838,
2025-12-22 09:00:01,,,,,4655838,0,4655838,4655.838,
2025-12-22 10:00:01,,,,,4655838,0,4655838,4655.838,
2025-12-22 11:00:01,,,,,4655838,0,4655838,4655.838,
2025-12-22 12:00:01,,,,,4655853,15,4655853,4655.853,
2025-12-22 13:00:01,,,,,4655857,4,4655857,4655.857,
2025-12-22 14:00:01,,,,,4655857,0,4655857,4655.857,
2025-12-22 15:00:01,,,,,4655857,0,4655857,4655.857,
2025-12-22 16:00:01,,,,,4655857,0,4655857,4655.857,
2025-12-22 17:00:01,,,,,4655857,0,4655857,4655.857,
2025-12-22 18:00:01,,,,,4655857,0,4655857,4655.857,
2025-12-22 19:00:01,,,,,4655857,0,4655857,4655.857,
2025-12-22 20:00:01,,,,,4655875,18,4655875,4655.875,
2025-12-22 21:00:01,,,,,4655875,0,4655875,4655.875,
2025-12-22 22:00:01,,,,,4655875,0,4655875,4655.875,
2025-12-22 23:00:01,,,,,4655875,0,4655875,4655.875,
2025-12-23 00:00:01,,,,,4656209,334,4656209,4656.209,
2025-12-23 01:00:01,,,,,4657207,998,4657207,4657.207,
2025-12-23 02:00:01,,,,,4658199,992,4658199,4658.199,
2025-12-23 03:00:01,,,,,4659200,1001,4659200,4659.2,
2025-12-23 04:00:01,,,,,4660179,979,4660179,4660.179,
2025-12-23 04:36:01,27.79,,,,4660753,574,4660753,4660.753,
2025-12-23 04:37:08,,3.65,,,,,,,-51
2025-12-23 05:00:01,,,,,4661071,318,4661071,4661.071,
2025-12-23 06:00:01,,,,,4661830,759,4661830,4661.83,
2025-12-23 07:00:01,,,,,4661851,21,4661851,4661.851,
2025-12-23 08:00:01,,,,,4661881,30,4661881,4661.881,
2025-12-23 09:00:01,,,,,4661887,6,4661887,4661.887,
2025-12-23 10:00:01,,,,,4661887,0,4661887,4661.887,
2025-12-23 11:00:01,,,,,4661887,0,4661887,4661.887,
2025-12-23 12:00:01,,,,,4661931,44,4661931,4661.931,
2025-12-23 13:00:01,,,,,4661931,0,4661931,4661.931,
2025-12-23 14:00:01,,,,,4661931,0,4661931,4661.931,
2025-12-23 15:00:01,,,,,4661931,0,4661931,4661.931,
2025-12-23 16:00:01,,,,,4661931,0,4661931,4661.931,
2025-12-23 17:00:01,,,,,4662006,75,4662006,4662.006,
2025-12-23 18:00:01,,,,,4662006,0,4662006,4662.006,
2025-12-23 19:00:01,,,,,4662006,0,4662006,4662.006,
2025-12-23 20:00:01,,,,,4662006,0,4662006,4662.006,
2025-12-23 21:00:01,,,,,4662006,0,4662006,4662.006,
2025-12-23 22:00:01,,,,,4662006,0,4662006,4662.006,
2025-12-23 23:00:01,,,,,4662006,0,4662006,4662.006,
2025-12-24 00:00:01,,,,,4662924,918,4662924,4662.924,
2025-12-24 01:00:01,,,,,4663884,960,4663884,4663.884,
2025-12-24 02:00:01,,,,,4664861,977,4664861,4664.861,
2025-12-24 03:00:01,,,,,4665825,964,4665825,4665.825,
2025-12-24 04:00:01,,,,,4666790,965,4666790,4666.79,
2025-12-24 04:36:01,27.87,,,,4667282,492,4667282,4667.282,
2025-12-24 04:37:15,,3.65,,,,,,,-51
2025-12-24 05:00:01,,,,,4667591,309,4667591,4667.591,
2025-12-24 06:00:01,,,,,4667969,378,4667969,4667.969,
2025-12-24 07:00:01,,,,,4667969,0,4667969,4667.969,
2025-12-24 08:00:01,,,,,4667969,0,4667969,4667.969,
2025-12-24 09:00:01,,,,,4667969,0,4667969,4667.969,
2025-12-24 10:00:01,,,,,4667969,0,4667969,4667.969,
2025-12-24 11:00:01,,,,,4667969,0,4667969,4667.969,
2025-12-24 12:00:01,,,,,4667969,0,4667969,4667.969,
2025-12-24 13:00:01,,,,,4667969,0,4667969,4667.969,
2025-12-24 14:00:01,,,,,4668010,41,4668010,4668.01,
2025-12-24 15:00:01,,,,,4668018,8,4668018,4668.018,
2025-12-24 16:00:01,,,,,4668018,0,4668018,4668.018,
2025-12-24 17:00:01,,,,,4668021,3,4668021,4668.021,
2025-12-24 18:00:01,,,,,4668021,0,4668021,4668.021,
2025-12-24 19:00:01,,,,,4668021,0,4668021,4668.021,
2025-12-24 20:00:01,,,,,4668021,0,4668021,4668.021,
2025-12-24 21:00:01,,,,,4668021,0,4668021,4668.021,
2025-12-24 22:00:01,,,,,4668021,0,4668021,4668.021,
2025-12-24 23:00:01,,,,,4668021,0,4668021,4668.021,
2025-12-25 00:00:01,,,,,4668940,919,4668940,4668.94,
2025-12-25 01:00:01,,,,,4669906,966,4669906,4669.906,
2025-12-25 02:00:01,,,,,4670870,964,4670870,4670.87,
2025-12-25 03:00:01,,,,,4671833,963,4671833,4671.833,
2025-12-25 04:00:01,,,,,4672789,956,4672789,4672.789,
2025-12-25 04:36:01,27.92,,,,4673283,494,4673283,4673.283,
2025-12-25 04:37:13,,3.66,,,,,,,-51
2025-12-25 05:00:01,,,,,4673597,314,4673597,4673.597,
2025-12-25 06:00:01,,,,,4674170,573,4674170,4674.17,
2025-12-25 07:00:01,,,,,4674176,6,4674176,4674.176,
2025-12-25 08:00:01,,,,,4674180,4,4674180,4674.18,
2025-12-25 09:00:01,,,,,4674180,0,4674180,4674.18,
2025-12-25 10:00:01,,,,,4674180,0,4674180,4674.18,
2025-12-25 11:00:01,,,,,4674180,0,4674180,4674.18,
2025-12-25 12:00:01,,,,,4674180,0,4674180,4674.18,
2025-12-25 13:00:01,,,,,4674180,0,4674180,4674.18,
2025-12-25 14:00:01,,,,,4674184,4,4674184,4674.184,
2025-12-25 15:00:01,,,,,4674197,13,4674197,4674.197,
2025-12-25 16:00:01,,,,,4674197,0,4674197,4674.197,
2025-12-25 17:00:01,,,,,4674197,0,4674197,4674.197,
2025-12-25 18:00:01,,,,,4674197,0,4674197,4674.197,
2025-12-25 19:00:01,,,,,4674197,0,4674197,4674.197,
2025-12-25 20:00:01,,,,,4674197,0,4674197,4674.197,
2025-12-25 21:00:01,,,,,4674197,0,4674197,4674.197,
2025-12-25 22:00:01,,,,,4674197,0,4674197,4674.197,
2025-12-25 23:00:01,,,,,4674197,0,4674197,4674.197,
2025-12-26 00:00:01,,,,,4674947,750,4674947,4674.947,
2025-12-26 01:00:01,,,,,4675924,977,4675924,4675.924,
2025-12-26 02:00:01,,,,,4676903,979,4676903,4676.903,
2025-12-26 03:00:01,,,,,4677882,979,4677882,4677.882,
2025-12-26 04:00:01,,,,,4678837,955,4678837,4678.837,
2025-12-26 04:36:01,26.39,,,,4679328,491,4679328,4679.328,
2025-12-26 04:37:14,,3.67,,,,,,,-52
2025-12-26 05:00:01,,,,,4679645,317,4679645,4679.645,
2025-12-26 06:00:01,,,,,4680315,670,4680315,4680.315,
2025-12-26 07:00:01,,,,,4680332,17,4680332,4680.332,
2025-12-26 08:00:01,,,,,4680332,0,4680332,4680.332,
2025-12-26 09:00:01,,,,,4680332,0,4680332,4680.332,
2025-12-26 10:00:01,,,,,4680332,0,4680332,4680.332,
2025-12-26 11:00:01,,,,,4680332,0,4680332,4680.332,
2025-12-26 12:00:01,,,,,4680332,0,4680332,4680.332,
2025-12-26 13:00:01,,,,,4680386,54,4680386,4680.386,
2025-12-26 14:00:01,,,,,4680386,0,4680386,4680.386,
2025-12-26 15:00:01,,,,,4680395,9,4680395,4680.395,
2025-12-26 16:00:01,,,,,4680395,0,4680395,4680.395,
2025-12-26 17:00:01,,,,,4680395,0,4680395,4680.395,
2025-12-26 18:00:01,,,,,4680395,0,4680395,4680.395,
2025-12-26 19:00:01,,,,,4680395,0,4680395,4680.395,
2025-12-26 20:00:01,,,,,4680395,0,4680395,4680.395,
2025-12-26 21:00:01,,,,,4680395,0,4680395,4680.395,
2025-12-26 22:00:01,,,,,4680395,0,4680395,4680.395,
2025-12-26 23:00:01,,,,,4680395,0,4680395,4680.395,
2025-12-27 00:00:01,,,,,4681148,753,4681148,4681.148,
2025-12-27 01:00:01,,,,,4682127,979,4682127,4682.127,
2025-12-27 02:00:01,,,,,4683104,977,4683104,4683.104,
2025-12-27 03:00:01,,,,,4684080,976,4684080,4684.08,
2025-12-27 04:00:01,,,,,4685031,951,4685031,4685.031,
2025-12-27 04:36:01,25.59,,,,4685519,488,4685519,4685.519,
2025-12-27 04:37:11,,3.64,,,,,,,-51
2025-12-27 05:00:01,,,,,4685832,313,4685832,4685.832,
2025-12-27 06:00:01,,,,,4686499,667,4686499,4686.499,
2025-12-27 07:00:01,,,,,4686501,2,4686501,4686.501,
2025-12-27 08:00:01,,,,,4686501,0,4686501,4686.501,
2025-12-27 09:00:01,,,,,4686501,0,4686501,4686.501,
2025-12-27 10:00:01,,,,,4686501,0,4686501,4686.501,
2025-12-27 11:00:01,,,,,4686501,0,4686501,4686.501,
2025-12-27 12:00:01,,,,,4686501,0,4686501,4686.501,
2025-12-27 13:00:01,,,,,4686501,0,4686501,4686.501,
2025-12-27 14:00:01,,,,,4686501,0,4686501,4686.501,
2025-12-27 15:00:01,,,,,4686518,17,4686518,4686.518,
2025-12-27 16:00:01,,,,,4686544,26,4686544,4686.544,
2025-12-27 17:00:01,,,,,4686544,0,4686544,4686.544,
2025-12-27 18:00:01,,,,,4686544,0,4686544,4686.544,
2025-12-27 19:00:01,,,,,4686544,0,4686544,4686.544,
2025-12-27 20:00:01,,,,,4686544,0,4686544,4686.544,
2025-12-27 21:00:01,,,,,4686544,0,4686544,4686.544,
2025-12-27 22:00:01,,,,,4686544,0,4686544,4686.544,
2025-12-27 23:00:01,,,,,4686544,0,4686544,4686.544,
2025-12-28 00:00:01,,,,,4687243,699,4687243,4687.243,
2025-12-28 01:00:01,,,,,4688157,914,4688157,4688.157,
2025-12-28 02:00:01,,,,,4689072,915,4689072,4689.072,
2025-12-28 03:00:01,,,,,4689988,916,4689988,4689.988,
2025-12-28 04:00:01,,,,,4690878,890,4690878,4690.878,
2025-12-28 04:36:01,26.65,,,,4691331,453,4691331,4691.331,
2025-12-28 04:37:07,,3.65,,,,,,,-51
2025-12-28 05:00:01,,,,,4691622,291,4691622,4691.622,
2025-12-28 06:00:01,,,,,4692230,608,4692230,4692.23,
2025-12-28 07:00:01,,,,,4692231,1,4692231,4692.231,
2025-12-28 08:00:01,,,,,4692231,0,4692231,4692.231,
2025-12-28 09:00:01,,,,,4692231,0,4692231,4692.231,
2025-12-28 10:00:01,,,,,4692231,0,4692231,4692.231,
2025-12-28 11:00:01,,,,,4692231,0,4692231,4692.231,
2025-12-28 12:00:01,,,,,4692231,0,4692231,4692.231,
2025-12-28 13:00:01,,,,,4692231,0,4692231,4692.231,
2025-12-28 14:00:01,,,,,4692231,0,4692231,4692.231,
2025-12-28 15:00:01,,,,,4692231,0,4692231,4692.231,
2025-12-28 16:00:01,,,,,4692234,3,4692234,4692.234,
2025-12-28 17:00:01,,,,,4692234,0,4692234,4692.234,
2025-12-28 18:00:01,,,,,4692234,0,4692234,4692.234,
2025-12-28 19:00:01,,,,,4692234,0,4692234,4692.234,
2025-12-28 20:00:01,,,,,4692234,0,4692234,4692.234,
2025-12-28 21:00:01,,,,,4692234,0,4692234,4692.234,
2025-12-28 22:00:01,,,,,4692234,0,4692234,4692.234,
2025-12-28 23:00:01,,,,,4692234,0,4692234,4692.234,
2025-12-29 00:00:01,,,,,4692906,672,4692906,4692.906,
2025-12-29 01:00:01,,,,,4693792,886,4693792,4693.792,
2025-12-29 02:00:01,,,,,4694673,881,4694673,4694.673,
2025-12-29 03:00:01,,,,,4695554,881,4695554,4695.554,
2025-12-29 04:00:01,,,,,4696412,858,4696412,4696.412,
2025-12-29 04:36:01,27.13,,,,4696845,433,4696845,4696.845,
2025-12-29 04:37:24,,3.64,,,,,,,-52
2025-12-29 05:00:01,,,,,4697122,277,4697122,4697.122,
2025-12-29 06:00:01,,,,,4697515,393,4697515,4697.515,
2025-12-29 07:00:01,,,,,4697515,0,4697515,4697.515,
2025-12-29 08:00:01,,,,,4697515,0,4697515,4697.515,
2025-12-29 09:00:01,,,,,4697515,0,4697515,4697.515,
2025-12-29 10:00:01,,,,,4697515,0,4697515,4697.515,
2025-12-29 11:00:01,,,,,4697515,0,4697515,4697.515,
2025-12-29 12:00:01,,,,,4697529,14,4697529,4697.529,
2025-12-29 13:00:01,,,,,4697666,137,4697666,4697.666,
2025-12-29 14:00:01,,,,,4697693,27,4697693,4697.693,
2025-12-29 15:00:01,,,,,4697710,17,4697710,4697.71,
2025-12-29 16:00:01,,,,,4697717,7,4697717,4697.717,
2025-12-29 17:00:01,,,,,4697717,0,4697717,4697.717,
2025-12-29 18:00:01,,,,,4697717,0,4697717,4697.717,
2025-12-29 19:00:01,,,,,4697717,0,4697717,4697.717,
2025-12-29 20:00:01,,,,,4697717,0,4697717,4697.717,
2025-12-29 21:00:01,,,,,4697717,0,4697717,4697.717,
2025-12-29 22:00:01,,,,,4697717,0,4697717,4697.717,
2025-12-29 23:00:01,,,,,4697717,0,4697717,4697.717,
2025-12-30 00:00:01,,,,,4698341,624,4698341,4698.341,
2025-12-30 01:00:01,,,,,4699176,835,4699176,4699.176,
2025-12-30 02:00:01,,,,,4700029,853,4700029,4700.029,
2025-12-30 03:00:01,,,,,4700885,856,4700885,4700.885,
2025-12-30 04:00:01,,,,,4701694,809,4701694,4701.694,
2025-12-30 04:36:01,29.26,,,,4702078,384,4702078,4702.078,
2025-12-30 04:37:19,,3.65,,,,,,,-51
2025-12-30 05:00:01,,,,,4702331,253,4702331,4702.331,
2025-12-30 06:00:01,,,,,4702733,402,4702733,4702.733,
2025-12-30 07:00:01,,,,,4702787,54,4702787,4702.787,
2025-12-30 08:00:01,,,,,4702805,18,4702805,4702.805,
2025-12-30 09:00:01,,,,,4702819,14,4702819,4702.819,
2025-12-30 10:00:01,,,,,4702878,59,4702878,4702.878,
2025-12-30 11:00:01,,,,,4702894,16,4702894,4702.894,
2025-12-30 12:00:01,,,,,4702897,3,4702897,4702.897,
2025-12-30 13:00:01,,,,,4702897,0,4702897,4702.897,
2025-12-30 14:00:01,,,,,4702978,81,4702978,4702.978,
2025-12-30 15:00:01,,,,,4702978,0,4702978,4702.978,
2025-12-30 16:00:01,,,,,4703006,28,4703006,4703.006,
2025-12-30 17:00:01,,,,,4703006,0,4703006,4703.006,
2025-12-30 18:00:01,,,,,4703006,0,4703006,4703.006,
2025-12-30 19:00:01,,,,,4703007,1,4703007,4703.007,
2025-12-30 20:00:01,,,,,4703007,0,4703007,4703.007,
2025-12-30 21:00:01,,,,,4703007,0,4703007,4703.007,
2025-12-30 22:00:01,,,,,4703007,0,4703007,4703.007,
2025-12-30 23:00:01,,,,,4703007,0,4703007,4703.007,
2025-12-31 00:00:01,,,,,4703874,867,4703874,4703.874,
2025-12-31 01:00:01,,,,,4704755,881,4704755,4704.755,
2025-12-31 02:00:01,,,,,4705618,863,4705618,4705.618,
2025-12-31 03:00:01,,,,,4706514,896,4706514,4706.514,
2025-12-31 04:00:01,,,,,4707352,838,4707352,4707.352,
2025-12-31 04:36:01,30.78,,,,4707775,423,4707775,4707.775,
2025-12-31 04:37:10,,3.65,,,,,,,-52
2025-12-31 04:37:39,,,"a00064-00004",,,,,,
2025-12-31 04:37:40,,,"a00064-00004",,,,,,
2025-12-31 04:38:09,,3.65,,,,,,,-52
2025-12-31 04:39:04,,3.65,,,,,,,-52
2025-12-31 05:00:01,,,,,4708045,270,4708045,4708.045,
2025-12-31 06:00:01,,,,,4708438,393,4708438,4708.438,
2025-12-31 07:00:01,,,,,4708440,2,4708440,4708.44,
2025-12-31 08:00:01,,,,,4708441,1,4708441,4708.441,
2025-12-31 09:00:01,,,,,4708447,6,4708447,4708.447,
2025-12-31 10:00:01,,,,,4708447,0,4708447,4708.447,
2025-12-31 11:00:01,,,,,4708468,21,4708468,4708.468,
2025-12-31 12:00:01,,,,,4708484,16,4708484,4708.484,
2025-12-31 13:00:01,,,,,4708484,0,4708484,4708.484,
2025-12-31 14:00:01,,,,,4708484,0,4708484,4708.484,
2025-12-31 15:00:01,,,,,4708484,0,4708484,4708.484,
2025-12-31 16:00:01,,,,,4708484,0,4708484,4708.484,
2025-12-31 17:00:01,,,,,4708484,0,4708484,4708.484,
2025-12-31 18:00:01,,,,,4708484,0,4708484,4708.484,
2025-12-31 19:00:01,,,,,4708484,0,4708484,4708.484,
2025-12-31 20:00:01,,,,,4708484,0,4708484,4708.484,
2025-12-31 21:00:01,,,,,4708484,0,4708484,4708.484,
2025-12-31 22:00:01,,,,,4708484,0,4708484,4708.484,
2025-12-31 23:00:01,,,,,4708484,0,4708484,4708.484,
2026-01-01 00:00:01,,,,,4709451,967,4709451,4709.451,
2026-01-01 01:00:01,,,,,4710405,954,4710405,4710.405,
2026-01-01 02:00:01,,,,,4711374,969,4711374,4711.374,
2026-01-01 03:00:01,,,,,4712367,993,4712367,4712.367,
2026-01-01 04:00:01,,,,,4713273,906,4713273,4713.273,
2026-01-01 04:36:01,31.37,,,,4713742,469,4713742,4713.742,
2026-01-01 04:37:10,,3.65,,,,,,,-51
2026-01-01 05:00:01,,,,,4714060,318,4714060,4714.06,
2026-01-01 06:00:01,,,,,4714611,551,4714611,4714.611,
2026-01-01 07:00:01,,,,,4714621,10,4714621,4714.621,
2026-01-01 08:00:01,,,,,4714638,17,4714638,4714.638,
2026-01-01 09:00:01,,,,,4714648,10,4714648,4714.648,
2026-01-01 10:00:01,,,,,4714648,0,4714648,4714.648,
2026-01-01 11:00:01,,,,,4714648,0,4714648,4714.648,
2026-01-01 12:00:01,,,,,4714648,0,4714648,4714.648,
2026-01-01 13:00:01,,,,,4714757,109,4714757,4714.757,
2026-01-01 14:00:01,,,,,4714757,0,4714757,4714.757,
2026-01-01 15:00:01,,,,,4714776,19,4714776,4714.776,
2026-01-01 16:00:01,,,,,4714778,2,4714778,4714.778,
2026-01-01 17:00:01,,,,,4714778,0,4714778,4714.778,
2026-01-01 18:00:01,,,,,4714778,0,4714778,4714.778,
2026-01-01 19:00:01,,,,,4714778,0,4714778,4714.778,
2026-01-01 20:00:01,,,,,4714778,0,4714778,4714.778,
2026-01-01 21:00:01,,,,,4714778,0,4714778,4714.778,
2026-01-01 22:00:01,,,,,4714778,0,4714778,4714.778,
2026-01-01 23:00:01,,,,,4714778,0,4714778,4714.778,
2026-01-02 00:00:01,,,,,4715635,857,4715635,4715.635,
2026-01-02 01:00:01,,,,,4716475,840,4716475,4716.475,
2026-01-02 02:00:01,,,,,4717324,849,4717324,4717.324,
2026-01-02 03:00:01,,,,,4718197,873,4718197,4718.197,
2026-01-02 04:00:01,,,,,4718991,794,4718991,4718.991,
2026-01-02 04:36:01,27.88,,,,4719402,411,4719402,4719.402,
2026-01-02 04:37:11,,3.65,,,,,,,-49
2026-01-02 05:00:01,,,,,4719679,277,4719679,4719.679,
2026-01-02 06:00:01,,,,,4719909,230,4719909,4719.909,
2026-01-02 07:00:01,,,,,4719909,0,4719909,4719.909,
2026-01-02 08:00:01,,,,,4719909,0,4719909,4719.909,
2026-01-02 09:00:01,,,,,4719909,0,4719909,4719.909,
2026-01-02 10:00:01,,,,,4719909,0,4719909,4719.909,
2026-01-02 11:00:01,,,,,4719909,0,4719909,4719.909,
2026-01-02 12:00:01,,,,,4719909,0,4719909,4719.909,
2026-01-02 13:00:01,,,,,4719909,0,4719909,4719.909,
2026-01-02 14:00:01,,,,,4719954,45,4719954,4719.954,
2026-01-02 15:00:01,,,,,4720038,84,4720038,4720.038,
2026-01-02 16:00:01,,,,,4720065,27,4720065,4720.065,
2026-01-02 17:00:01,,,,,4720071,6,4720071,4720.071,
2026-01-02 18:00:01,,,,,4720071,0,4720071,4720.071,
2026-01-02 19:00:01,,,,,4720071,0,4720071,4720.071,
2026-01-02 20:00:01,,,,,4720071,0,4720071,4720.071,
2026-01-02 21:00:01,,,,,4720071,0,4720071,4720.071,
2026-01-02 22:00:01,,,,,4720071,0,4720071,4720.071,
2026-01-02 23:00:01,,,,,4720071,0,4720071,4720.071,
2026-01-03 00:00:01,,,,,4720871,800,4720871,4720.871,
2026-01-03 01:00:01,,,,,4721667,796,4721667,4721.667,
2026-01-03 02:00:01,,,,,4722461,794,4722461,4722.461,
2026-01-03 03:00:01,,,,,4723287,826,4723287,4723.287,
2026-01-03 04:00:01,,,,,4724023,736,4724023,4724.023,
2026-01-03 04:36:01,28.2,,,,4724399,376,4724399,4724.399,
2026-01-03 04:37:13,,3.65,,,,,,,-51
2026-01-03 05:00:01,,,,,4724656,257,4724656,4724.656,
2026-01-03 06:00:01,,,,,4724996,340,4724996,4724.996,
2026-01-03 07:00:01,,,,,4725002,6,4725002,4725.002,
2026-01-03 08:00:01,,,,,4725010,8,4725010,4725.01,
2026-01-03 09:00:01,,,,,4725015,5,4725015,4725.015,
2026-01-03 10:00:01,,,,,4725015,0,4725015,4725.015,
2026-01-03 11:00:01,,,,,4725015,0,4725015,4725.015,
2026-01-03 12:00:01,,,,,4725015,0,4725015,4725.015,
2026-01-03 13:00:01,,,,,4725049,34,4725049,4725.049,
2026-01-03 14:00:01,,,,,4725049,0,4725049,4725.049,
2026-01-03 15:00:01,,,,,4725056,7,4725056,4725.056,
2026-01-03 16:00:01,,,,,4725058,2,4725058,4725.058,
2026-01-03 17:00:01,,,,,4725058,0,4725058,4725.058,
2026-01-03 18:00:01,,,,,4725058,0,4725058,4725.058,
2026-01-03 19:00:01,,,,,4725058,0,4725058,4725.058,
2026-01-03 20:00:01,,,,,4725058,0,4725058,4725.058,
2026-01-03 21:00:01,,,,,4725058,0,4725058,4725.058,
2026-01-03 22:00:01,,,,,4725058,0,4725058,4725.058,
2026-01-03 23:00:01,,,,,4725058,0,4725058,4725.058,
2026-01-04 00:00:01,,,,,4725847,789,4725847,4725.847,
2026-01-04 01:00:01,,,,,4726656,809,4726656,4726.656,
2026-01-04 02:00:01,,,,,4727455,799,4727455,4727.455,
2026-01-04 03:00:01,,,,,4728275,820,4728275,4728.275,
2026-01-04 04:00:01,,,,,4729054,779,4729054,4729.054,
2026-01-04 04:36:01,30.22,,,,4729462,408,4729462,4729.462,
2026-01-04 04:37:23,,3.65,,,,,,,-52
2026-01-04 05:00:01,,,,,4729719,257,4729719,4729.719,
2026-01-04 06:00:01,,,,,4730082,363,4730082,4730.082,
2026-01-04 07:00:01,,,,,4730082,0,4730082,4730.082,
2026-01-04 08:00:01,,,,,4730082,0,4730082,4730.082,
2026-01-04 09:00:01,,,,,4730082,0,4730082,4730.082,
2026-01-04 10:00:01,,,,,4730082,0,4730082,4730.082,
2026-01-04 11:00:01,,,,,4730082,0,4730082,4730.082,
2026-01-04 12:00:01,,,,,4730082,0,4730082,4730.082,
2026-01-04 13:00:01,,,,,4730082,0,4730082,4730.082,
2026-01-04 14:00:01,,,,,4730082,0,4730082,4730.082,
2026-01-04 15:00:01,,,,,4730082,0,4730082,4730.082,
2026-01-04 16:00:01,,,,,4730082,0,4730082,4730.082,
2026-01-04 17:00:01,,,,,4730082,0,4730082,4730.082,
2026-01-04 18:00:01,,,,,4730082,0,4730082,4730.082,
2026-01-04 19:00:01,,,,,4730082,0,4730082,4730.082,
2026-01-04 20:00:01,,,,,4730082,0,4730082,4730.082,
2026-01-04 21:00:01,,,,,4730082,0,4730082,4730.082,
2026-01-04 22:00:01,,,,,4730082,0,4730082,4730.082,
2026-01-04 23:00:01,,,,,4730082,0,4730082,4730.082,
2026-01-05 00:00:01,,,,,4730789,707,4730789,4730.789,
2026-01-05 01:00:01,,,,,4731509,720,4731509,4731.509,
2026-01-05 02:00:01,,,,,4732214,705,4732214,4732.214,
2026-01-05 03:00:01,,,,,4732945,731,4732945,4732.945,
2026-01-05 04:00:01,,,,,4733621,676,4733621,4733.621,
2026-01-05 04:36:01,31.06,,,,4733952,331,4733952,4733.952,
2026-01-05 04:37:12,,3.65,,,,,,,-51
2026-01-05 05:00:01,,,,,4734182,230,4734182,4734.182,
2026-01-05 06:00:01,,,,,4734347,165,4734347,4734.347,
2026-01-05 07:00:01,,,,,4734347,0,4734347,4734.347,
2026-01-05 08:00:01,,,,,4734360,13,4734360,4734.36,
2026-01-05 09:00:01,,,,,4734364,4,4734364,4734.364,
2026-01-05 10:00:01,,,,,4734455,91,4734455,4734.455,
2026-01-05 11:00:01,,,,,4734461,6,4734461,4734.461,
2026-01-05 12:00:01,,,,,4734461,0,4734461,4734.461,
2026-01-05 13:00:01,,,,,4734461,0,4734461,4734.461,
2026-01-05 14:00:01,,,,,4734461,0,4734461,4734.461,
2026-01-05 15:00:01,,,,,4734461,0,4734461,4734.461,
2026-01-05 16:00:01,,,,,4734461,0,4734461,4734.461,
2026-01-05 17:00:01,,,,,4734485,24,4734485,4734.485,
2026-01-05 18:00:01,,,,,4734486,1,4734486,4734.486,
2026-01-05 19:00:01,,,,,4734486,0,4734486,4734.486,
2026-01-05 20:00:01,,,,,4734486,0,4734486,4734.486,
2026-01-05 21:00:01,,,,,4734486,0,4734486,4734.486,
2026-01-05 22:00:01,,,,,4734951,465,4734951,4734.951,
2026-01-05 23:00:01,,,,,4735812,861,4735812,4735.812,
2026-01-06 00:00:01,,,,,4736768,956,4736768,4736.768,
2026-01-06 01:00:01,,,,,4737743,975,4737743,4737.743,
2026-01-06 02:00:01,,,,,4738746,1003,4738746,4738.746,
2026-01-06 03:00:01,,,,,4739743,997,4739743,4739.743,
2026-01-06 04:00:01,,,,,4740596,853,4740596,4740.596,
2026-01-06 04:36:01,31.58,,,,4740689,93,4740689,4740.689,
2026-01-06 04:37:08,,3.66,,,,,,,-51
2026-01-06 05:00:01,,,,,4740689,0,4740689,4740.689,
2026-01-06 06:00:01,,,,,4740689,0,4740689,4740.689,
2026-01-06 07:00:01,,,,,4740689,0,4740689,4740.689,
2026-01-06 08:00:01,,,,,4740689,0,4740689,4740.689,
2026-01-06 09:00:01,,,,,4740689,0,4740689,4740.689,
2026-01-06 10:00:01,,,,,4740689,0,4740689,4740.689,
2026-01-06 11:00:01,,,,,4740741,52,4740741,4740.741,
2026-01-06 12:00:01,,,,,4740743,2,4740743,4740.743,
2026-01-06 13:00:01,,,,,4740789,46,4740789,4740.789,
2026-01-06 14:00:01,,,,,4740789,0,4740789,4740.789,
2026-01-06 15:00:01,,,,,4740791,2,4740791,4740.791,
2026-01-06 16:00:01,,,,,4740792,1,4740792,4740.792,
2026-01-06 17:00:01,,,,,4740793,1,4740793,4740.793,
2026-01-06 18:00:01,,,,,4740793,0,4740793,4740.793,
2026-01-06 19:00:01,,,,,4740793,0,4740793,4740.793,
2026-01-06 20:00:01,,,,,4740793,0,4740793,4740.793,
2026-01-06 21:00:01,,,,,4740793,0,4740793,4740.793,
2026-01-06 22:00:01,,,,,4740793,0,4740793,4740.793,
2026-01-06 23:00:01,,,,,4741264,471,4741264,4741.264,
2026-01-07 00:00:01,,,,,4742092,828,4742092,4742.092,
2026-01-07 01:00:01,,,,,4743057,965,4743057,4743.057,
2026-01-07 02:00:01,,,,,4744071,1014,4744071,4744.071,
2026-01-07 03:00:01,,,,,4745103,1032,4745103,4745.103,
2026-01-07 04:00:01,,,,,4746092,989,4746092,4746.092,
2026-01-07 04:36:01,32.27,,,,4746609,517,4746609,4746.609,
2026-01-07 04:37:23,,3.65,,,,,,,-52
2026-01-07 05:00:01,,,,,4746892,283,4746892,4746.892,
2026-01-07 06:00:01,,,,,4747025,133,4747025,4747.025,
2026-01-07 07:00:01,,,,,4747032,7,4747032,4747.032,
2026-01-07 08:00:01,,,,,4747037,5,4747037,4747.037,
2026-01-07 09:00:01,,,,,4747037,0,4747037,4747.037,
2026-01-07 10:00:01,,,,,4747037,0,4747037,4747.037,
2026-01-07 11:00:01,,,,,4747037,0,4747037,4747.037,
2026-01-07 12:00:01,,,,,4747037,0,4747037,4747.037,
2026-01-07 13:00:01,,,,,4747037,0,4747037,4747.037,
2026-01-07 14:00:01,,,,,4747039,2,4747039,4747.039,
2026-01-07 15:00:01,,,,,4747039,0,4747039,4747.039,
2026-01-07 16:00:01,,,,,4747042,3,4747042,4747.042,
2026-01-07 17:00:01,,,,,4747043,1,4747043,4747.043,
2026-01-07 18:00:01,,,,,4747043,0,4747043,4747.043,
2026-01-07 19:00:01,,,,,4747066,23,4747066,4747.066,
2026-01-07 20:00:01,,,,,4747068,2,4747068,4747.068,
2026-01-07 21:00:01,,,,,4747068,0,4747068,4747.068,
2026-01-07 22:00:01,,,,,4747068,0,4747068,4747.068,
2026-01-07 23:00:01,,,,,4747544,476,4747544,4747.544,
2026-01-08 00:00:01,,,,,4748371,827,4748371,4748.371,
2026-01-08 01:00:01,,,,,4749347,976,4749347,4749.347,
2026-01-08 02:00:01,,,,,4750353,1006,4750353,4750.353,
2026-01-08 03:00:01,,,,,4751383,1030,4751383,4751.383,
2026-01-08 04:00:01,,,,,4752389,1006,4752389,4752.389,
2026-01-08 04:36:01,34.15,,,,4752980,591,4752980,4752.98,
2026-01-08 04:37:46,,,"a00009-00000",,,,,,
2026-01-08 04:39:06,,,"a00009-00000",,,,,,
2026-01-08 04:40:25,,,"a00009-00000",,,,,,
2026-01-08 04:41:44,,,"a00009-00000",,,,,,
2026-01-08 04:42:03,,3.65,,,,,,,-52
2026-01-08 05:00:01,,,,,4753305,325,4753305,4753.305,
2026-01-08 06:00:01,,,,,4753444,139,4753444,4753.444,
2026-01-08 07:00:01,,,,,4753568,124,4753568,4753.568,
2026-01-08 08:00:01,,,,,4753570,2,4753570,4753.57,
2026-01-08 09:00:01,,,,,4753573,3,4753573,4753.573,
2026-01-08 10:00:01,,,,,4753596,23,4753596,4753.596,
2026-01-08 11:00:01,,,,,4753599,3,4753599,4753.599,
2026-01-08 12:00:01,,,,,4753605,6,4753605,4753.605,
2026-01-08 13:00:01,,,,,4753605,0,4753605,4753.605,
2026-01-08 14:00:01,,,,,4753608,3,4753608,4753.608,
2026-01-08 15:00:01,,,,,4753608,0,4753608,4753.608,
2026-01-08 16:00:01,,,,,4753608,0,4753608,4753.608,
2026-01-08 17:00:01,,,,,4753608,0,4753608,4753.608,
2026-01-08 18:00:01,,,,,4753608,0,4753608,4753.608,
2026-01-08 19:00:01,,,,,4753608,0,4753608,4753.608,
2026-01-08 20:00:01,,,,,4753608,0,4753608,4753.608,
2026-01-08 21:00:01,,,,,4753608,0,4753608,4753.608,
2026-01-08 22:00:01,,,,,4753608,0,4753608,4753.608,
2026-01-08 23:00:01,,,,,4753608,0,4753608,4753.608,
2026-01-09 00:00:01,,,,,4753608,0,4753608,4753.608,
2026-01-09 01:00:01,,,,,4753608,0,4753608,4753.608,
2026-01-09 02:00:01,,,,,4753608,0,4753608,4753.608,
2026-01-09 03:00:01,,,,,4753608,0,4753608,4753.608,
2026-01-09 04:00:01,,,,,4753608,0,4753608,4753.608,
2026-01-09 04:36:01,34.16,,,,4753608,0,4753608,4753.608,
2026-01-09 04:37:54,,,"a00009-00000",,,,,,
2026-01-09 04:39:14,,,"a00009-00000",,,,,,
2026-01-09 04:40:37,,,"a00009-00000",,,,,,
2026-01-09 04:41:57,,,"a00009-00000",,,,,,
2026-01-09 04:42:18,,3.65,,,,,,,-51
2026-01-09 05:00:01,,,,,4753608,0,4753608,4753.608,
2026-01-09 06:00:01,,,,,4753608,0,4753608,4753.608,
2026-01-09 07:00:01,,,,,4754372,764,4754372,4754.372,
2026-01-09 08:00:01,,,,,4754872,500,4754872,4754.872,
2026-01-09 09:00:01,,,,,4755095,223,4755095,4755.095,
2026-01-09 10:00:01,,,,,4755095,0,4755095,4755.095,
2026-01-09 11:00:01,,,,,4755095,0,4755095,4755.095,
2026-01-09 12:00:01,,,,,4755095,0,4755095,4755.095,
2026-01-09 13:00:01,,,,,4755095,0,4755095,4755.095,
2026-01-09 14:00:01,,,,,4755170,75,4755170,4755.17,
2026-01-09 15:00:01,,,,,4755174,4,4755174,4755.174,
2026-01-09 16:00:01,,,,,4755784,610,4755784,4755.784,
2026-01-09 17:00:01,,,,,4756352,568,4756352,4756.352,
2026-01-09 18:00:01,,,,,4757405,1053,4757405,4757.405,
2026-01-09 19:00:01,,,,,4758006,601,4758006,4758.006,
2026-01-09 20:00:01,,,,,4758007,1,4758007,4758.007,
2026-01-09 21:00:01,,,,,4758011,4,4758011,4758.011,
2026-01-09 22:00:01,,,,,4758011,0,4758011,4758.011,
2026-01-09 23:00:01,,,,,4758480,469,4758480,4758.48,
2026-01-10 00:00:01,,,,,4759300,820,4759300,4759.3,
2026-01-10 01:00:01,,,,,4760286,986,4760286,4760.286,
2026-01-10 02:00:01,,,,,4761291,1005,4761291,4761.291,
2026-01-10 03:00:01,,,,,4762322,1031,4762322,4762.322,
2026-01-10 04:00:01,,,,,4763320,998,4763320,4763.32,
2026-01-10 04:36:01,35.89,,,,4763881,561,4763881,4763.881,
2026-01-10 04:37:57,,,"a00009-00000",,,,,,
2026-01-10 04:39:18,,,"a00009-00000",,,,,,
2026-01-10 04:40:38,,,"a00009-00000",,,,,,
2026-01-10 04:41:57,,,"a00009-00000",,,,,,
2026-01-10 04:42:13,,3.64,,,,,,,-52
2026-01-10 05:00:01,,,,,4764170,289,4764170,4764.17,
2026-01-10 06:00:01,,,,,4764357,187,4764357,4764.357,
2026-01-10 07:00:01,,,,,4764362,5,4764362,4764.362,
2026-01-10 08:00:01,,,,,4764363,1,4764363,4764.363,
2026-01-10 09:00:01,,,,,4764363,0,4764363,4764.363,
2026-01-10 10:00:01,,,,,4764363,0,4764363,4764.363,
2026-01-10 11:00:01,,,,,4764363,0,4764363,4764.363,
2026-01-10 12:00:01,,,,,4764363,0,4764363,4764.363,
2026-01-10 13:00:01,,,,,4764363,0,4764363,4764.363,
2026-01-10 14:00:01,,,,,4764363,0,4764363,4764.363,
2026-01-10 15:00:01,,,,,4764363,0,4764363,4764.363,
2026-01-10 16:00:01,,,,,4764366,3,4764366,4764.366,
2026-01-10 17:00:01,,,,,4764366,0,4764366,4764.366,
2026-01-10 18:00:01,,,,,4764369,3,4764369,4764.369,
2026-01-10 19:00:01,,,,,4764369,0,4764369,4764.369,
2026-01-10 20:00:01,,,,,4764369,0,4764369,4764.369,
2026-01-10 21:00:01,,,,,4764369,0,4764369,4764.369,
2026-01-10 22:00:01,,,,,4764369,0,4764369,4764.369,
2026-01-10 23:00:01,,,,,4764478,109,4764478,4764.478,
2026-01-11 00:00:01,,,,,4765204,726,4765204,4765.204,
2026-01-11 01:00:01,,,,,4766009,805,4766009,4766.009,
2026-01-11 02:00:01,,,,,4766871,862,4766871,4766.871,
2026-01-11 03:00:01,,,,,4767751,880,4767751,4767.751,
2026-01-11 04:00:01,,,,,4768534,783,4768534,4768.534,
2026-01-11 04:36:01,32.79,,,,4768962,428,4768962,4768.962,
2026-01-11 04:37:54,,,"a00009-00000",,,,,,
2026-01-11 04:39:13,,,"a00009-00000",,,,,,
2026-01-11 04:40:33,,,"a00009-00000",,,,,,
2026-01-11 04:41:52,,,"a00009-00000",,,,,,
2026-01-11 04:42:12,,3.65,,,,,,,-52
2026-01-11 05:00:01,,,,,4769193,231,4769193,4769.193,
2026-01-11 06:00:01,,,,,4769422,229,4769422,4769.422,
2026-01-11 07:00:01,,,,,4769424,2,4769424,4769.424,
2026-01-11 08:00:01,,,,,4769425,1,4769425,4769.425,
2026-01-11 09:00:01,,,,,4769425,0,4769425,4769.425,
2026-01-11 10:00:01,,,,,4769425,0,4769425,4769.425,
2026-01-11 11:00:01,,,,,4769425,0,4769425,4769.425,
2026-01-11 12:00:01,,,,,4769425,0,4769425,4769.425,
2026-01-11 13:00:01,,,,,4769425,0,4769425,4769.425,
2026-01-11 14:00:01,,,,,4769425,0,4769425,4769.425,
2026-01-11 15:00:01,,,,,4769425,0,4769425,4769.425,
2026-01-11 16:00:01,,,,,4769500,75,4769500,4769.5,
2026-01-11 17:00:01,,,,,4769527,27,4769527,4769.527,
2026-01-11 18:00:01,,,,,4769527,0,4769527,4769.527,
2026-01-11 19:00:01,,,,,4769527,0,4769527,4769.527,
2026-01-11 20:00:01,,,,,4769527,0,4769527,4769.527,
2026-01-11 21:00:01,,,,,4769527,0,4769527,4769.527,
2026-01-11 22:00:01,,,,,4769527,0,4769527,4769.527,
2026-01-11 23:00:01,,,,,4769641,114,4769641,4769.641,
2026-01-12 00:00:01,,,,,4770396,755,4770396,4770.396,
2026-01-12 01:00:01,,,,,4771230,834,4771230,4771.23,
2026-01-12 02:00:01,,,,,4772115,885,4772115,4772.115,
2026-01-12 03:00:01,,,,,4773013,898,4773013,4773.013,
2026-01-12 04:00:01,,,,,4773814,801,4773814,4773.814,
2026-01-12 04:36:01,30.29,,,,4774252,438,4774252,4774.252,
2026-01-12 04:37:52,,,"a00009-00000",,,,,,
2026-01-12 04:39:11,,,"a00009-00000",,,,,,
2026-01-12 04:40:31,,,"a00009-00000",,,,,,
2026-01-12 04:41:54,,,"a00009-00000",,,,,,
2026-01-12 04:42:09,,3.65,,,,,,,-50
2026-01-12 05:00:01,,,,,4774491,239,4774491,4774.491,
2026-01-12 06:00:01,,,,,4774729,238,4774729,4774.729,
2026-01-12 07:00:01,,,,,4774730,1,4774730,4774.73,
2026-01-12 08:00:01,,,,,4774730,0,4774730,4774.73,
2026-01-12 09:00:01,,,,,4774733,3,4774733,4774.733,
2026-01-12 10:00:01,,,,,4774747,14,4774747,4774.747,
2026-01-12 11:00:01,,,,,4774760,13,4774760,4774.76,
2026-01-12 12:00:01,,,,,4774826,66,4774826,4774.826,
2026-01-12 13:00:01,,,,,4774919,93,4774919,4774.919,
2026-01-12 14:00:01,,,,,4774935,16,4774935,4774.935,
2026-01-12 15:00:01,,,,,4774998,63,4774998,4774.998,
2026-01-12 16:00:01,,,,,4775225,227,4775225,4775.225,
2026-01-12 17:00:01,,,,,4775263,38,4775263,4775.263,
2026-01-12 18:00:01,,,,,4775263,0,4775263,4775.263,
2026-01-12 19:00:01,,,,,4775263,0,4775263,4775.263,
2026-01-12 20:00:01,,,,,4775263,0,4775263,4775.263,
2026-01-12 21:00:01,,,,,4775263,0,4775263,4775.263,
2026-01-12 22:00:01,,,,,4775263,0,4775263,4775.263,
2026-01-12 23:00:01,,,,,4775263,0,4775263,4775.263,
2026-01-13 00:00:01,,,,,4775923,660,4775923,4775.923,
2026-01-13 01:00:01,,,,,4776751,828,4776751,4776.751,
2026-01-13 02:00:01,,,,,4777591,840,4777591,4777.591,
2026-01-13 03:00:01,,,,,4778458,867,4778458,4778.458,
2026-01-13 04:00:01,,,,,4779289,831,4779289,4779.289,
2026-01-13 04:36:01,29.77,,,,4779740,451,4779740,4779.74,
2026-01-13 04:37:47,,,"a00009-00000",,,,,,
2026-01-13 04:39:06,,,"a00009-00000",,,,,,
2026-01-13 04:40:30,,,"a00009-00000",,,,,,
2026-01-13 04:41:50,,,"a00009-00000",,,,,,
2026-01-13 04:42:08,,3.65,,,,,,,-52
2026-01-13 05:00:01,,,,,4780056,316,4780056,4780.056,
2026-01-13 06:00:01,,,,,4780429,373,4780429,4780.429,
2026-01-13 07:00:01,,,,,4780441,12,4780441,4780.441,
2026-01-13 08:00:01,,,,,4780472,31,4780472,4780.472,
2026-01-13 09:00:01,,,,,4780497,25,4780497,4780.497,
2026-01-13 10:00:01,,,,,4780509,12,4780509,4780.509,
2026-01-13 11:00:01,,,,,4780509,0,4780509,4780.509,
2026-01-13 12:00:01,,,,,4780520,11,4780520,4780.52,
2026-01-13 13:00:01,,,,,4780520,0,4780520,4780.52,
2026-01-13 14:00:01,,,,,4780525,5,4780525,4780.525,
2026-01-13 15:00:01,,,,,4780531,6,4780531,4780.531,
2026-01-13 16:00:01,,,,,4780531,0,4780531,4780.531,
2026-01-13 17:00:01,,,,,4780620,89,4780620,4780.62,
2026-01-13 18:00:01,,,,,4780620,0,4780620,4780.62,
2026-01-13 19:00:01,,,,,4780620,0,4780620,4780.62,
2026-01-13 20:00:01,,,,,4780620,0,4780620,4780.62,
2026-01-13 21:00:01,,,,,4780620,0,4780620,4780.62,
2026-01-13 22:00:01,,,,,4780620,0,4780620,4780.62,
2026-01-13 23:00:01,,,,,4780948,328,4780948,4780.948,
2026-01-14 00:00:01,,,,,4781632,684,4781632,4781.632,
2026-01-14 01:00:01,,,,,4782468,836,4782468,4782.468,
2026-01-14 02:00:01,,,,,4783314,846,4783314,4783.314,
2026-01-14 03:00:01,,,,,4784165,851,4784165,4784.165,
2026-01-14 04:00:01,,,,,4784918,753,4784918,4784.918,
2026-01-14 04:36:01,32.63,,,,4785360,442,4785360,4785.36,
2026-01-14 04:37:48,,,"a00009-00000",,,,,,
2026-01-14 04:39:07,,,"a00009-00000",,,,,,
2026-01-14 04:40:26,,,"a00009-00000",,,,,,
2026-01-14 04:41:46,,,"a00009-00000",,,,,,
2026-01-14 04:42:05,,3.65,,,,,,,-51
2026-01-14 05:00:01,,,,,4785589,229,4785589,4785.589,
2026-01-14 06:00:01,,,,,4785700,111,4785700,4785.7,
2026-01-14 07:00:01,,,,,4785705,5,4785705,4785.705,
2026-01-14 08:00:01,,,,,4785707,2,4785707,4785.707,
2026-01-14 09:00:01,,,,,4785707,0,4785707,4785.707,
2026-01-14 10:00:01,,,,,4785707,0,4785707,4785.707,
2026-01-14 11:00:01,,,,,4785707,0,4785707,4785.707,
2026-01-14 12:00:01,,,,,4785765,58,4785765,4785.765,
2026-01-14 13:00:01,,,,,4785952,187,4785952,4785.952,
2026-01-14 14:00:01,,,,,4785952,0,4785952,4785.952,
2026-01-14 15:00:01,,,,,4785952,0,4785952,4785.952,
2026-01-14 16:00:01,,,,,4785952,0,4785952,4785.952,
2026-01-14 17:00:01,,,,,4785959,7,4785959,4785.959,
2026-01-14 18:00:01,,,,,4785966,7,4785966,4785.966,
2026-01-14 19:00:01,,,,,4785970,4,4785970,4785.97,
2026-01-14 20:00:01,,,,,4785970,0,4785970,4785.97,
2026-01-14 21:00:01,,,,,4785970,0,4785970,4785.97,
2026-01-14 22:00:01,,,,,4785970,0,4785970,4785.97,
2026-01-14 23:00:01,,,,,4785970,0,4785970,4785.97,
2026-01-15 00:00:01,,,,,4786726,756,4786726,4786.726,
2026-01-15 01:00:01,,,,,4787655,929,4787655,4787.655,
2026-01-15 02:00:01,,,,,4788663,1008,4788663,4788.663,
2026-01-15 03:00:01,,,,,4789681,1018,4789681,4789.681,
2026-01-15 04:00:01,,,,,4790674,993,4790674,4790.674,
2026-01-15 04:36:01,33.02,,,,4791193,519,4791193,4791.193,
2026-01-15 04:38:02,,,"a00009-00000",,,,,,
2026-01-15 04:39:26,,,"a00009-00000",,,,,,
2026-01-15 04:40:45,,,"a00009-00000",,,,,,
2026-01-15 04:42:09,,,"a00009-00000",,,,,,
2026-01-15 04:42:25,,3.66,,,,,,,-51
2026-01-15 05:00:01,,,,,4791573,380,4791573,4791.573,
2026-01-15 06:00:01,,,,,4792143,570,4792143,4792.143,
2026-01-15 07:00:01,,,,,4792155,12,4792155,4792.155,
2026-01-15 08:00:01,,,,,4792159,4,4792159,4792.159,
2026-01-15 09:00:01,,,,,4792162,3,4792162,4792.162,
2026-01-15 10:00:01,,,,,4792162,0,4792162,4792.162,
2026-01-15 11:00:01,,,,,4792172,10,4792172,4792.172,
2026-01-15 12:00:01,,,,,4792174,2,4792174,4792.174,
2026-01-15 13:00:01,,,,,4792174,0,4792174,4792.174,
2026-01-15 14:00:01,,,,,4792174,0,4792174,4792.174,
2026-01-15 15:00:01,,,,,4792177,3,4792177,4792.177,
2026-01-15 16:00:01,,,,,4792186,9,4792186,4792.186,
2026-01-15 17:00:01,,,,,4792189,3,4792189,4792.189,
2026-01-15 18:00:01,,,,,4792189,0,4792189,4792.189,
2026-01-15 19:00:01,,,,,4792189,0,4792189,4792.189,
2026-01-15 20:00:01,,,,,4792189,0,4792189,4792.189,
2026-01-15 21:00:01,,,,,4792189,0,4792189,4792.189,
2026-01-15 22:00:01,,,,,4792189,0,4792189,4792.189,
2026-01-15 23:00:01,,,,,4792189,0,4792189,4792.189,
2026-01-16 00:00:01,,,,,4792189,0,4792189,4792.189,
2026-01-16 01:00:01,,,,,4792479,290,4792479,4792.479,
2026-01-16 02:00:01,,,,,4793303,824,4793303,4793.303,
2026-01-16 03:00:01,,,,,4794301,998,4794301,4794.301,
2026-01-16 04:00:01,,,,,4795276,975,4795276,4795.276,
2026-01-16 04:36:01,32.43,,,,4795814,538,4795814,4795.814,
2026-01-16 04:37:07,,3.65,,,,,,,-51
2026-01-16 05:00:01,,,,,4795969,155,4795969,4795.969,
2026-01-16 06:00:01,,,,,4796387,418,4796387,4796.387,
2026-01-16 07:00:01,,,,,4796390,3,4796390,4796.39,
2026-01-16 08:00:01,,,,,4796395,5,4796395,4796.395,
2026-01-16 09:00:01,,,,,4796395,0,4796395,4796.395,
2026-01-16 10:00:01,,,,,4796395,0,4796395,4796.395,
2026-01-16 11:00:01,,,,,4796395,0,4796395,4796.395,
2026-01-16 12:00:01,,,,,4796395,0,4796395,4796.395,
2026-01-16 13:00:01,,,,,4796395,0,4796395,4796.395,
2026-01-16 14:00:01,,,,,4796395,0,4796395,4796.395,
2026-01-16 15:00:01,,,,,4796395,0,4796395,4796.395,
2026-01-16 16:00:01,,,,,4796395,0,4796395,4796.395,
2026-01-16 17:00:01,,,,,4796395,0,4796395,4796.395,
2026-01-16 18:00:01,,,,,4796395,0,4796395,4796.395,
2026-01-16 19:00:01,,,,,4796395,0,4796395,4796.395,
2026-01-16 20:00:01,,,,,4796395,0,4796395,4796.395,
2026-01-16 21:00:01,,,,,4796395,0,4796395,4796.395,
2026-01-16 22:00:01,,,,,4796395,0,4796395,4796.395,
2026-01-16 23:00:01,,,,,4796395,0,4796395,4796.395,
2026-01-17 00:00:01,,,,,4796395,0,4796395,4796.395,
2026-01-17 01:00:01,,,,,4796622,227,4796622,4796.622,
2026-01-17 02:00:01,,,,,4797251,629,4797251,4797.251,
2026-01-17 03:00:01,,,,,4798047,796,4798047,4798.047,
2026-01-17 04:00:01,,,,,4798836,789,4798836,4798.836,
2026-01-17 04:36:01,29.73,,,,4799257,421,4799257,4799.257,
2026-01-17 04:37:10,,3.66,,,,,,,-51
2026-01-17 05:00:01,,,,,4799522,265,4799522,4799.522,
2026-01-17 06:00:01,,,,,4799602,80,4799602,4799.602,
2026-01-17 07:00:01,,,,,4799604,2,4799604,4799.604,
2026-01-17 08:00:01,,,,,4799604,0,4799604,4799.604,
2026-01-17 09:00:01,,,,,4799604,0,4799604,4799.604,
2026-01-17 10:00:01,,,,,4799604,0,4799604,4799.604,
2026-01-17 11:00:01,,,,,4799604,0,4799604,4799.604,
2026-01-17 12:00:01,,,,,4799604,0,4799604,4799.604,
2026-01-17 13:00:01,,,,,4799604,0,4799604,4799.604,
2026-01-17 14:00:01,,,,,4799604,0,4799604,4799.604,
2026-01-17 15:00:01,,,,,4799604,0,4799604,4799.604,
2026-01-17 16:00:01,,,,,4799604,0,4799604,4799.604,
2026-01-17 17:00:01,,,,,4799604,0,4799604,4799.604,
2026-01-17 18:00:01,,,,,4799604,0,4799604,4799.604,
2026-01-17 19:00:01,,,,,4799604,0,4799604,4799.604,
2026-01-17 20:00:01,,,,,4799604,0,4799604,4799.604,
2026-01-17 21:00:01,,,,,4799604,0,4799604,4799.604,
2026-01-17 22:00:01,,,,,4799604,0,4799604,4799.604,
2026-01-17 23:00:01,,,,,4799604,0,4799604,4799.604,
2026-01-18 00:00:01,,,,,4799604,0,4799604,4799.604,
2026-01-18 01:00:01,,,,,4799892,288,4799892,4799.892,
2026-01-18 02:00:01,,,,,4800700,808,4800700,4800.7,
2026-01-18 03:00:01,,,,,4801634,934,4801634,4801.634,
2026-01-18 04:00:01,,,,,4802599,965,4802599,4802.599,
2026-01-18 04:36:01,25.52,,,,4803138,539,4803138,4803.138,
2026-01-18 04:37:16,,3.65,,,,,,,-50
2026-01-18 05:00:01,,,,,4803502,364,4803502,4803.502,
2026-01-18 06:00:01,,,,,4803792,290,4803792,4803.792,
2026-01-18 07:00:01,,,,,4803796,4,4803796,4803.796,
2026-01-18 08:00:01,,,,,4803800,4,4803800,4803.8,
2026-01-18 09:00:01,,,,,4803801,1,4803801,4803.801,
2026-01-18 10:00:01,,,,,4803801,0,4803801,4803.801,
2026-01-18 11:00:01,,,,,4803801,0,4803801,4803.801,
2026-01-18 12:00:01,,,,,4803801,0,4803801,4803.801,
2026-01-18 13:00:01,,,,,4803801,0,4803801,4803.801,
2026-01-18 14:00:01,,,,,4803801,0,4803801,4803.801,
2026-01-18 15:00:01,,,,,4803801,0,4803801,4803.801,
2026-01-18 16:00:01,,,,,4803801,0,4803801,4803.801,
2026-01-18 17:00:01,,,,,4803801,0,4803801,4803.801,
2026-01-18 18:00:01,,,,,4803801,0,4803801,4803.801,
2026-01-18 19:00:01,,,,,4803801,0,4803801,4803.801,
2026-01-18 20:00:01,,,,,4803801,0,4803801,4803.801,
2026-01-18 21:00:01,,,,,4803801,0,4803801,4803.801,
2026-01-18 22:00:01,,,,,4803801,0,4803801,4803.801,
2026-01-18 23:00:01,,,,,4803801,0,4803801,4803.801,
2026-01-19 00:00:01,,,,,4803801,0,4803801,4803.801,
2026-01-19 01:00:01,,,,,4804036,235,4804036,4804.036,
2026-01-19 02:00:01,,,,,4804703,667,4804703,4804.703,
2026-01-19 03:00:01,,,,,4805477,774,4805477,4805.477,
2026-01-19 04:00:01,,,,,4806272,795,4806272,4806.272,
2026-01-19 04:36:01,26.8,,,,4806678,406,4806678,4806.678,
2026-01-19 04:37:13,,3.65,,,,,,,-50
2026-01-19 05:00:01,,,,,4806968,290,4806968,4806.968,
2026-01-19 06:00:01,,,,,4807006,38,4807006,4807.006,
2026-01-19 07:00:01,,,,,4807006,0,4807006,4807.006,
2026-01-19 08:00:01,,,,,4807006,0,4807006,4807.006,
2026-01-19 09:00:01,,,,,4807007,1,4807007,4807.007,
2026-01-19 10:00:01,,,,,4807008,1,4807008,4807.008,
2026-01-19 11:00:01,,,,,4807009,1,4807009,4807.009,
2026-01-19 12:00:01,,,,,4807012,3,4807012,4807.012,
2026-01-19 13:00:01,,,,,4807012,0,4807012,4807.012,
2026-01-19 14:00:01,,,,,4807014,2,4807014,4807.014,
2026-01-19 15:00:01,,,,,4807025,11,4807025,4807.025,
2026-01-19 16:00:01,,,,,4807026,1,4807026,4807.026,
2026-01-19 17:00:01,,,,,4807035,9,4807035,4807.035,
2026-01-19 18:00:01,,,,,4807044,9,4807044,4807.044,
2026-01-19 19:00:01,,,,,4807044,0,4807044,4807.044,
2026-01-19 20:00:01,,,,,4807044,0,4807044,4807.044,
2026-01-19 21:00:01,,,,,4807044,0,4807044,4807.044,
2026-01-19 22:00:01,,,,,4807044,0,4807044,4807.044,
2026-01-19 23:00:01,,,,,4807044,0,4807044,4807.044,
2026-01-20 00:00:01,,,,,4807045,1,4807045,4807.045,
2026-01-20 01:00:01,,,,,4807322,277,4807322,4807.322,
2026-01-20 02:00:01,,,,,4808112,790,4808112,4808.112,
2026-01-20 03:00:01,,,,,4809048,936,4809048,4809.048,
2026-01-20 04:00:01,,,,,4810017,969,4810017,4810.017,
2026-01-20 04:36:01,28.09,,,,4810556,539,4810556,4810.556,
2026-01-20 04:37:17,,3.65,,,,,,,-49
2026-01-20 05:00:01,,,,,4810837,281,4810837,4810.837,
2026-01-20 06:00:01,,,,,4811255,418,4811255,4811.255,
2026-01-20 07:00:01,,,,,4811257,2,4811257,4811.257,
2026-01-20 08:00:01,,,,,4811258,1,4811258,4811.258,
2026-01-20 09:00:01,,,,,4811258,0,4811258,4811.258,
2026-01-20 10:00:01,,,,,4811341,83,4811341,4811.341,
2026-01-20 11:00:01,,,,,4811408,67,4811408,4811.408,
2026-01-20 12:00:01,,,,,4811416,8,4811416,4811.416,
2026-01-20 13:00:01,,,,,4811425,9,4811425,4811.425,
2026-01-20 14:00:01,,,,,4811435,10,4811435,4811.435,
2026-01-20 15:00:01,,,,,4811435,0,4811435,4811.435,
2026-01-20 16:00:01,,,,,4811436,1,4811436,4811.436,
2026-01-20 17:00:01,,,,,4811437,1,4811437,4811.437,
2026-01-20 18:00:01,,,,,4811437,0,4811437,4811.437,
2026-01-20 19:00:01,,,,,4811437,0,4811437,4811.437,
2026-01-20 20:00:01,,,,,4811437,0,4811437,4811.437,
2026-01-20 21:00:01,,,,,4811437,0,4811437,4811.437,
2026-01-20 22:00:01,,,,,4811437,0,4811437,4811.437,
2026-01-20 23:00:01,,,,,4811437,0,4811437,4811.437,
2026-01-21 00:00:01,,,,,4811437,0,4811437,4811.437,
2026-01-21 01:00:01,,,,,4811707,270,4811707,4811.707,
2026-01-21 02:00:01,,,,,4812294,587,4812294,4812.294,
2026-01-21 03:00:01,,,,,4813006,712,4813006,4813.006,
2026-01-21 04:00:01,,,,,4813677,671,4813677,4813.677,
2026-01-21 04:36:01,27.76,,,,4814048,371,4814048,4814.048,
2026-01-21 04:37:06,,3.67,,,,,,,-51
2026-01-21 05:00:01,,,,,4814221,173,4814221,4814.221,
2026-01-21 06:00:01,,,,,4814227,6,4814227,4814.227,
2026-01-21 07:00:01,,,,,4814230,3,4814230,4814.23,
2026-01-21 08:00:01,,,,,4814236,6,4814236,4814.236,
2026-01-21 09:00:01,,,,,4814236,0,4814236,4814.236,
2026-01-21 10:00:01,,,,,4814236,0,4814236,4814.236,
2026-01-21 11:00:01,,,,,4814236,0,4814236,4814.236,
2026-01-21 12:00:01,,,,,4814236,0,4814236,4814.236,
2026-01-21 13:00:01,,,,,4814236,0,4814236,4814.236,
2026-01-21 14:00:01,,,,,4814247,11,4814247,4814.247,
2026-01-21 15:00:01,,,,,4814304,57,4814304,4814.304,
2026-01-21 16:00:01,,,,,4814357,53,4814357,4814.357,
2026-01-21 17:00:01,,,,,4814361,4,4814361,4814.361,
2026-01-21 18:00:01,,,,,4814361,0,4814361,4814.361,
2026-01-21 19:00:01,,,,,4814361,0,4814361,4814.361,
2026-01-21 20:00:01,,,,,4814361,0,4814361,4814.361,
2026-01-21 21:00:01,,,,,4814361,0,4814361,4814.361,
2026-01-21 22:00:01,,,,,4814361,0,4814361,4814.361,
2026-01-21 23:00:01,,,,,4814361,0,4814361,4814.361,
2026-01-22 00:00:01,,,,,4814843,482,4814843,4814.843,
2026-01-22 01:00:01,,,,,4815426,583,4815426,4815.426,
2026-01-22 02:00:01,,,,,4816152,726,4816152,4816.152,
2026-01-22 03:00:01,,,,,4816906,754,4816906,4816.906,
2026-01-22 04:00:01,,,,,4817432,526,4817432,4817.432,
2026-01-22 04:36:01,30.3,,,,4817441,9,4817441,4817.441,
2026-01-22 04:37:14,,3.65,,,,,,,-51
2026-01-22 05:00:01,,,,,4817455,14,4817455,4817.455,
2026-01-22 06:00:01,,,,,4817456,1,4817456,4817.456,
2026-01-22 07:00:01,,,,,4817459,3,4817459,4817.459,
2026-01-22 08:00:01,,,,,4817461,2,4817461,4817.461,
2026-01-22 09:00:01,,,,,4817463,2,4817463,4817.463,
2026-01-22 10:00:01,,,,,4817463,0,4817463,4817.463,
2026-01-22 11:00:01,,,,,4817463,0,4817463,4817.463,
2026-01-22 12:00:01,,,,,4817463,0,4817463,4817.463,
2026-01-22 13:00:01,,,,,4817463,0,4817463,4817.463,
2026-01-22 14:00:01,,,,,4817477,14,4817477,4817.477,
2026-01-22 15:00:01,,,,,4817507,30,4817507,4817.507,
2026-01-22 16:00:01,,,,,4817518,11,4817518,4817.518,
2026-01-22 17:00:01,,,,,4817518,0,4817518,4817.518,
2026-01-22 18:00:01,,,,,4817518,0,4817518,4817.518,
2026-01-22 19:00:01,,,,,4817518,0,4817518,4817.518,
2026-01-22 20:00:01,,,,,4817518,0,4817518,4817.518,
2026-01-22 21:00:01,,,,,4817518,0,4817518,4817.518,
2026-01-22 22:00:01,,,,,4817518,0,4817518,4817.518,
2026-01-22 23:00:01,,,,,4817518,0,4817518,4817.518,
2026-01-23 00:00:01,,,,,4817518,0,4817518,4817.518,
2026-01-23 01:00:01,,,,,4817770,252,4817770,4817.77,
2026-01-23 02:00:01,,,,,4818355,585,4818355,4818.355,
2026-01-23 03:00:01,,,,,4819108,753,4819108,4819.108,
2026-01-23 04:00:01,,,,,4819822,714,4819822,4819.822,
2026-01-23 04:36:01,28.32,,,,4820228,406,4820228,4820.228,
2026-01-23 04:37:21,,3.65,,,,,,,-50
2026-01-23 05:00:01,,,,,4820441,213,4820441,4820.441,
2026-01-23 06:00:01,,,,,4820465,24,4820465,4820.465,
2026-01-23 07:00:01,,,,,4820471,6,4820471,4820.471,
2026-01-23 08:00:01,,,,,4820476,5,4820476,4820.476,
2026-01-23 09:00:01,,,,,4820483,7,4820483,4820.483,
2026-01-23 10:00:01,,,,,4820483,0,4820483,4820.483,
2026-01-23 11:00:01,,,,,4820495,12,4820495,4820.495,
2026-01-23 12:00:01,,,,,4820502,7,4820502,4820.502,
2026-01-23 13:00:01,,,,,4820502,0,4820502,4820.502,
2026-01-23 14:00:01,,,,,4820502,0,4820502,4820.502,
2026-01-23 15:00:01,,,,,4820507,5,4820507,4820.507,
2026-01-23 16:00:01,,,,,4820507,0,4820507,4820.507,
2026-01-23 17:00:01,,,,,4820507,0,4820507,4820.507,
2026-01-23 18:00:01,,,,,4820507,0,4820507,4820.507,
2026-01-23 19:00:01,,,,,4820507,0,4820507,4820.507,
2026-01-23 20:00:01,,,,,4820507,0,4820507,4820.507,
2026-01-23 21:00:01,,,,,4820507,0,4820507,4820.507,
2026-01-23 22:00:01,,,,,4820507,0,4820507,4820.507,
2026-01-23 23:00:01,,,,,4820507,0,4820507,4820.507,
2026-01-24 00:00:01,,,,,4820507,0,4820507,4820.507,
2026-01-24 01:00:01,,,,,4820767,260,4820767,4820.767,
2026-01-24 02:00:01,,,,,4821369,602,4821369,4821.369,
2026-01-24 03:00:01,,,,,4822098,729,4822098,4822.098,
2026-01-24 04:00:01,,,,,4822845,747,4822845,4822.845,
2026-01-24 04:36:01,28.39,,,,4823254,409,4823254,4823.254,
2026-01-24 04:37:07,,3.66,,,,,,,-50
2026-01-24 05:00:01,,,,,4823524,270,4823524,4823.524,
2026-01-24 06:00:01,,,,,4823659,135,4823659,4823.659,
2026-01-24 07:00:01,,,,,4823659,0,4823659,4823.659,
2026-01-24 08:00:01,,,,,4823659,0,4823659,4823.659,
2026-01-24 09:00:01,,,,,4823659,0,4823659,4823.659,
2026-01-24 10:00:01,,,,,4823659,0,4823659,4823.659,
2026-01-24 11:00:01,,,,,4823659,0,4823659,4823.659,
2026-01-24 12:00:01,,,,,4823659,0,4823659,4823.659,
2026-01-24 13:00:01,,,,,4823659,0,4823659,4823.659,
2026-01-24 14:00:01,,,,,4823659,0,4823659,4823.659,
2026-01-24 15:00:01,,,,,4823676,17,4823676,4823.676,
2026-01-24 16:00:01,,,,,4823676,0,4823676,4823.676,
2026-01-24 17:00:01,,,,,4823702,26,4823702,4823.702,
2026-01-24 18:00:01,,,,,4823727,25,4823727,4823.727,
2026-01-24 19:00:01,,,,,4823736,9,4823736,4823.736,
2026-01-24 20:00:01,,,,,4823736,0,4823736,4823.736,
2026-01-24 21:00:01,,,,,4823736,0,4823736,4823.736,
2026-01-24 22:00:01,,,,,4823736,0,4823736,4823.736,
2026-01-24 23:00:01,,,,,4823736,0,4823736,4823.736,
2026-01-25 00:00:01,,,,,4823736,0,4823736,4823.736,
2026-01-25 01:00:01,,,,,4824005,269,4824005,4824.005,
2026-01-25 02:00:01,,,,,4824622,617,4824622,4824.622,
2026-01-25 03:00:01,,,,,4825415,793,4825415,4825.415,
2026-01-25 04:00:01,,,,,4826176,761,4826176,4826.176,
2026-01-25 04:36:01,31.2,,,,4826612,436,4826612,4826.612,
2026-01-25 04:37:09,,3.66,,,,,,,-51
2026-01-25 05:00:01,,,,,4826844,232,4826844,4826.844,
2026-01-25 06:00:01,,,,,4826873,29,4826873,4826.873,
2026-01-25 07:00:01,,,,,4826879,6,4826879,4826.879,
2026-01-25 08:00:01,,,,,4826880,1,4826880,4826.88,
2026-01-25 09:00:01,,,,,4826880,0,4826880,4826.88,
2026-01-25 10:00:01,,,,,4826880,0,4826880,4826.88,
2026-01-25 11:00:01,,,,,4826880,0,4826880,4826.88,
2026-01-25 12:00:01,,,,,4826880,0,4826880,4826.88,
2026-01-25 13:00:01,,,,,4826880,0,4826880,4826.88,
2026-01-25 14:00:01,,,,,4826880,0,4826880,4826.88,
2026-01-25 15:00:01,,,,,4826880,0,4826880,4826.88,
2026-01-25 16:00:01,,,,,4826885,5,4826885,4826.885,
2026-01-25 17:00:01,,,,,4826893,8,4826893,4826.893,
2026-01-25 18:00:01,,,,,4826900,7,4826900,4826.9,
2026-01-25 19:00:01,,,,,4826900,0,4826900,4826.9,
2026-01-25 20:00:01,,,,,4826906,6,4826906,4826.906,
2026-01-25 21:00:01,,,,,4826907,1,4826907,4826.907,
2026-01-25 22:00:01,,,,,4826907,0,4826907,4826.907,
2026-01-25 23:00:01,,,,,4826907,0,4826907,4826.907,
2026-01-26 00:00:01,,,,,4826907,0,4826907,4826.907,
2026-01-26 01:00:01,,,,,4827287,380,4827287,4827.287,
2026-01-26 02:00:01,,,,,4827896,609,4827896,4827.896,
2026-01-26 03:00:01,,,,,4828675,779,4828675,4828.675,
2026-01-26 04:00:01,,,,,4829463,788,4829463,4829.463,
2026-01-26 04:36:01,34.02,,,,4829922,459,4829922,4829.922,
2026-01-26 04:37:06,,3.64,,,,,,,-50
2026-01-26 05:00:01,,,,,4830028,106,4830028,4830.028,
2026-01-26 06:00:01,,,,,4830028,0,4830028,4830.028,
2026-01-26 07:00:01,,,,,4830030,2,4830030,4830.03,
2026-01-26 08:00:01,,,,,4830033,3,4830033,4830.033,
2026-01-26 09:00:01,,,,,4830033,0,4830033,4830.033,
2026-01-26 10:00:01,,,,,4830033,0,4830033,4830.033,
2026-01-26 11:00:01,,,,,4830033,0,4830033,4830.033,
2026-01-26 12:00:01,,,,,4830033,0,4830033,4830.033,
2026-01-26 13:00:01,,,,,4830033,0,4830033,4830.033,
2026-01-26 14:00:01,,,,,4830033,0,4830033,4830.033,
2026-01-26 15:00:01,,,,,4830033,0,4830033,4830.033,
2026-01-26 16:00:01,,,,,4830037,4,4830037,4830.037,
2026-01-26 17:00:01,,,,,4830037,0,4830037,4830.037,
2026-01-26 18:00:01,,,,,4830040,3,4830040,4830.04,
2026-01-26 19:00:01,,,,,4830045,5,4830045,4830.045,
2026-01-26 20:00:01,,,,,4830045,0,4830045,4830.045,
2026-01-26 21:00:01,,,,,4830045,0,4830045,4830.045,
2026-01-26 22:00:01,,,,,4830045,0,4830045,4830.045,
2026-01-26 23:00:01,,,,,4830045,0,4830045,4830.045,
2026-01-27 00:00:01,,,,,4830045,0,4830045,4830.045,
2026-01-27 01:00:01,,,,,4830402,357,4830402,4830.402,
2026-01-27 02:00:01,,,,,4831016,614,4831016,4831.016,
2026-01-27 03:00:01,,,,,4831786,770,4831786,4831.786,
2026-01-27 04:00:01,,,,,4832578,792,4832578,4832.578,
2026-01-27 04:36:01,34.05,,,,4833047,469,4833047,4833.047,
2026-01-27 04:37:07,,3.65,,,,,,,-50
2026-01-27 05:00:01,,,,,4833175,128,4833175,4833.175,
2026-01-27 06:00:01,,,,,4833175,0,4833175,4833.175,
2026-01-27 07:00:01,,,,,4833237,62,4833237,4833.237,
2026-01-27 08:00:01,,,,,4833245,8,4833245,4833.245,
2026-01-27 09:00:01,,,,,4833245,0,4833245,4833.245,
2026-01-27 10:00:01,,,,,4833245,0,4833245,4833.245,
2026-01-27 11:00:01,,,,,4833245,0,4833245,4833.245,
2026-01-27 12:00:01,,,,,4833245,0,4833245,4833.245,
2026-01-27 13:00:01,,,,,4833245,0,4833245,4833.245,
2026-01-27 14:00:01,,,,,4833245,0,4833245,4833.245,
2026-01-27 15:00:01,,,,,4833246,1,4833246,4833.246,
2026-01-27 16:00:01,,,,,4833253,7,4833253,4833.253,
2026-01-27 17:00:01,,,,,4833253,0,4833253,4833.253,
2026-01-27 18:00:01,,,,,4833253,0,4833253,4833.253,
2026-01-27 19:00:01,,,,,4833253,0,4833253,4833.253,
2026-01-27 20:00:01,,,,,4833350,97,4833350,4833.35,
2026-01-27 21:00:01,,,,,4833359,9,4833359,4833.359,
2026-01-27 22:00:01,,,,,4833360,1,4833360,4833.36,
2026-01-27 23:00:01,,,,,4833360,0,4833360,4833.36,
2026-01-28 00:00:01,,,,,4833729,369,4833729,4833.729,
2026-01-28 01:00:01,,,,,4834377,648,4834377,4834.377,
2026-01-28 02:00:01,,,,,4835165,788,4835165,4835.165,
2026-01-28 03:00:01,,,,,4835998,833,4835998,4835.998,
2026-01-28 04:00:01,,,,,4836714,716,4836714,4836.714,
2026-01-28 04:36:01,32.53,,,,4836784,70,4836784,4836.784,
2026-01-28 04:37:18,,3.65,,,,,,,-50
2026-01-28 05:00:01,,,,,4836791,7,4836791,4836.791,
2026-01-28 06:00:01,,,,,4836791,0,4836791,4836.791,
2026-01-28 07:00:01,,,,,4836794,3,4836794,4836.794,
2026-01-28 08:00:01,,,,,4836818,24,4836818,4836.818,
2026-01-28 09:00:01,,,,,4836822,4,4836822,4836.822,
2026-01-28 10:00:01,,,,,4836831,9,4836831,4836.831,
2026-01-28 11:00:01,,,,,4836831,0,4836831,4836.831,
2026-01-28 12:00:01,,,,,4836834,3,4836834,4836.834,
2026-01-28 13:00:01,,,,,4836852,18,4836852,4836.852,
2026-01-28 14:00:01,,,,,4836852,0,4836852,4836.852,
2026-01-28 15:00:01,,,,,4836852,0,4836852,4836.852,
2026-01-28 16:00:01,,,,,4836867,15,4836867,4836.867,
2026-01-28 17:00:01,,,,,4837070,203,4837070,4837.07,
2026-01-28 18:00:01,,,,,4837206,136,4837206,4837.206,
2026-01-28 19:00:01,,,,,4837258,52,4837258,4837.258,
2026-01-28 20:00:01,,,,,4837510,252,4837510,4837.51,
2026-01-28 21:00:01,,,,,4837510,0,4837510,4837.51,
2026-01-28 22:00:01,,,,,4837511,1,4837511,4837.511,
2026-01-28 23:00:01,,,,,4837564,53,4837564,4837.564,
2026-01-29 00:00:01,,,,,4838430,866,4838430,4838.43,
2026-01-29 01:00:01,,,,,4839138,708,4839138,4839.138,
2026-01-29 02:00:01,,,,,4839990,852,4839990,4839.99,
2026-01-29 03:00:01,,,,,4840188,198,4840188,4840.188,
2026-01-29 04:00:01,,,,,4840189,1,4840189,4840.189,
2026-01-29 04:36:01,36.03,,,,4840189,0,4840189,4840.189,
2026-01-29 04:37:07,,3.65,,,,,,,-50
2026-01-29 05:00:01,,,,,4840189,0,4840189,4840.189,
2026-01-29 06:00:01,,,,,4840191,2,4840191,4840.191,
2026-01-29 07:00:01,,,,,4840544,353,4840544,4840.544,
2026-01-29 08:00:01,,,,,4840588,44,4840588,4840.588,
2026-01-29 09:00:01,,,,,4840590,2,4840590,4840.59,
2026-01-29 10:00:01,,,,,4840590,0,4840590,4840.59,
2026-01-29 11:00:01,,,,,4840598,8,4840598,4840.598,
2026-01-29 12:00:01,,,,,4840623,25,4840623,4840.623,
2026-01-29 13:00:01,,,,,4840629,6,4840629,4840.629,
2026-01-29 14:00:01,,,,,4840761,132,4840761,4840.761,
2026-01-29 15:00:01,,,,,4840890,129,4840890,4840.89,
2026-01-29 16:00:01,,,,,4841187,297,4841187,4841.187,
2026-01-29 17:00:01,,,,,4841200,13,4841200,4841.2,
2026-01-29 18:00:01,,,,,4841465,265,4841465,4841.465,
2026-01-29 19:00:01,,,,,4841716,251,4841716,4841.716,
2026-01-29 20:00:01,,,,,4841863,147,4841863,4841.863,
2026-01-29 21:00:01,,,,,4841869,6,4841869,4841.869,
2026-01-29 22:00:01,,,,,4841871,2,4841871,4841.871,
2026-01-29 23:00:01,,,,,4842229,358,4842229,4842.229,
2026-01-30 00:00:01,,,,,4842937,708,4842937,4842.937,
2026-01-30 01:00:01,,,,,4843661,724,4843661,4843.661,
2026-01-30 02:00:01,,,,,4844349,688,4844349,4844.349,
2026-01-30 03:00:01,,,,,4844548,199,4844548,4844.548,
2026-01-30 04:00:01,,,,,4844548,0,4844548,4844.548,
2026-01-30 04:36:01,35.12,,,,4844548,0,4844548,4844.548,
2026-01-30 04:37:18,,3.65,,,,,,,-50
2026-01-30 05:00:01,,,,,4844548,0,4844548,4844.548,
2026-01-30 06:00:01,,,,,4845082,534,4845082,4845.082,
2026-01-30 07:00:01,,,,,4845556,474,4845556,4845.556,
2026-01-30 08:00:01,,,,,4845581,25,4845581,4845.581,
2026-01-30 09:00:01,,,,,4845630,49,4845630,4845.63,
2026-01-30 10:00:01,,,,,4845631,1,4845631,4845.631,
2026-01-30 11:00:01,,,,,4845631,0,4845631,4845.631,
2026-01-30 12:00:01,,,,,4845633,2,4845633,4845.633,
2026-01-30 13:00:01,,,,,4845633,0,4845633,4845.633,
2026-01-30 14:00:01,,,,,4845752,119,4845752,4845.752,
2026-01-30 15:00:01,,,,,4845866,114,4845866,4845.866,
2026-01-30 16:00:01,,,,,4846119,253,4846119,4846.119,
2026-01-30 17:00:01,,,,,4846124,5,4846124,4846.124,
2026-01-30 18:00:01,,,,,4846362,238,4846362,4846.362,
2026-01-30 19:00:01,,,,,4846591,229,4846591,4846.591,
2026-01-30 20:00:01,,,,,4846601,10,4846601,4846.601,
2026-01-30 21:00:01,,,,,4846602,1,4846602,4846.602,
2026-01-30 22:00:01,,,,,4846606,4,4846606,4846.606,
2026-01-30 23:00:01,,,,,4846610,4,4846610,4846.61,
2026-01-31 00:00:01,,,,,4846610,0,4846610,4846.61,
2026-01-31 01:00:01,,,,,4847036,426,4847036,4847.036,
2026-01-31 02:00:01,,,,,4847989,953,4847989,4847.989,
2026-01-31 03:00:01,,,,,4849016,1027,4849016,4849.016,
2026-01-31 04:00:01,,,,,4849885,869,4849885,4849.885,
2026-01-31 04:36:01,35.9,,,,4850311,426,4850311,4850.311,
2026-01-31 04:37:13,,3.66,,,,,,,-50
2026-01-31 05:00:01,,,,,4850354,43,4850354,4850.354,
2026-01-31 06:00:01,,,,,4850371,17,4850371,4850.371,
2026-01-31 07:00:01,,,,,4850371,0,4850371,4850.371,
2026-01-31 08:00:01,,,,,4850371,0,4850371,4850.371,
2026-01-31 09:00:01,,,,,4850372,1,4850372,4850.372,
2026-01-31 10:00:01,,,,,4850372,0,4850372,4850.372,
2026-01-31 11:00:01,,,,,4850372,0,4850372,4850.372,
2026-01-31 12:00:01,,,,,4850372,0,4850372,4850.372,
2026-01-31 13:00:01,,,,,4850372,0,4850372,4850.372,
2026-01-31 14:00:01,,,,,4850372,0,4850372,4850.372,
2026-01-31 15:00:01,,,,,4850372,0,4850372,4850.372,
2026-01-31 16:00:01,,,,,4850602,230,4850602,4850.602,
2026-01-31 17:00:01,,,,,4850602,0,4850602,4850.602,
2026-01-31 18:00:01,,,,,4850821,219,4850821,4850.821,
2026-01-31 19:00:01,,,,,4851031,210,4851031,4851.031,
2026-01-31 20:00:01,,,,,4851044,13,4851044,4851.044,
2026-01-31 21:00:01,,,,,4851048,4,4851048,4851.048,
2026-01-31 22:00:01,,,,,4851056,8,4851056,4851.056,
2026-01-31 23:00:01,,,,,4851056,0,4851056,4851.056,
2026-02-01 00:00:01,,,,,4851056,0,4851056,4851.056,
2026-02-01 01:00:01,,,,,4851415,359,4851415,4851.415,
2026-02-01 02:00:01,,,,,4852213,798,4852213,4852.213,
2026-02-01 03:00:01,,,,,4853061,848,4853061,4853.061,
2026-02-01 04:00:01,,,,,4853865,804,4853865,4853.865,
2026-02-01 04:36:01,37.75,,,,4854186,321,4854186,4854.186,
2026-02-01 04:37:18,,3.65,,,,,,,-52
2026-02-01 05:00:01,,,,,4854240,54,4854240,4854.24,
2026-02-01 06:00:01,,,,,4854240,0,4854240,4854.24,
2026-02-01 07:00:01,,,,,4854240,0,4854240,4854.24,
2026-02-01 08:00:01,,,,,4854240,0,4854240,4854.24,
2026-02-01 09:00:01,,,,,4854240,0,4854240,4854.24,
2026-02-01 10:00:01,,,,,4854240,0,4854240,4854.24,
2026-02-01 11:00:01,,,,,4854240,0,4854240,4854.24,
2026-02-01 12:00:01,,,,,4854240,0,4854240,4854.24,
2026-02-01 13:00:01,,,,,4854240,0,4854240,4854.24,
2026-02-01 14:00:01,,,,,4854240,0,4854240,4854.24,
2026-02-01 15:00:01,,,,,4854240,0,4854240,4854.24,
2026-02-01 16:00:01,,,,,4854240,0,4854240,4854.24,
2026-02-01 17:00:01,,,,,4854240,0,4854240,4854.24,
2026-02-01 18:00:01,,,,,4854240,0,4854240,4854.24,
2026-02-01 19:00:01,,,,,4854240,0,4854240,4854.24,
2026-02-01 20:00:01,,,,,4854240,0,4854240,4854.24,
2026-02-01 21:00:01,,,,,4854246,6,4854246,4854.246,
2026-02-01 22:00:01,,,,,4854255,9,4854255,4854.255,
2026-02-01 23:00:01,,,,,4854255,0,4854255,4854.255,
2026-02-02 00:00:01,,,,,4854255,0,4854255,4854.255,
2026-02-02 01:00:01,,,,,4854867,612,4854867,4854.867,
2026-02-02 02:00:01,,,,,4855633,766,4855633,4855.633,
2026-02-02 03:00:01,,,,,4856447,814,4856447,4856.447,
2026-02-02 04:00:01,,,,,4857221,774,4857221,4857.221,
2026-02-02 04:36:01,30,,,,4857359,138,4857359,4857.359,
2026-02-02 04:37:11,,3.67,,,,,,,-51
2026-02-02 05:00:01,,,,,4857359,0,4857359,4857.359,
2026-02-02 06:00:01,,,,,4857359,0,4857359,4857.359,
2026-02-02 07:00:01,,,,,4857366,7,4857366,4857.366,
2026-02-02 08:00:01,,,,,4857366,0,4857366,4857.366,
2026-02-02 09:00:01,,,,,4857366,0,4857366,4857.366,
2026-02-02 10:00:01,,,,,4857366,0,4857366,4857.366,
2026-02-02 11:00:01,,,,,4857366,0,4857366,4857.366,
2026-02-02 12:00:01,,,,,4857366,0,4857366,4857.366,
2026-02-02 13:00:01,,,,,4857366,0,4857366,4857.366,
2026-02-02 14:00:01,,,,,4857435,69,4857435,4857.435,
2026-02-02 15:00:01,,,,,4857477,42,4857477,4857.477,
2026-02-02 16:00:01,,,,,4857515,38,4857515,4857.515,
2026-02-02 17:00:01,,,,,4857519,4,4857519,4857.519,
2026-02-02 18:00:01,,,,,4857519,0,4857519,4857.519,
2026-02-02 19:00:01,,,,,4857519,0,4857519,4857.519,
2026-02-02 20:00:01,,,,,4857522,3,4857522,4857.522,
2026-02-02 21:00:01,,,,,4857525,3,4857525,4857.525,
2026-02-02 22:00:01,,,,,4857526,1,4857526,4857.526,
2026-02-02 23:00:01,,,,,4857526,0,4857526,4857.526,
2026-02-03 00:00:01,,,,,4857551,25,4857551,4857.551,
2026-02-03 01:00:01,,,,,4858324,773,4858324,4858.324,
2026-02-03 02:00:01,,,,,4859139,815,4859139,4859.139,
2026-02-03 03:00:01,,,,,4859932,793,4859932,4859.932,
2026-02-03 04:00:01,,,,,4860308,376,4860308,4860.308,
2026-02-03 04:36:01,26.64,,,,4860310,2,4860310,4860.31,
2026-02-03 04:37:07,,3.65,,,,,,,-50
2026-02-03 05:00:01,,,,,4860314,4,4860314,4860.314,
2026-02-03 06:00:01,,,,,4860331,17,4860331,4860.331,
2026-02-03 07:00:01,,,,,4860341,10,4860341,4860.341,
2026-02-03 08:00:01,,,,,4860341,0,4860341,4860.341,
2026-02-03 09:00:01,,,,,4860341,0,4860341,4860.341,
2026-02-03 10:00:01,,,,,4860341,0,4860341,4860.341,
2026-02-03 11:00:01,,,,,4860341,0,4860341,4860.341,
2026-02-03 12:00:01,,,,,4860341,0,4860341,4860.341,
2026-02-03 13:00:01,,,,,4860341,0,4860341,4860.341,
2026-02-03 14:00:01,,,,,4860341,0,4860341,4860.341,
2026-02-03 15:00:01,,,,,4860341,0,4860341,4860.341,
2026-02-03 16:00:01,,,,,4860341,0,4860341,4860.341,
2026-02-03 17:00:01,,,,,4860341,0,4860341,4860.341,
2026-02-03 18:00:01,,,,,4860341,0,4860341,4860.341,
2026-02-03 19:00:01,,,,,4860341,0,4860341,4860.341,
2026-02-03 20:00:01,,,,,4860341,0,4860341,4860.341,
2026-02-03 21:00:01,,,,,4860343,2,4860343,4860.343,
2026-02-03 22:00:01,,,,,4860346,3,4860346,4860.346,
2026-02-03 23:00:01,,,,,4860375,29,4860375,4860.375,
2026-02-04 00:00:01,,,,,4860375,0,4860375,4860.375,
2026-02-04 01:00:01,,,,,4860701,326,4860701,4860.701,
2026-02-04 02:00:01,,,,,4861467,766,4861467,4861.467,
2026-02-04 03:00:01,,,,,4862297,830,4862297,4862.297,
2026-02-04 04:00:01,,,,,4863027,730,4863027,4863.027,
2026-02-04 04:36:01,27.39,,,,4863051,24,4863051,4863.051,
2026-02-04 04:37:13,,3.66,,,,,,,-51
2026-02-04 05:00:01,,,,,4863051,0,4863051,4863.051,
2026-02-04 06:00:01,,,,,4863051,0,4863051,4863.051,
2026-02-04 07:00:01,,,,,4863051,0,4863051,4863.051,
2026-02-04 08:00:01,,,,,4863051,0,4863051,4863.051,
2026-02-04 09:00:01,,,,,4863051,0,4863051,4863.051,
2026-02-04 10:00:01,,,,,4863051,0,4863051,4863.051,
2026-02-04 11:00:01,,,,,4863051,0,4863051,4863.051,
2026-02-04 12:00:01,,,,,4863051,0,4863051,4863.051,
2026-02-04 13:00:01,,,,,4863051,0,4863051,4863.051,
2026-02-04 14:00:01,,,,,4863052,1,4863052,4863.052,
2026-02-04 15:00:01,,,,,4863074,22,4863074,4863.074,
2026-02-04 16:00:01,,,,,4863095,21,4863095,4863.095,
2026-02-04 17:00:01,,,,,4863095,0,4863095,4863.095,
2026-02-04 18:00:01,,,,,4863097,2,4863097,4863.097,
2026-02-04 19:00:01,,,,,4863097,0,4863097,4863.097,
2026-02-04 20:00:01,,,,,4863098,1,4863098,4863.098,
2026-02-04 21:00:01,,,,,4863101,3,4863101,4863.101,
2026-02-04 22:00:01,,,,,4863102,1,4863102,4863.102,
2026-02-04 23:00:01,,,,,4863102,0,4863102,4863.102,
2026-02-05 00:00:01,,,,,4863102,0,4863102,4863.102,
2026-02-05 01:00:01,,,,,4863843,741,4863843,4863.843,
2026-02-05 02:00:01,,,,,4864610,767,4864610,4864.61,
2026-02-05 03:00:01,,,,,4865363,753,4865363,4865.363,
2026-02-05 04:00:01,,,,,4865773,410,4865773,4865.773,
2026-02-05 04:36:01,30.37,,,,4865773,0,4865773,4865.773,
2026-02-05 04:37:18,,3.65,,,,,,,-51
2026-02-05 05:00:01,,,,,4865773,0,4865773,4865.773,
2026-02-05 06:00:01,,,,,4865780,7,4865780,4865.78,
2026-02-05 07:00:01,,,,,4865784,4,4865784,4865.784,
2026-02-05 08:00:01,,,,,4865860,76,4865860,4865.86,
2026-02-05 09:00:01,,,,,4865872,12,4865872,4865.872,
2026-02-05 10:00:01,,,,,4865917,45,4865917,4865.917,
2026-02-05 11:00:01,,,,,4865937,20,4865937,4865.937,
2026-02-05 12:00:01,,,,,4865937,0,4865937,4865.937,
2026-02-05 13:00:01,,,,,4865937,0,4865937,4865.937,
2026-02-05 14:00:01,,,,,4865947,10,4865947,4865.947,
2026-02-05 15:00:01,,,,,4865947,0,4865947,4865.947,
2026-02-05 16:00:01,,,,,4865949,2,4865949,4865.949,
2026-02-05 17:00:01,,,,,4865949,0,4865949,4865.949,
2026-02-05 18:00:01,,,,,4865958,9,4865958,4865.958,
2026-02-05 19:00:01,,,,,4865958,0,4865958,4865.958,
2026-02-05 20:00:01,,,,,4865959,1,4865959,4865.959,
2026-02-05 21:00:01,,,,,4865963,4,4865963,4865.963,
2026-02-05 22:00:01,,,,,4865965,2,4865965,4865.965,
2026-02-05 23:00:01,,,,,4865965,0,4865965,4865.965,
2026-02-06 00:00:01,,,,,4865965,0,4865965,4865.965,
2026-02-06 01:00:01,,,,,4866132,167,4866132,4866.132,
2026-02-06 02:00:01,,,,,4866930,798,4866930,4866.93,
2026-02-06 03:00:01,,,,,4867785,855,4867785,4867.785,
2026-02-06 04:00:01,,,,,4868178,393,4868178,4868.178,
2026-02-06 04:36:01,32.24,,,,4868178,0,4868178,4868.178,
2026-02-06 04:37:13,,3.66,,,,,,,-51
2026-02-06 05:00:01,,,,,4868178,0,4868178,4868.178,
2026-02-06 06:00:01,,,,,4868178,0,4868178,4868.178,
2026-02-06 07:00:01,,,,,4868181,3,4868181,4868.181,
2026-02-06 08:00:01,,,,,4868181,0,4868181,4868.181,
2026-02-06 09:00:01,,,,,4868181,0,4868181,4868.181,
2026-02-06 10:00:01,,,,,4868181,0,4868181,4868.181,
2026-02-06 11:00:01,,,,,4868181,0,4868181,4868.181,
2026-02-06 12:00:01,,,,,4868181,0,4868181,4868.181,
2026-02-06 13:00:01,,,,,4868181,0,4868181,4868.181,
2026-02-06 14:00:01,,,,,4868181,0,4868181,4868.181,
2026-02-06 15:00:01,,,,,4868181,0,4868181,4868.181,
2026-02-06 16:00:01,,,,,4868199,18,4868199,4868.199,
2026-02-06 17:00:01,,,,,4868199,0,4868199,4868.199,
2026-02-06 18:00:01,,,,,4868206,7,4868206,4868.206,
2026-02-06 19:00:01,,,,,4868206,0,4868206,4868.206,
2026-02-06 20:00:01,,,,,4868210,4,4868210,4868.21,
2026-02-06 21:00:01,,,,,4868214,4,4868214,4868.214,
2026-02-06 22:00:01,,,,,4868219,5,4868219,4868.219,
2026-02-06 23:00:01,,,,,4868230,11,4868230,4868.23,
2026-02-07 00:00:01,,,,,4868281,51,4868281,4868.281,
2026-02-07 01:00:01,,,,,4869220,939,4869220,4869.22,
2026-02-07 02:00:01,,,,,4870219,999,4870219,4870.219,
2026-02-07 03:00:01,,,,,4871192,973,4871192,4871.192,
2026-02-07 04:00:01,,,,,4871793,601,4871793,4871.793,
2026-02-07 04:36:01,31.89,,,,4871865,72,4871865,4871.865,
2026-02-07 04:37:10,,3.66,,,,,,,-51
2026-02-07 05:00:01,,,,,4871901,36,4871901,4871.901,
2026-02-07 06:00:01,,,,,4872644,743,4872644,4872.644,
2026-02-07 07:00:01,,,,,4873495,851,4873495,4873.495,
2026-02-07 08:00:01,,,,,4873534,39,4873534,4873.534,
2026-02-07 09:00:01,,,,,4873575,41,4873575,4873.575,
2026-02-07 10:00:01,,,,,4873622,47,4873622,4873.622,
2026-02-07 11:00:01,,,,,4873647,25,4873647,4873.647,
2026-02-07 12:00:01,,,,,4873647,0,4873647,4873.647,
2026-02-07 13:00:01,,,,,4873647,0,4873647,4873.647,
2026-02-07 14:00:01,,,,,4873649,2,4873649,4873.649,
2026-02-07 15:00:01,,,,,4873649,0,4873649,4873.649,
2026-02-07 16:00:01,,,,,4873656,7,4873656,4873.656,
2026-02-07 17:00:01,,,,,4873659,3,4873659,4873.659,
2026-02-07 18:00:01,,,,,4873659,0,4873659,4873.659,
2026-02-07 19:00:01,,,,,4873659,0,4873659,4873.659,
2026-02-07 20:00:01,,,,,4873662,3,4873662,4873.662,
2026-02-07 21:00:01,,,,,4873669,7,4873669,4873.669,
2026-02-07 22:00:01,,,,,4873674,5,4873674,4873.674,
2026-02-07 23:00:01,,,,,4873675,1,4873675,4873.675,
2026-02-08 00:00:01,,,,,4873675,0,4873675,4873.675,
2026-02-08 01:00:01,,,,,4873675,0,4873675,4873.675,
2026-02-08 02:00:01,,,,,4873675,0,4873675,4873.675,
2026-02-08 03:00:01,,,,,4873676,1,4873676,4873.676,
2026-02-08 04:00:01,,,,,4873676,0,4873676,4873.676,
2026-02-08 04:36:01,31.02,,,,4873683,7,4873683,4873.683,
2026-02-08 04:37:11,,3.65,,,,,,,-50
2026-02-08 05:00:01,,,,,4873685,2,4873685,4873.685,
2026-02-08 06:00:01,,,,,4873690,5,4873690,4873.69,
2026-02-08 07:00:01,,,,,4873695,5,4873695,4873.695,
2026-02-08 08:00:01,,,,,4873701,6,4873701,4873.701,
2026-02-08 09:00:01,,,,,4873701,0,4873701,4873.701,
2026-02-08 10:00:01,,,,,4873701,0,4873701,4873.701,
2026-02-08 11:00:01,,,,,4873701,0,4873701,4873.701,
2026-02-08 12:00:01,,,,,4873701,0,4873701,4873.701,
2026-02-08 13:00:01,,,,,4873701,0,4873701,4873.701,
2026-02-08 14:00:01,,,,,4873701,0,4873701,4873.701,
2026-02-08 15:00:01,,,,,4873701,0,4873701,4873.701,
2026-02-08 16:00:01,,,,,4873701,0,4873701,4873.701,
2026-02-08 17:00:01,,,,,4873701,0,4873701,4873.701,
2026-02-08 18:00:01,,,,,4873701,0,4873701,4873.701,
2026-02-08 19:00:01,,,,,4873701,0,4873701,4873.701,
2026-02-08 20:00:01,,,,,4873701,0,4873701,4873.701,
2026-02-08 21:00:01,,,,,4873703,2,4873703,4873.703,
2026-02-08 22:00:01,,,,,4873705,2,4873705,4873.705,
2026-02-08 23:00:01,,,,,4873705,0,4873705,4873.705,
2026-02-09 00:00:01,,,,,4873705,0,4873705,4873.705,
2026-02-09 01:00:01,,,,,4873705,0,4873705,4873.705,
2026-02-09 02:00:01,,,,,4873705,0,4873705,4873.705,
2026-02-09 03:00:01,,,,,4873705,0,4873705,4873.705,
2026-02-09 04:00:01,,,,,4873705,0,4873705,4873.705,
2026-02-09 04:36:01,26.49,,,,4873706,1,4873706,4873.706,
2026-02-09 04:37:08,,3.66,,,,,,,-51
2026-02-09 05:00:01,,,,,4873707,1,4873707,4873.707,
2026-02-09 06:00:01,,,,,4873758,51,4873758,4873.758,
2026-02-09 07:00:01,,,,,4874613,855,4874613,4874.613,
2026-02-09 08:00:01,,,,,4874984,371,4874984,4874.984,
2026-02-09 09:00:01,,,,,4874986,2,4874986,4874.986,
2026-02-09 10:00:01,,,,,4874986,0,4874986,4874.986,
2026-02-09 11:00:01,,,,,4874986,0,4874986,4874.986,
2026-02-09 12:00:01,,,,,4874986,0,4874986,4874.986,
2026-02-09 13:00:01,,,,,4874986,0,4874986,4874.986,
2026-02-09 14:00:01,,,,,4874986,0,4874986,4874.986,
2026-02-09 15:00:01,,,,,4874986,0,4874986,4874.986,
2026-02-09 16:00:01,,,,,4874986,0,4874986,4874.986,
2026-02-09 17:00:01,,,,,4874986,0,4874986,4874.986,
2026-02-09 18:00:01,,,,,4874986,0,4874986,4874.986,
2026-02-09 19:00:01,,,,,4874986,0,4874986,4874.986,
2026-02-09 20:00:01,,,,,4874990,4,4874990,4874.99,
2026-02-09 21:00:01,,,,,4874993,3,4874993,4874.993,
2026-02-09 22:00:01,,,,,4874996,3,4874996,4874.996,
2026-02-09 23:00:01,,,,,4874996,0,4874996,4874.996,
2026-02-10 00:00:01,,,,,4874996,0,4874996,4874.996,
2026-02-10 01:00:01,,,,,4874996,0,4874996,4874.996,
2026-02-10 02:00:01,,,,,4874996,0,4874996,4874.996,
2026-02-10 03:00:01,,,,,4875000,4,4875000,4875,
2026-02-10 04:00:01,,,,,4875010,10,4875010,4875.01,
2026-02-10 04:36:01,30.63,,,,4875010,0,4875010,4875.01,
2026-02-10 04:37:18,,3.66,,,,,,,-51
2026-02-10 05:00:01,,,,,4875010,0,4875010,4875.01,
2026-02-10 06:00:01,,,,,4875012,2,4875012,4875.012,
2026-02-10 07:00:01,,,,,4875808,796,4875808,4875.808,
2026-02-10 08:00:01,,,,,4876446,638,4876446,4876.446,
2026-02-10 09:00:01,,,,,4876457,11,4876457,4876.457,
2026-02-10 10:00:01,,,,,4876472,15,4876472,4876.472,
2026-02-10 11:00:01,,,,,4876494,22,4876494,4876.494,
2026-02-10 12:00:01,,,,,4876494,0,4876494,4876.494,
2026-02-10 13:00:01,,,,,4876494,0,4876494,4876.494,
2026-02-10 14:00:01,,,,,4876494,0,4876494,4876.494,
2026-02-10 15:00:01,,,,,4876494,0,4876494,4876.494,
2026-02-10 16:00:01,,,,,4876494,0,4876494,4876.494,
2026-02-10 17:00:01,,,,,4876494,0,4876494,4876.494,
2026-02-10 18:00:01,,,,,4876494,0,4876494,4876.494,
2026-02-10 19:00:01,,,,,4876494,0,4876494,4876.494,
2026-02-10 20:00:01,,,,,4876496,2,4876496,4876.496,
2026-02-10 21:00:01,,,,,4876497,1,4876497,4876.497,
2026-02-10 22:00:01,,,,,4876498,1,4876498,4876.498,
2026-02-10 23:00:01,,,,,4876498,0,4876498,4876.498,
2026-02-11 00:00:01,,,,,4876498,0,4876498,4876.498,
2026-02-11 01:00:01,,,,,4876498,0,4876498,4876.498,
2026-02-11 02:00:01,,,,,4876498,0,4876498,4876.498,
2026-02-11 03:00:01,,,,,4876498,0,4876498,4876.498,
2026-02-11 04:00:01,,,,,4876499,1,4876499,4876.499,
2026-02-11 04:36:01,31.06,,,,4876502,3,4876502,4876.502,
2026-02-11 04:37:13,,3.66,,,,,,,-51
2026-02-11 05:00:01,,,,,4876503,1,4876503,4876.503,
2026-02-11 06:00:01,,,,,4877271,768,4877271,4877.271,
2026-02-11 07:00:01,,,,,4877799,528,4877799,4877.799,
2026-02-11 08:00:01,,,,,4878562,763,4878562,4878.562,
2026-02-11 09:00:01,,,,,4878564,2,4878564,4878.564,
2026-02-11 10:00:01,,,,,4878564,0,4878564,4878.564,
2026-02-11 11:00:01,,,,,4878565,1,4878565,4878.565,
2026-02-11 12:00:01,,,,,4878567,2,4878567,4878.567,
2026-02-11 13:00:01,,,,,4878567,0,4878567,4878.567,
2026-02-11 14:00:01,,,,,4878567,0,4878567,4878.567,
2026-02-11 15:00:01,,,,,4878568,1,4878568,4878.568,
2026-02-11 16:00:01,,,,,4878568,0,4878568,4878.568,
2026-02-11 17:00:01,,,,,4878568,0,4878568,4878.568,
2026-02-11 18:00:01,,,,,4878568,0,4878568,4878.568,
2026-02-11 19:00:01,,,,,4878568,0,4878568,4878.568,
2026-02-11 20:00:01,,,,,4878571,3,4878571,4878.571,
2026-02-11 21:00:01,,,,,4878576,5,4878576,4878.576,
2026-02-11 22:00:01,,,,,4878580,4,4878580,4878.58,
2026-02-11 23:00:01,,,,,4878580,0,4878580,4878.58,
2026-02-12 00:00:01,,,,,4878580,0,4878580,4878.58,
2026-02-12 01:00:01,,,,,4878580,0,4878580,4878.58,
2026-02-12 02:00:01,,,,,4878580,0,4878580,4878.58,
2026-02-12 03:00:01,,,,,4878580,0,4878580,4878.58,
2026-02-12 04:00:01,,,,,4878589,9,4878589,4878.589,
2026-02-12 04:36:01,32.45,,,,4878778,189,4878778,4878.778,
2026-02-12 04:37:24,,3.66,,,,,,,-51
2026-02-12 05:00:01,,,,,4878943,165,4878943,4878.943,
2026-02-12 06:00:01,,,,,4879165,222,4879165,4879.165,
2026-02-12 07:00:01,,,,,4879290,125,4879290,4879.29,
2026-02-12 08:00:01,,,,,4879777,487,4879777,4879.777,
2026-02-12 09:00:01,,,,,4879958,181,4879958,4879.958,
2026-02-12 10:00:01,,,,,4879958,0,4879958,4879.958,
2026-02-12 11:00:01,,,,,4879958,0,4879958,4879.958,
2026-02-12 12:00:01,,,,,4879958,0,4879958,4879.958,
2026-02-12 13:00:01,,,,,4879958,0,4879958,4879.958,
2026-02-12 14:00:01,,,,,4879983,25,4879983,4879.983,
2026-02-12 15:00:01,,,,,4879984,1,4879984,4879.984,
2026-02-12 16:00:01,,,,,4879984,0,4879984,4879.984,
2026-02-12 17:00:01,,,,,4879984,0,4879984,4879.984,
2026-02-12 18:00:01,,,,,4879984,0,4879984,4879.984,
2026-02-12 19:00:01,,,,,4879984,0,4879984,4879.984,
2026-02-12 20:00:01,,,,,4879984,0,4879984,4879.984,
2026-02-12 21:00:01,,,,,4879988,4,4879988,4879.988,
2026-02-12 22:00:01,,,,,4879989,1,4879989,4879.989,
2026-02-12 23:00:01,,,,,4879989,0,4879989,4879.989,
2026-02-13 00:00:01,,,,,4879989,0,4879989,4879.989,
2026-02-13 01:00:01,,,,,4879989,0,4879989,4879.989,
2026-02-13 02:00:01,,,,,4879989,0,4879989,4879.989,
2026-02-13 03:00:01,,,,,4879989,0,4879989,4879.989,
2026-02-13 04:00:01,,,,,4879990,1,4879990,4879.99,
2026-02-13 04:36:01,27.96,,,,4879992,2,4879992,4879.992,
2026-02-13 04:37:07,,3.66,,,,,,,-50
2026-02-13 05:00:01,,,,,4879993,1,4879993,4879.993,
2026-02-13 06:00:01,,,,,4880738,745,4880738,4880.738,
2026-02-13 07:00:01,,,,,4881686,948,4881686,4881.686,
2026-02-13 08:00:01,,,,,4882027,341,4882027,4882.027,
2026-02-13 09:00:01,,,,,4882031,4,4882031,4882.031,
2026-02-13 10:00:01,,,,,4882031,0,4882031,4882.031,
2026-02-13 11:00:01,,,,,4882031,0,4882031,4882.031,
2026-02-13 12:00:01,,,,,4882031,0,4882031,4882.031,
2026-02-13 13:00:01,,,,,4882031,0,4882031,4882.031,
2026-02-13 14:00:01,,,,,4882031,0,4882031,4882.031,
2026-02-13 15:00:01,,,,,4882031,0,4882031,4882.031,
2026-02-13 16:00:01,,,,,4882031,0,4882031,4882.031,
2026-02-13 17:00:01,,,,,4882031,0,4882031,4882.031,
2026-02-13 18:00:01,,,,,4882031,0,4882031,4882.031,
2026-02-13 19:00:01,,,,,4882031,0,4882031,4882.031,
2026-02-13 20:00:01,,,,,4882032,1,4882032,4882.032,
2026-02-13 21:00:01,,,,,4882033,1,4882033,4882.033,
2026-02-13 22:00:01,,,,,4882034,1,4882034,4882.034,
2026-02-13 23:00:01,,,,,4882034,0,4882034,4882.034,
2026-02-14 00:00:01,,,,,4882034,0,4882034,4882.034,
2026-02-14 01:00:01,,,,,4882034,0,4882034,4882.034,
2026-02-14 02:00:01,,,,,4882034,0,4882034,4882.034,
2026-02-14 03:00:01,,,,,4882034,0,4882034,4882.034,
2026-02-14 04:00:01,,,,,4882039,5,4882039,4882.039,
2026-02-14 04:36:01,27.88,,,,4882042,3,4882042,4882.042,
2026-02-14 04:37:13,,3.66,,,,,,,-50
2026-02-14 05:00:01,,,,,4882042,0,4882042,4882.042,
2026-02-14 06:00:01,,,,,4882045,3,4882045,4882.045,
2026-02-14 07:00:01,,,,,4882045,0,4882045,4882.045,
2026-02-14 08:00:01,,,,,4882045,0,4882045,4882.045,
2026-02-14 09:00:01,,,,,4882045,0,4882045,4882.045,
2026-02-14 10:00:01,,,,,4882045,0,4882045,4882.045,
2026-02-14 11:00:01,,,,,4882045,0,4882045,4882.045,
2026-02-14 12:00:01,,,,,4882045,0,4882045,4882.045,
2026-02-14 13:00:01,,,,,4882045,0,4882045,4882.045,
2026-02-14 14:00:01,,,,,4882045,0,4882045,4882.045,
2026-02-14 15:00:01,,,,,4882045,0,4882045,4882.045,
2026-02-14 16:00:01,,,,,4882045,0,4882045,4882.045,
2026-02-14 17:00:01,,,,,4882045,0,4882045,4882.045,
2026-02-14 18:00:01,,,,,4882045,0,4882045,4882.045,
2026-02-14 19:00:01,,,,,4882045,0,4882045,4882.045,
2026-02-14 20:00:01,,,,,4882047,2,4882047,4882.047,
2026-02-14 21:00:01,,,,,4882051,4,4882051,4882.051,
2026-02-14 22:00:01,,,,,4882054,3,4882054,4882.054,
2026-02-14 23:00:01,,,,,4882054,0,4882054,4882.054,
2026-02-15 00:00:01,,,,,4882054,0,4882054,4882.054,
2026-02-15 01:00:01,,,,,4882054,0,4882054,4882.054,
2026-02-15 02:00:01,,,,,4882054,0,4882054,4882.054,
2026-02-15 03:00:01,,,,,4882054,0,4882054,4882.054,
2026-02-15 04:00:01,,,,,4882054,0,4882054,4882.054,
2026-02-15 04:36:01,27.25,,,,4882057,3,4882057,4882.057,
2026-02-15 04:37:06,,3.66,,,,,,,-50
2026-02-15 05:00:01,,,,,4882059,2,4882059,4882.059,
2026-02-15 06:00:01,,,,,4882059,0,4882059,4882.059,
2026-02-15 07:00:01,,,,,4882059,0,4882059,4882.059,
2026-02-15 08:00:01,,,,,4882059,0,4882059,4882.059,
2026-02-15 09:00:01,,,,,4882059,0,4882059,4882.059,
2026-02-15 10:00:01,,,,,4882059,0,4882059,4882.059,
2026-02-15 11:00:01,,,,,4882059,0,4882059,4882.059,
2026-02-15 12:00:01,,,,,4882059,0,4882059,4882.059,
2026-02-15 13:00:01,,,,,4882059,0,4882059,4882.059,
2026-02-15 14:00:01,,,,,4882059,0,4882059,4882.059,
2026-02-15 15:00:01,,,,,4882059,0,4882059,4882.059,
2026-02-15 16:00:01,,,,,4882059,0,4882059,4882.059,
2026-02-15 17:00:01,,,,,4882059,0,4882059,4882.059,
2026-02-15 18:00:01,,,,,4882059,0,4882059,4882.059,
2026-02-15 19:00:01,,,,,4882059,0,4882059,4882.059,
2026-02-15 20:00:01,,,,,4882059,0,4882059,4882.059,
2026-02-15 21:00:01,,,,,4882064,5,4882064,4882.064,
2026-02-15 22:00:01,,,,,4882066,2,4882066,4882.066,
2026-02-15 23:00:01,,,,,4882066,0,4882066,4882.066,
2026-02-16 00:00:01,,,,,4882066,0,4882066,4882.066,
2026-02-16 01:00:01,,,,,4882066,0,4882066,4882.066,
2026-02-16 02:00:01,,,,,4882066,0,4882066,4882.066,
2026-02-16 03:00:01,,,,,4882066,0,4882066,4882.066,
2026-02-16 04:00:01,,,,,4882069,3,4882069,4882.069,
2026-02-16 04:36:01,28.22,,,,4882070,1,4882070,4882.07,
2026-02-16 04:37:13,,3.66,,,,,,,-49
2026-02-16 05:00:01,,,,,4882071,1,4882071,4882.071,
2026-02-16 06:00:01,,,,,4882071,0,4882071,4882.071,
2026-02-16 07:00:01,,,,,4883017,946,4883017,4883.017,
2026-02-16 08:00:01,,,,,4883405,388,4883405,4883.405,
2026-02-16 09:00:01,,,,,4883412,7,4883412,4883.412,
2026-02-16 10:00:01,,,,,4883417,5,4883417,4883.417,
2026-02-16 11:00:01,,,,,4883432,15,4883432,4883.432,
2026-02-16 12:00:01,,,,,4883437,5,4883437,4883.437,
2026-02-16 13:00:01,,,,,4883437,0,4883437,4883.437,
2026-02-16 14:00:01,,,,,4883437,0,4883437,4883.437,
2026-02-16 15:00:01,,,,,4883437,0,4883437,4883.437,
2026-02-16 16:00:01,,,,,4883438,1,4883438,4883.438,
2026-02-16 17:00:01,,,,,4883438,0,4883438,4883.438,
2026-02-16 18:00:01,,,,,4883438,0,4883438,4883.438,
2026-02-16 19:00:01,,,,,4883438,0,4883438,4883.438,
2026-02-16 20:00:01,,,,,4883439,1,4883439,4883.439,
2026-02-16 21:00:01,,,,,4883442,3,4883442,4883.442,
2026-02-16 22:00:01,,,,,4883443,1,4883443,4883.443,
2026-02-16 23:00:01,,,,,4883443,0,4883443,4883.443,
2026-02-17 00:00:01,,,,,4883443,0,4883443,4883.443,
2026-02-17 01:00:01,,,,,4883443,0,4883443,4883.443,
2026-02-17 02:00:01,,,,,4883443,0,4883443,4883.443,
2026-02-17 03:00:01,,,,,4883443,0,4883443,4883.443,
2026-02-17 04:00:01,,,,,4883444,1,4883444,4883.444,
2026-02-17 04:36:01,28.75,,,,4883451,7,4883451,4883.451,
2026-02-17 04:37:17,,3.66,,,,,,,-50
2026-02-17 05:00:01,,,,,4883453,2,4883453,4883.453,
2026-02-17 06:00:01,,,,,4883453,0,4883453,4883.453,
2026-02-17 07:00:01,,,,,4884271,818,4884271,4884.271,
2026-02-17 08:00:01,,,,,4885049,778,4885049,4885.049,
2026-02-17 09:00:01,,,,,4885117,68,4885117,4885.117,
2026-02-17 10:00:01,,,,,4885117,0,4885117,4885.117,
2026-02-17 11:00:01,,,,,4885117,0,4885117,4885.117,
2026-02-17 12:00:01,,,,,4885117,0,4885117,4885.117,
2026-02-17 13:00:01,,,,,4885117,0,4885117,4885.117,
2026-02-17 14:00:01,,,,,4885117,0,4885117,4885.117,
2026-02-17 15:00:01,,,,,4885117,0,4885117,4885.117,
2026-02-17 16:00:01,,,,,4885117,0,4885117,4885.117,
2026-02-17 17:00:01,,,,,4885117,0,4885117,4885.117,
2026-02-17 18:00:01,,,,,4885117,0,4885117,4885.117,
2026-02-17 19:00:01,,,,,4885117,0,4885117,4885.117,
2026-02-17 20:00:01,,,,,4885117,0,4885117,4885.117,
2026-02-17 21:00:01,,,,,4885120,3,4885120,4885.12,
2026-02-17 22:00:01,,,,,4885122,2,4885122,4885.122,
2026-02-17 23:00:01,,,,,4885122,0,4885122,4885.122,
2026-02-18 00:00:01,,,,,4885122,0,4885122,4885.122,
2026-02-18 01:00:01,,,,,4885122,0,4885122,4885.122,
2026-02-18 02:00:01,,,,,4885122,0,4885122,4885.122,
2026-02-18 03:00:01,,,,,4885122,0,4885122,4885.122,
2026-02-18 04:00:01,,,,,4885123,1,4885123,4885.123,
2026-02-18 04:36:01,30.53,,,,4885124,1,4885124,4885.124,
2026-02-18 04:37:24,,,"a00077-00008",,,,,,
2026-02-18 04:38:23,,3.66,,,,,,,-51
2026-02-18 05:00:01,,,,,4885125,1,4885125,4885.125,
2026-02-18 06:00:01,,,,,4885538,413,4885538,4885.538,
2026-02-18 07:00:01,,,,,4886571,1033,4886571,4886.571,
2026-02-18 08:00:01,,,,,4886972,401,4886972,4886.972,
2026-02-18 09:00:01,,,,,4886976,4,4886976,4886.976,
2026-02-18 10:00:01,,,,,4886980,4,4886980,4886.98,
2026-02-18 11:00:01,,,,,4886985,5,4886985,4886.985,
2026-02-18 12:00:01,,,,,4886985,0,4886985,4886.985,
2026-02-18 13:00:01,,,,,4886985,0,4886985,4886.985,
2026-02-18 14:00:01,,,,,4886985,0,4886985,4886.985,
2026-02-18 15:00:01,,,,,4886985,0,4886985,4886.985,
2026-02-18 16:00:01,,,,,4886985,0,4886985,4886.985,
2026-02-18 17:00:01,,,,,4886992,7,4886992,4886.992,
2026-02-18 18:00:01,,,,,4886992,0,4886992,4886.992,
2026-02-18 19:00:01,,,,,4886992,0,4886992,4886.992,
2026-02-18 20:00:01,,,,,4886994,2,4886994,4886.994,
2026-02-18 21:00:01,,,,,4886998,4,4886998,4886.998,
2026-02-18 22:00:01,,,,,4887003,5,4887003,4887.003,
2026-02-18 23:00:01,,,,,4887003,0,4887003,4887.003,
2026-02-19 00:00:01,,,,,4887003,0,4887003,4887.003,
2026-02-19 01:00:01,,,,,4887003,0,4887003,4887.003,
2026-02-19 02:00:01,,,,,4887003,0,4887003,4887.003,
2026-02-19 03:00:01,,,,,4887003,0,4887003,4887.003,
2026-02-19 04:00:01,,,,,4887006,3,4887006,4887.006,
2026-02-19 04:36:01,29.9,,,,4887011,5,4887011,4887.011,
2026-02-19 04:37:08,,3.67,,,,,,,-50
2026-02-19 05:00:01,,,,,4887014,3,4887014,4887.014,
2026-02-19 06:00:01,,,,,4887014,0,4887014,4887.014,
2026-02-19 07:00:01,,,,,4887931,917,4887931,4887.931,
2026-02-19 08:00:01,,,,,4888794,863,4888794,4888.794,
2026-02-19 09:00:01,,,,,4888840,46,4888840,4888.84,
2026-02-19 10:00:01,,,,,4888840,0,4888840,4888.84,
2026-02-19 11:00:01,,,,,4888840,0,4888840,4888.84,
2026-02-19 12:00:01,,,,,4888840,0,4888840,4888.84,
2026-02-19 13:00:01,,,,,4888840,0,4888840,4888.84,
2026-02-19 14:00:01,,,,,4888840,0,4888840,4888.84,
2026-02-19 15:00:01,,,,,4888840,0,4888840,4888.84,
2026-02-19 16:00:01,,,,,4888842,2,4888842,4888.842,
2026-02-19 17:00:01,,,,,4888850,8,4888850,4888.85,
2026-02-19 18:00:01,,,,,4888850,0,4888850,4888.85,
2026-02-19 19:00:01,,,,,4888850,0,4888850,4888.85,
2026-02-19 20:00:01,,,,,4888851,1,4888851,4888.851,
2026-02-19 21:00:01,,,,,4888855,4,4888855,4888.855,
2026-02-19 22:00:01,,,,,4888857,2,4888857,4888.857,
2026-02-19 23:00:01,,,,,4888857,0,4888857,4888.857,
2026-02-20 00:00:01,,,,,4888857,0,4888857,4888.857,
2026-02-20 01:00:01,,,,,4888857,0,4888857,4888.857,
2026-02-20 02:00:01,,,,,4888857,0,4888857,4888.857,
2026-02-20 03:00:01,,,,,4888857,0,4888857,4888.857,
2026-02-20 04:00:01,,,,,4888859,2,4888859,4888.859,
2026-02-20 04:36:01,29.36,,,,4888865,6,4888865,4888.865,
2026-02-20 04:37:18,,3.66,,,,,,,-51
2026-02-20 05:00:01,,,,,4888867,2,4888867,4888.867,
2026-02-20 06:00:01,,,,,4888868,1,4888868,4888.868,
2026-02-20 07:00:01,,,,,4889755,887,4889755,4889.755,
2026-02-20 08:00:01,,,,,4890629,874,4890629,4890.629,
2026-02-20 09:00:01,,,,,4890676,47,4890676,4890.676,
2026-02-20 10:00:01,,,,,4890676,0,4890676,4890.676,
2026-02-20 11:00:01,,,,,4890676,0,4890676,4890.676,
2026-02-20 12:00:01,,,,,4890676,0,4890676,4890.676,
2026-02-20 13:00:01,,,,,4890676,0,4890676,4890.676,
2026-02-20 14:00:01,,,,,4890676,0,4890676,4890.676,
2026-02-20 15:00:01,,,,,4890676,0,4890676,4890.676,
2026-02-20 16:00:01,,,,,4890676,0,4890676,4890.676,
2026-02-20 17:00:01,,,,,4890676,0,4890676,4890.676,
2026-02-20 18:00:01,,,,,4890676,0,4890676,4890.676,
2026-02-20 19:00:01,,,,,4890676,0,4890676,4890.676,
2026-02-20 20:00:01,,,,,4890679,3,4890679,4890.679,
2026-02-20 21:00:01,,,,,4890682,3,4890682,4890.682,
2026-02-20 22:00:01,,,,,4890686,4,4890686,4890.686,
2026-02-20 23:00:01,,,,,4890686,0,4890686,4890.686,
2026-02-21 00:00:01,,,,,4890686,0,4890686,4890.686,
2026-02-21 01:00:01,,,,,4890686,0,4890686,4890.686,
2026-02-21 02:00:01,,,,,4890686,0,4890686,4890.686,
2026-02-21 03:00:01,,,,,4890686,0,4890686,4890.686,
2026-02-21 04:00:01,,,,,4890690,4,4890690,4890.69,
2026-02-21 04:36:01,31.32,,,,4890693,3,4890693,4890.693,
2026-02-21 04:37:07,,3.65,,,,,,,-50
2026-02-21 05:00:01,,,,,4890693,0,4890693,4890.693,
2026-02-21 06:00:01,,,,,4890694,1,4890694,4890.694,
2026-02-21 07:00:01,,,,,4890694,0,4890694,4890.694,
2026-02-21 08:00:01,,,,,4890694,0,4890694,4890.694,
2026-02-21 09:00:01,,,,,4890694,0,4890694,4890.694,
2026-02-21 10:00:01,,,,,4890694,0,4890694,4890.694,
2026-02-21 11:00:01,,,,,4890694,0,4890694,4890.694,
2026-02-21 12:00:01,,,,,4890694,0,4890694,4890.694,
2026-02-21 13:00:01,,,,,4890694,0,4890694,4890.694,
2026-02-21 14:00:01,,,,,4890694,0,4890694,4890.694,
2026-02-21 15:00:01,,,,,4890694,0,4890694,4890.694,
2026-02-21 16:00:01,,,,,4890694,0,4890694,4890.694,
2026-02-21 17:00:01,,,,,4890694,0,4890694,4890.694,
2026-02-21 18:00:01,,,,,4890694,0,4890694,4890.694,
2026-02-21 19:00:01,,,,,4890694,0,4890694,4890.694,
2026-02-21 20:00:01,,,,,4890694,0,4890694,4890.694,
2026-02-21 21:00:01,,,,,4890700,6,4890700,4890.7,
2026-02-21 22:00:01,,,,,4890706,6,4890706,4890.706,
2026-02-21 23:00:01,,,,,4890706,0,4890706,4890.706,
2026-02-22 00:00:01,,,,,4890706,0,4890706,4890.706,
2026-02-22 01:00:01,,,,,4890706,0,4890706,4890.706,
2026-02-22 02:00:01,,,,,4890706,0,4890706,4890.706,
2026-02-22 03:00:01,,,,,4890706,0,4890706,4890.706,
2026-02-22 04:00:01,,,,,4890709,3,4890709,4890.709,
2026-02-22 04:36:01,31.57,,,,4890716,7,4890716,4890.716,
2026-02-22 04:37:08,,3.66,,,,,,,-50
2026-02-22 05:00:01,,,,,4890717,1,4890717,4890.717,
2026-02-22 06:00:01,,,,,4890717,0,4890717,4890.717,
2026-02-22 07:00:01,,,,,4890717,0,4890717,4890.717,
2026-02-22 08:00:01,,,,,4890717,0,4890717,4890.717,
2026-02-22 09:00:01,,,,,4890717,0,4890717,4890.717,
2026-02-22 10:00:01,,,,,4890717,0,4890717,4890.717,
2026-02-22 11:00:01,,,,,4890717,0,4890717,4890.717,
2026-02-22 12:00:01,,,,,4890717,0,4890717,4890.717,
2026-02-22 13:00:01,,,,,4890717,0,4890717,4890.717,
2026-02-22 14:00:01,,,,,4890717,0,4890717,4890.717,
2026-02-22 15:00:01,,,,,4890717,0,4890717,4890.717,
2026-02-22 16:00:01,,,,,4890717,0,4890717,4890.717,
2026-02-22 17:00:01,,,,,4890717,0,4890717,4890.717,
2026-02-22 18:00:01,,,,,4890717,0,4890717,4890.717,
2026-02-22 19:00:01,,,,,4890717,0,4890717,4890.717,
2026-02-22 20:00:01,,,,,4890721,4,4890721,4890.721,
2026-02-22 21:00:01,,,,,4890725,4,4890725,4890.725,
2026-02-22 22:00:01,,,,,4890727,2,4890727,4890.727,
2026-02-22 23:00:01,,,,,4890727,0,4890727,4890.727,
2026-02-23 00:00:01,,,,,4890727,0,4890727,4890.727,
2026-02-23 01:00:01,,,,,4890727,0,4890727,4890.727,
2026-02-23 02:00:01,,,,,4890727,0,4890727,4890.727,
2026-02-23 03:00:01,,,,,4890727,0,4890727,4890.727,
2026-02-23 04:00:01,,,,,4890727,0,4890727,4890.727,
2026-02-23 04:36:01,27.97,,,,4890727,0,4890727,4890.727,
2026-02-23 04:37:13,,3.66,,,,,,,-52
2026-02-23 05:00:01,,,,,4890727,0,4890727,4890.727,
2026-02-23 06:00:01,,,,,4890727,0,4890727,4890.727,
2026-02-23 07:00:01,,,,,4890727,0,4890727,4890.727,
2026-02-23 08:00:01,,,,,4890727,0,4890727,4890.727,
2026-02-23 09:00:01,,,,,4890731,4,4890731,4890.731,
2026-02-23 10:00:01,,,,,4890731,0,4890731,4890.731,
2026-02-23 11:00:01,,,,,4890731,0,4890731,4890.731,
2026-02-23 12:00:01,,,,,4890731,0,4890731,4890.731,
2026-02-23 13:00:01,,,,,4890731,0,4890731,4890.731,
2026-02-23 14:00:01,,,,,4890731,0,4890731,4890.731,
2026-02-23 15:00:01,,,,,4890731,0,4890731,4890.731,
2026-02-23 16:00:01,,,,,4890731,0,4890731,4890.731,
2026-02-23 17:00:01,,,,,4890731,0,4890731,4890.731,
2026-02-23 18:00:01,,,,,4890731,0,4890731,4890.731,
2026-02-23 19:00:01,,,,,4890731,0,4890731,4890.731,
2026-02-23 20:00:01,,,,,4890732,1,4890732,4890.732,
2026-02-23 21:00:01,,,,,4890735,3,4890735,4890.735,
2026-02-23 22:00:01,,,,,4890737,2,4890737,4890.737,
2026-02-23 23:00:01,,,,,4890737,0,4890737,4890.737,
2026-02-24 00:00:01,,,,,4890737,0,4890737,4890.737,
2026-02-24 01:00:01,,,,,4890737,0,4890737,4890.737,
2026-02-24 02:00:01,,,,,4890737,0,4890737,4890.737,
2026-02-24 03:00:01,,,,,4890740,3,4890740,4890.74,
2026-02-24 04:00:01,,,,,4890743,3,4890743,4890.743,
2026-02-24 04:36:01,30.74,,,,4890743,0,4890743,4890.743,
2026-02-24 04:37:08,,3.65,,,,,,,-50
2026-02-24 05:00:01,,,,,4890743,0,4890743,4890.743,
2026-02-24 06:00:01,,,,,4890743,0,4890743,4890.743,
2026-02-24 07:00:01,,,,,4890744,1,4890744,4890.744,
2026-02-24 08:00:01,,,,,4890746,2,4890746,4890.746,
2026-02-24 09:00:01,,,,,4890747,1,4890747,4890.747,
2026-02-24 10:00:01,,,,,4890747,0,4890747,4890.747,
2026-02-24 11:00:01,,,,,4890747,0,4890747,4890.747,
2026-02-24 12:00:01,,,,,4890747,0,4890747,4890.747,
2026-02-24 13:00:01,,,,,4890747,0,4890747,4890.747,
2026-02-24 14:00:01,,,,,4890747,0,4890747,4890.747,
2026-02-24 15:00:01,,,,,4890749,2,4890749,4890.749,
2026-02-24 16:00:01,,,,,4890749,0,4890749,4890.749,
2026-02-24 17:00:01,,,,,4890749,0,4890749,4890.749,
2026-02-24 18:00:01,,,,,4890749,0,4890749,4890.749,
2026-02-24 19:00:01,,,,,4890749,0,4890749,4890.749,
2026-02-24 20:00:01,,,,,4890750,1,4890750,4890.75,
2026-02-24 21:00:01,,,,,4890753,3,4890753,4890.753,
2026-02-24 22:00:01,,,,,4890754,1,4890754,4890.754,
2026-02-24 23:00:01,,,,,4890754,0,4890754,4890.754,
2026-02-25 00:00:01,,,,,4890754,0,4890754,4890.754,
2026-02-25 01:00:01,,,,,4890754,0,4890754,4890.754,
2026-02-25 02:00:01,,,,,4890754,0,4890754,4890.754,
2026-02-25 03:00:01,,,,,4890756,2,4890756,4890.756,
2026-02-25 04:00:01,,,,,4890761,5,4890761,4890.761,
2026-02-25 04:36:01,31.86,,,,4890761,0,4890761,4890.761,
2026-02-25 04:37:07,,3.66,,,,,,,-50
2026-02-25 05:00:01,,,,,4890761,0,4890761,4890.761,
2026-02-25 06:00:01,,,,,4890761,0,4890761,4890.761,
2026-02-25 07:00:01,,,,,4890761,0,4890761,4890.761,
2026-02-25 08:00:01,,,,,4890763,2,4890763,4890.763,
2026-02-25 09:00:01,,,,,4890763,0,4890763,4890.763,
2026-02-25 10:00:01,,,,,4890763,0,4890763,4890.763,
2026-02-25 11:00:01,,,,,4890763,0,4890763,4890.763,
2026-02-25 12:00:01,,,,,4890763,0,4890763,4890.763,
2026-02-25 13:00:01,,,,,4890763,0,4890763,4890.763,
2026-02-25 14:00:01,,,,,4890763,0,4890763,4890.763,
2026-02-25 15:00:01,,,,,4890763,0,4890763,4890.763,
2026-02-25 16:00:01,,,,,4890763,0,4890763,4890.763,
2026-02-25 17:00:01,,,,,4890763,0,4890763,4890.763,
2026-02-25 18:00:01,,,,,4890763,0,4890763,4890.763,
2026-02-25 19:00:01,,,,,4890763,0,4890763,4890.763,
2026-02-25 20:00:01,,,,,4890764,1,4890764,4890.764,
2026-02-25 21:00:01,,,,,4890767,3,4890767,4890.767,
2026-02-25 22:00:01,,,,,4890771,4,4890771,4890.771,
2026-02-25 23:00:01,,,,,4890772,1,4890772,4890.772,
2026-02-26 00:00:01,,,,,4890772,0,4890772,4890.772,
2026-02-26 01:00:01,,,,,4890772,0,4890772,4890.772,
2026-02-26 02:00:01,,,,,4890772,0,4890772,4890.772,
2026-02-26 03:00:01,,,,,4890772,0,4890772,4890.772,
2026-02-26 04:00:01,,,,,4890774,2,4890774,4890.774,
2026-02-26 04:36:01,31.09,,,,4890776,2,4890776,4890.776,
2026-02-26 04:37:13,,3.65,,,,,,,-50
2026-02-26 05:00:01,,,,,4890776,0,4890776,4890.776,
2026-02-26 06:00:01,,,,,4890776,0,4890776,4890.776,
2026-02-26 07:00:01,,,,,4890776,0,4890776,4890.776,
2026-02-26 08:00:01,,,,,4890776,0,4890776,4890.776,
2026-02-26 09:00:01,,,,,4890776,0,4890776,4890.776,
2026-02-26 10:00:01,,,,,4890776,0,4890776,4890.776,
2026-02-26 11:00:01,,,,,4890776,0,4890776,4890.776,
2026-02-26 12:00:01,,,,,4890776,0,4890776,4890.776,
2026-02-26 13:00:01,,,,,4890776,0,4890776,4890.776,
2026-02-26 14:00:01,,,,,4890776,0,4890776,4890.776,
2026-02-26 15:00:01,,,,,4890776,0,4890776,4890.776,
2026-02-26 16:00:01,,,,,4890776,0,4890776,4890.776,
2026-02-26 17:00:01,,,,,4890776,0,4890776,4890.776,
2026-02-26 18:00:01,,,,,4890776,0,4890776,4890.776,
2026-02-26 19:00:01,,,,,4890776,0,4890776,4890.776,
2026-02-26 20:00:01,,,,,4890778,2,4890778,4890.778,
2026-02-26 21:00:01,,,,,4890786,8,4890786,4890.786,
2026-02-26 22:00:01,,,,,4890789,3,4890789,4890.789,
2026-02-26 23:00:01,,,,,4890789,0,4890789,4890.789,
2026-02-27 00:00:01,,,,,4890789,0,4890789,4890.789,
2026-02-27 01:00:01,,,,,4890789,0,4890789,4890.789,
2026-02-27 02:00:01,,,,,4890789,0,4890789,4890.789,
2026-02-27 03:00:01,,,,,4890789,0,4890789,4890.789,
2026-02-27 04:00:01,,,,,4890794,5,4890794,4890.794,
2026-02-27 04:36:01,28.37,,,,4890796,2,4890796,4890.796,
2026-02-27 04:37:13,,3.65,,,,,,,-49
2026-02-27 05:00:01,,,,,4890796,0,4890796,4890.796,
2026-02-27 06:00:01,,,,,4890796,0,4890796,4890.796,
2026-02-27 07:00:01,,,,,4890796,0,4890796,4890.796,
2026-02-27 08:00:01,,,,,4890797,1,4890797,4890.797,
2026-02-27 09:00:01,,,,,4890800,3,4890800,4890.8,
2026-02-27 10:00:01,,,,,4890805,5,4890805,4890.805,
2026-02-27 11:00:01,,,,,4890806,1,4890806,4890.806,
2026-02-27 12:00:01,,,,,4890812,6,4890812,4890.812,
2026-02-27 13:00:01,,,,,4890814,2,4890814,4890.814,
2026-02-27 14:00:01,,,,,4890814,0,4890814,4890.814,
2026-02-27 15:00:01,,,,,4890815,1,4890815,4890.815,
2026-02-27 16:00:01,,,,,4890815,0,4890815,4890.815,
2026-02-27 17:00:01,,,,,4890815,0,4890815,4890.815,
2026-02-27 18:00:01,,,,,4890815,0,4890815,4890.815,
2026-02-27 19:00:01,,,,,4890815,0,4890815,4890.815,
2026-02-27 20:00:01,,,,,4890819,4,4890819,4890.819,
2026-02-27 21:00:01,,,,,4890825,6,4890825,4890.825,
2026-02-27 22:00:01,,,,,4890829,4,4890829,4890.829,
2026-02-27 23:00:01,,,,,4890829,0,4890829,4890.829,
2026-02-28 00:00:01,,,,,4890829,0,4890829,4890.829,
2026-02-28 01:00:01,,,,,4890829,0,4890829,4890.829,
2026-02-28 02:00:01,,,,,4890829,0,4890829,4890.829,
2026-02-28 03:00:01,,,,,4890829,0,4890829,4890.829,
2026-02-28 04:00:01,,,,,4890834,5,4890834,4890.834,
2026-02-28 04:36:01,28.56,,,,4890841,7,4890841,4890.841,
2026-02-28 04:37:13,,3.66,,,,,,,-49
2026-02-28 05:00:01,,,,,4890841,0,4890841,4890.841,
2026-02-28 06:00:01,,,,,4890841,0,4890841,4890.841,
2026-02-28 07:00:01,,,,,4890841,0,4890841,4890.841,
2026-02-28 08:00:01,,,,,4890841,0,4890841,4890.841,
2026-02-28 09:00:01,,,,,4890841,0,4890841,4890.841,
2026-02-28 10:00:01,,,,,4890841,0,4890841,4890.841,
2026-02-28 11:00:01,,,,,4890841,0,4890841,4890.841,
2026-02-28 12:00:01,,,,,4890841,0,4890841,4890.841,
2026-02-28 13:00:01,,,,,4890841,0,4890841,4890.841,
2026-02-28 14:00:01,,,,,4890841,0,4890841,4890.841,
2026-02-28 15:00:01,,,,,4890841,0,4890841,4890.841,
2026-02-28 16:00:01,,,,,4890841,0,4890841,4890.841,
2026-02-28 17:00:01,,,,,4890841,0,4890841,4890.841,
2026-02-28 18:00:01,,,,,4890841,0,4890841,4890.841,
2026-02-28 19:00:01,,,,,4890841,0,4890841,4890.841,
2026-02-28 20:00:01,,,,,4890843,2,4890843,4890.843,
2026-02-28 21:00:01,,,,,4890852,9,4890852,4890.852,
2026-02-28 22:00:01,,,,,4890856,4,4890856,4890.856,
2026-02-28 23:00:01,,,,,4890856,0,4890856,4890.856,
2026-03-01 00:00:01,,,,,4890856,0,4890856,4890.856,
2026-03-01 01:00:01,,,,,4890856,0,4890856,4890.856,
2026-03-01 02:00:01,,,,,4890857,1,4890857,4890.857,
2026-03-01 03:00:01,,,,,4890857,0,4890857,4890.857,
2026-03-01 04:00:01,,,,,4890868,11,4890868,4890.868,
2026-03-01 04:36:01,28.21,,,,4890870,2,4890870,4890.87,
2026-03-01 04:37:17,,3.65,,,,,,,-49
2026-03-01 05:00:01,,,,,4890870,0,4890870,4890.87,
2026-03-01 06:00:01,,,,,4890870,0,4890870,4890.87,
2026-03-01 07:00:01,,,,,4890870,0,4890870,4890.87,
2026-03-01 08:00:01,,,,,4890870,0,4890870,4890.87,
2026-03-01 09:00:01,,,,,4890870,0,4890870,4890.87,
2026-03-01 10:00:01,,,,,4890870,0,4890870,4890.87,
2026-03-01 11:00:01,,,,,4890870,0,4890870,4890.87,
2026-03-01 12:00:01,,,,,4890870,0,4890870,4890.87,
2026-03-01 13:00:01,,,,,4890870,0,4890870,4890.87,
2026-03-01 14:00:01,,,,,4890870,0,4890870,4890.87,
2026-03-01 15:00:01,,,,,4890870,0,4890870,4890.87,
2026-03-01 16:00:01,,,,,4890870,0,4890870,4890.87,
2026-03-01 17:00:01,,,,,4890870,0,4890870,4890.87,
2026-03-01 18:00:01,,,,,4890870,0,4890870,4890.87,
2026-03-01 19:00:01,,,,,4890870,0,4890870,4890.87,
2026-03-01 20:00:01,,,,,4890870,0,4890870,4890.87,
2026-03-01 21:00:01,,,,,4890870,0,4890870,4890.87,
2026-03-01 22:00:01,,,,,4890870,0,4890870,4890.87,
2026-03-01 23:00:01,,,,,4890870,0,4890870,4890.87,
2026-03-02 00:00:01,,,,,4890870,0,4890870,4890.87,
2026-03-02 01:00:01,,,,,4890870,0,4890870,4890.87,
2026-03-02 02:00:01,,,,,4890870,0,4890870,4890.87,
2026-03-02 03:00:01,,,,,4890870,0,4890870,4890.87,
2026-03-02 04:00:01,,,,,4890870,0,4890870,4890.87,
2026-03-02 04:36:01,24.66,,,,4890870,0,4890870,4890.87,
2026-03-02 04:37:08,,3.66,,,,,,,-49
2026-03-02 05:00:01,,,,,4890870,0,4890870,4890.87,
2026-03-02 06:00:01,,,,,4890870,0,4890870,4890.87,
2026-03-02 07:00:01,,,,,4890870,0,4890870,4890.87,
2026-03-02 08:00:01,,,,,4890870,0,4890870,4890.87,
2026-03-02 09:00:01,,,,,4890870,0,4890870,4890.87,
2026-03-02 10:00:01,,,,,4890870,0,4890870,4890.87,
2026-03-02 11:00:01,,,,,4890870,0,4890870,4890.87,
2026-03-02 12:00:01,,,,,4890870,0,4890870,4890.87,
2026-03-02 13:00:01,,,,,4890870,0,4890870,4890.87,
2026-03-02 14:00:01,,,,,4890870,0,4890870,4890.87,
2026-03-02 15:00:01,,,,,4890870,0,4890870,4890.87,
2026-03-02 16:00:01,,,,,4890870,0,4890870,4890.87,
2026-03-02 17:00:01,,,,,4890870,0,4890870,4890.87,
2026-03-02 18:00:01,,,,,4890870,0,4890870,4890.87,
2026-03-02 19:00:01,,,,,4890870,0,4890870,4890.87,
2026-03-02 20:00:01,,,,,4890870,0,4890870,4890.87,
2026-03-02 21:00:01,,,,,4890870,0,4890870,4890.87,
2026-03-02 22:00:01,,,,,4890870,0,4890870,4890.87,
2026-03-02 23:00:01,,,,,4890870,0,4890870,4890.87,
2026-03-03 00:00:01,,,,,4890870,0,4890870,4890.87,
2026-03-03 01:00:01,,,,,4890870,0,4890870,4890.87,
2026-03-03 02:00:01,,,,,4890870,0,4890870,4890.87,
2026-03-03 03:00:01,,,,,4890870,0,4890870,4890.87,
2026-03-03 04:00:01,,,,,4890870,0,4890870,4890.87,
2026-03-03 04:36:01,23.03,,,,4890870,0,4890870,4890.87,
2026-03-03 04:37:18,,3.66,,,,,,,-50
2026-03-03 05:00:01,,,,,4890870,0,4890870,4890.87,
2026-03-03 06:00:01,,,,,4890870,0,4890870,4890.87,
2026-03-03 07:00:01,,,,,4890870,0,4890870,4890.87,
2026-03-03 08:00:01,,,,,4890870,0,4890870,4890.87,
2026-03-03 09:00:01,,,,,4890870,0,4890870,4890.87,
2026-03-03 10:00:01,,,,,4890870,0,4890870,4890.87,
2026-03-03 11:00:01,,,,,4890870,0,4890870,4890.87,
2026-03-03 12:00:01,,,,,4890870,0,4890870,4890.87,
2026-03-03 13:00:01,,,,,4890870,0,4890870,4890.87,
2026-03-03 14:00:01,,,,,4890870,0,4890870,4890.87,
2026-03-03 15:00:01,,,,,4890870,0,4890870,4890.87,
2026-03-03 16:00:01,,,,,4890870,0,4890870,4890.87,
2026-03-03 17:00:01,,,,,4890870,0,4890870,4890.87,
2026-03-03 18:00:01,,,,,4890870,0,4890870,4890.87,
2026-03-03 19:00:01,,,,,4890870,0,4890870,4890.87,
2026-03-03 20:00:01,,,,,4890870,0,4890870,4890.87,
2026-03-03 21:00:01,,,,,4890870,0,4890870,4890.87,
2026-03-03 22:00:01,,,,,4890870,0,4890870,4890.87,
2026-03-03 23:00:01,,,,,4890870,0,4890870,4890.87,
2026-03-04 00:00:01,,,,,4890870,0,4890870,4890.87,
2026-03-04 01:00:01,,,,,4890870,0,4890870,4890.87,
2026-03-04 02:00:01,,,,,4890870,0,4890870,4890.87,
2026-03-04 03:00:01,,,,,4890870,0,4890870,4890.87,
2026-03-04 04:00:01,,,,,4890870,0,4890870,4890.87,
2026-03-04 04:36:01,24.26,,,,4890870,0,4890870,4890.87,
2026-03-04 04:36:59,,,"a00064-01006",,,,,,
2026-03-04 04:37:10,,,"a00064-01003",,,,,,
2026-03-04 04:37:44,,3.65,,,,,,,-50
2026-03-04 05:00:01,,,,,4890870,0,4890870,4890.87,
2026-03-04 06:00:01,,,,,4890870,0,4890870,4890.87,
2026-03-04 07:00:01,,,,,4890870,0,4890870,4890.87,
2026-03-04 08:00:01,,,,,4890870,0,4890870,4890.87,
2026-03-04 09:00:01,,,,,4890870,0,4890870,4890.87,
2026-03-04 10:00:01,,,,,4890870,0,4890870,4890.87,
2026-03-04 11:00:01,,,,,4890870,0,4890870,4890.87,
2026-03-04 12:00:01,,,,,4890870,0,4890870,4890.87,
2026-03-04 13:00:01,,,,,4890870,0,4890870,4890.87,
2026-03-04 14:00:01,,,,,4890870,0,4890870,4890.87,
2026-03-04 15:00:01,,,,,4890870,0,4890870,4890.87,
2026-03-04 16:00:01,,,,,4890870,0,4890870,4890.87,
2026-03-04 17:00:01,,,,,4890870,0,4890870,4890.87,
2026-03-04 18:00:01,,,,,4890870,0,4890870,4890.87,
2026-03-04 19:00:01,,,,,4890870,0,4890870,4890.87,
2026-03-04 20:00:01,,,,,4890870,0,4890870,4890.87,
2026-03-04 21:00:01,,,,,4890870,0,4890870,4890.87,
2026-03-04 22:00:01,,,,,4890870,0,4890870,4890.87,
2026-03-04 23:00:01,,,,,4890870,0,4890870,4890.87,
2026-03-05 00:00:01,,,,,4890870,0,4890870,4890.87,
2026-03-05 01:00:01,,,,,4890870,0,4890870,4890.87,
2026-03-05 02:00:01,,,,,4890870,0,4890870,4890.87,
2026-03-05 03:00:01,,,,,4890870,0,4890870,4890.87,
2026-03-05 04:00:01,,,,,4890870,0,4890870,4890.87,
2026-03-05 04:36:01,27.03,,,,4890870,0,4890870,4890.87,
2026-03-05 04:37:10,,3.67,,,,,,,-50
2026-03-05 05:00:01,,,,,4890870,0,4890870,4890.87,
2026-03-05 06:00:01,,,,,4890870,0,4890870,4890.87,
2026-03-05 07:00:01,,,,,4890870,0,4890870,4890.87,
2026-03-05 08:00:01,,,,,4890870,0,4890870,4890.87,
2026-03-05 09:00:01,,,,,4890870,0,4890870,4890.87,
2026-03-05 10:00:01,,,,,4890870,0,4890870,4890.87,
2026-03-05 11:00:01,,,,,4890870,0,4890870,4890.87,
2026-03-05 12:00:01,,,,,4890870,0,4890870,4890.87,
2026-03-05 13:00:01,,,,,4890870,0,4890870,4890.87,
2026-03-05 14:00:01,,,,,4890870,0,4890870,4890.87,
2026-03-05 15:00:01,,,,,4890870,0,4890870,4890.87,
2026-03-05 16:00:01,,,,,4890870,0,4890870,4890.87,
2026-03-05 17:00:01,,,,,4890870,0,4890870,4890.87,
2026-03-05 18:00:01,,,,,4890870,0,4890870,4890.87,
2026-03-05 19:00:01,,,,,4890870,0,4890870,4890.87,
2026-03-05 20:00:01,,,,,4890870,0,4890870,4890.87,
2026-03-05 21:00:01,,,,,4890870,0,4890870,4890.87,
2026-03-05 22:00:01,,,,,4890870,0,4890870,4890.87,
2026-03-05 23:00:01,,,,,4890870,0,4890870,4890.87,
2026-03-06 00:00:01,,,,,4890870,0,4890870,4890.87,
2026-03-06 01:00:01,,,,,4890870,0,4890870,4890.87,
2026-03-06 02:00:01,,,,,4890870,0,4890870,4890.87,
2026-03-06 03:00:01,,,,,4890870,0,4890870,4890.87,
2026-03-06 04:00:01,,,,,4890870,0,4890870,4890.87,
2026-03-06 04:36:01,28.29,,,,4890870,0,4890870,4890.87,
2026-03-06 04:37:11,,3.66,,,,,,,-50
2026-03-06 05:00:01,,,,,4890870,0,4890870,4890.87,
2026-03-06 06:00:01,,,,,4890870,0,4890870,4890.87,
2026-03-06 07:00:01,,,,,4890870,0,4890870,4890.87,
2026-03-06 08:00:01,,,,,4890870,0,4890870,4890.87,
2026-03-06 09:00:01,,,,,4890870,0,4890870,4890.87,
2026-03-06 10:00:01,,,,,4890870,0,4890870,4890.87,
2026-03-06 11:00:01,,,,,4890870,0,4890870,4890.87,
2026-03-06 12:00:01,,,,,4890870,0,4890870,4890.87,
2026-03-06 13:00:01,,,,,4890870,0,4890870,4890.87,
2026-03-06 14:00:01,,,,,4890870,0,4890870,4890.87,
2026-03-06 15:00:01,,,,,4890870,0,4890870,4890.87,
2026-03-06 16:00:01,,,,,4890870,0,4890870,4890.87,
2026-03-06 17:00:01,,,,,4890870,0,4890870,4890.87,
2026-03-06 18:00:01,,,,,4890870,0,4890870,4890.87,
2026-03-06 19:00:01,,,,,4890870,0,4890870,4890.87,
2026-03-06 20:00:01,,,,,4890874,4,4890874,4890.874,
2026-03-06 21:00:01,,,,,4890880,6,4890880,4890.88,
2026-03-06 22:00:01,,,,,4890881,1,4890881,4890.881,
2026-03-06 23:00:01,,,,,4890881,0,4890881,4890.881,
2026-03-07 00:00:01,,,,,4890881,0,4890881,4890.881,
2026-03-07 01:00:01,,,,,4890881,0,4890881,4890.881,
2026-03-07 02:00:01,,,,,4890881,0,4890881,4890.881,
2026-03-07 03:00:01,,,,,4890881,0,4890881,4890.881,
2026-03-07 04:00:01,,,,,4890888,7,4890888,4890.888,
2026-03-07 04:36:01,28.95,,,,4890888,0,4890888,4890.888,
2026-03-07 04:37:08,,3.66,,,,,,,-50
2026-03-07 05:00:01,,,,,4890890,2,4890890,4890.89,
2026-03-07 06:00:01,,,,,4890892,2,4890892,4890.892,
2026-03-07 07:00:01,,,,,4890892,0,4890892,4890.892,
2026-03-07 08:00:01,,,,,4890892,0,4890892,4890.892,
2026-03-07 09:00:01,,,,,4890892,0,4890892,4890.892,
2026-03-07 10:00:01,,,,,4890892,0,4890892,4890.892,
2026-03-07 11:00:01,,,,,4890892,0,4890892,4890.892,
2026-03-07 12:00:01,,,,,4890892,0,4890892,4890.892,
2026-03-07 13:00:01,,,,,4890892,0,4890892,4890.892,
2026-03-07 14:00:01,,,,,4890892,0,4890892,4890.892,
2026-03-07 15:00:01,,,,,4890892,0,4890892,4890.892,
2026-03-07 16:00:01,,,,,4890892,0,4890892,4890.892,
2026-03-07 17:00:01,,,,,4890892,0,4890892,4890.892,
2026-03-07 18:00:01,,,,,4890892,0,4890892,4890.892,
2026-03-07 19:00:01,,,,,4890892,0,4890892,4890.892,
2026-03-07 20:00:01,,,,,4890892,0,4890892,4890.892,
2026-03-07 21:00:01,,,,,4890898,6,4890898,4890.898,
2026-03-07 22:00:01,,,,,4890902,4,4890902,4890.902,
2026-03-07 23:00:01,,,,,4890902,0,4890902,4890.902,
2026-03-08 00:00:01,,,,,4890902,0,4890902,4890.902,
2026-03-08 01:00:01,,,,,4890902,0,4890902,4890.902,
2026-03-08 02:00:01,,,,,4890902,0,4890902,4890.902,
2026-03-08 03:00:01,,,,,4890902,0,4890902,4890.902,
2026-03-08 04:00:01,,,,,4890915,13,4890915,4890.915,
2026-03-08 04:36:01,29.94,,,,4890915,0,4890915,4890.915,
2026-03-08 04:37:17,,3.66,,,,,,,-50
2026-03-08 05:00:01,,,,,4890915,0,4890915,4890.915,
2026-03-08 06:00:01,,,,,4890915,0,4890915,4890.915,
2026-03-08 07:00:01,,,,,4890915,0,4890915,4890.915,
2026-03-08 08:00:01,,,,,4890915,0,4890915,4890.915,
2026-03-08 09:00:01,,,,,4890915,0,4890915,4890.915,
2026-03-08 10:00:01,,,,,4890915,0,4890915,4890.915,
2026-03-08 11:00:01,,,,,4890915,0,4890915,4890.915,
2026-03-08 12:00:01,,,,,4890915,0,4890915,4890.915,
2026-03-08 13:00:01,,,,,4890915,0,4890915,4890.915,
2026-03-08 14:00:01,,,,,4890915,0,4890915,4890.915,
2026-03-08 15:00:01,,,,,4890915,0,4890915,4890.915,
2026-03-08 16:00:01,,,,,4890915,0,4890915,4890.915,
2026-03-08 17:00:01,,,,,4890915,0,4890915,4890.915,
2026-03-08 18:00:01,,,,,4890915,0,4890915,4890.915,
2026-03-08 19:00:01,,,,,4890915,0,4890915,4890.915,
2026-03-08 20:00:01,,,,,4890915,0,4890915,4890.915,
2026-03-08 21:00:01,,,,,4890920,5,4890920,4890.92,
2026-03-08 22:00:01,,,,,4890922,2,4890922,4890.922,
2026-03-08 23:00:01,,,,,4890922,0,4890922,4890.922,
2026-03-09 00:00:01,,,,,4890922,0,4890922,4890.922,
2026-03-09 01:00:01,,,,,4890922,0,4890922,4890.922,
2026-03-09 02:00:01,,,,,4890922,0,4890922,4890.922,
2026-03-09 03:00:01,,,,,4890922,0,4890922,4890.922,
2026-03-09 04:00:01,,,,,4890924,2,4890924,4890.924,
2026-03-09 04:36:01,27.36,,,,4890925,1,4890925,4890.925,
2026-03-09 04:37:13,,3.67,,,,,,,-49
2026-03-09 05:00:01,,,,,4890925,0,4890925,4890.925,
2026-03-09 06:00:01,,,,,4890925,0,4890925,4890.925,
2026-03-09 07:00:01,,,,,4890925,0,4890925,4890.925,
2026-03-09 08:00:01,,,,,4890925,0,4890925,4890.925,
2026-03-09 09:00:01,,,,,4890925,0,4890925,4890.925,
2026-03-09 10:00:01,,,,,4890925,0,4890925,4890.925,
2026-03-09 11:00:01,,,,,4890925,0,4890925,4890.925,
2026-03-09 12:00:01,,,,,4890925,0,4890925,4890.925,
2026-03-09 13:00:01,,,,,4890925,0,4890925,4890.925,
2026-03-09 14:00:01,,,,,4890926,1,4890926,4890.926,
2026-03-09 15:00:01,,,,,4890926,0,4890926,4890.926,
2026-03-09 16:00:01,,,,,4890926,0,4890926,4890.926,
2026-03-09 17:00:01,,,,,4890926,0,4890926,4890.926,
2026-03-09 18:00:01,,,,,4890926,0,4890926,4890.926,
2026-03-09 19:00:01,,,,,4890926,0,4890926,4890.926,
2026-03-09 20:00:01,,,,,4890927,1,4890927,4890.927,
2026-03-09 21:00:01,,,,,4890932,5,4890932,4890.932,
2026-03-09 22:00:01,,,,,4890935,3,4890935,4890.935,
2026-03-09 23:00:01,,,,,4890935,0,4890935,4890.935,
2026-03-10 00:00:01,,,,,4890935,0,4890935,4890.935,
2026-03-10 01:00:01,,,,,4890935,0,4890935,4890.935,
2026-03-10 02:00:01,,,,,4890935,0,4890935,4890.935,
2026-03-10 03:00:01,,,,,4890935,0,4890935,4890.935,
2026-03-10 04:00:01,,,,,4890937,2,4890937,4890.937,
2026-03-10 04:36:01,27.88,,,,4890939,2,4890939,4890.939,
2026-03-10 04:37:10,,3.65,,,,,,,-50
2026-03-10 05:00:01,,,,,4890943,4,4890943,4890.943,
2026-03-10 06:00:01,,,,,4890943,0,4890943,4890.943,
2026-03-10 07:00:01,,,,,4890943,0,4890943,4890.943,
2026-03-10 08:00:01,,,,,4890943,0,4890943,4890.943,
2026-03-10 09:00:01,,,,,4890943,0,4890943,4890.943,
2026-03-10 10:00:01,,,,,4890943,0,4890943,4890.943,
2026-03-10 11:00:01,,,,,4890943,0,4890943,4890.943,
2026-03-10 12:00:01,,,,,4890943,0,4890943,4890.943,
2026-03-10 13:00:01,,,,,4890943,0,4890943,4890.943,
2026-03-10 14:00:01,,,,,4890943,0,4890943,4890.943,
2026-03-10 15:00:01,,,,,4890943,0,4890943,4890.943,
2026-03-10 16:00:01,,,,,4890943,0,4890943,4890.943,
2026-03-10 17:00:01,,,,,4890943,0,4890943,4890.943,
2026-03-10 18:00:01,,,,,4890943,0,4890943,4890.943,
2026-03-10 19:00:01,,,,,4890943,0,4890943,4890.943,
2026-03-10 20:00:01,,,,,4890947,4,4890947,4890.947,
2026-03-10 21:00:01,,,,,4890951,4,4890951,4890.951,
2026-03-10 22:00:01,,,,,4890954,3,4890954,4890.954,
2026-03-10 23:00:01,,,,,4890954,0,4890954,4890.954,
2026-03-11 00:00:01,,,,,4890954,0,4890954,4890.954,
2026-03-11 01:00:01,,,,,4890954,0,4890954,4890.954,
2026-03-11 02:00:01,,,,,4890954,0,4890954,4890.954,
2026-03-11 03:00:01,,,,,4890954,0,4890954,4890.954,
2026-03-11 04:00:01,,,,,4890959,5,4890959,4890.959,
2026-03-11 04:36:01,28.69,,,,4890964,5,4890964,4890.964,
2026-03-11 04:37:11,,3.65,,,,,,,-49
2026-03-11 05:00:01,,,,,4890972,8,4890972,4890.972,
2026-03-11 06:00:01,,,,,4890972,0,4890972,4890.972,
2026-03-11 07:00:01,,,,,4890972,0,4890972,4890.972,
2026-03-11 08:00:01,,,,,4890972,0,4890972,4890.972,
2026-03-11 09:00:01,,,,,4890972,0,4890972,4890.972,
2026-03-11 10:00:01,,,,,4890972,0,4890972,4890.972,
2026-03-11 11:00:01,,,,,4890972,0,4890972,4890.972,
2026-03-11 12:00:01,,,,,4890972,0,4890972,4890.972,
2026-03-11 13:00:01,,,,,4890972,0,4890972,4890.972,
2026-03-11 14:00:01,,,,,4890972,0,4890972,4890.972,
2026-03-11 15:00:01,,,,,4890972,0,4890972,4890.972,
2026-03-11 16:00:01,,,,,4890972,0,4890972,4890.972,
2026-03-11 17:00:01,,,,,4890972,0,4890972,4890.972,
2026-03-11 18:00:01,,,,,4890972,0,4890972,4890.972,
2026-03-11 19:00:01,,,,,4890972,0,4890972,4890.972,
2026-03-11 20:00:01,,,,,4890974,2,4890974,4890.974,
2026-03-11 21:00:01,,,,,4890979,5,4890979,4890.979,
2026-03-11 22:00:01,,,,,4890980,1,4890980,4890.98,
2026-03-11 23:00:01,,,,,4890980,0,4890980,4890.98,
2026-03-12 00:00:01,,,,,4890980,0,4890980,4890.98,
2026-03-12 01:00:01,,,,,4890980,0,4890980,4890.98,
2026-03-12 02:00:01,,,,,4890980,0,4890980,4890.98,
2026-03-12 03:00:01,,,,,4890980,0,4890980,4890.98,
2026-03-12 04:00:01,,,,,4890983,3,4890983,4890.983,
2026-03-12 04:36:01,28.88,,,,4890986,3,4890986,4890.986,
2026-03-12 04:37:08,,3.67,,,,,,,-50
2026-03-12 05:00:01,,,,,4890986,0,4890986,4890.986,
2026-03-12 06:00:01,,,,,4890986,0,4890986,4890.986,
2026-03-12 07:00:01,,,,,4890986,0,4890986,4890.986,
2026-03-12 08:00:01,,,,,4890995,9,4890995,4890.995,
2026-03-12 09:00:01,,,,,4890995,0,4890995,4890.995,
2026-03-12 10:00:01,,,,,4890995,0,4890995,4890.995,
2026-03-12 11:00:01,,,,,4890995,0,4890995,4890.995,
2026-03-12 12:00:01,,,,,4890995,0,4890995,4890.995,
2026-03-12 13:00:01,,,,,4890995,0,4890995,4890.995,
2026-03-12 14:00:01,,,,,4890995,0,4890995,4890.995,
2026-03-12 15:00:01,,,,,4890995,0,4890995,4890.995,
2026-03-12 16:00:01,,,,,4890995,0,4890995,4890.995,
2026-03-12 17:00:01,,,,,4890995,0,4890995,4890.995,
2026-03-12 18:00:01,,,,,4890995,0,4890995,4890.995,
2026-03-12 19:00:01,,,,,4890995,0,4890995,4890.995,
2026-03-12 20:00:01,,,,,4890996,1,4890996,4890.996,
2026-03-12 21:00:01,,,,,4891002,6,4891002,4891.002,
2026-03-12 22:00:01,,,,,4891011,9,4891011,4891.011,
2026-03-12 23:00:01,,,,,4891011,0,4891011,4891.011,
2026-03-13 00:00:01,,,,,4891011,0,4891011,4891.011,
2026-03-13 01:00:01,,,,,4891011,0,4891011,4891.011,
2026-03-13 02:00:01,,,,,4891011,0,4891011,4891.011,
2026-03-13 03:00:01,,,,,4891011,0,4891011,4891.011,
2026-03-13 04:00:01,,,,,4891017,6,4891017,4891.017,
2026-03-13 04:36:01,25.35,,,,4891021,4,4891021,4891.021,
2026-03-13 04:37:21,,3.65,,,,,,,-50
2026-03-13 05:00:01,,,,,4891026,5,4891026,4891.026,
2026-03-13 06:00:01,,,,,4891026,0,4891026,4891.026,
2026-03-13 07:00:01,,,,,4891026,0,4891026,4891.026,
2026-03-13 08:00:01,,,,,4891026,0,4891026,4891.026,
2026-03-13 09:00:01,,,,,4891026,0,4891026,4891.026,
2026-03-13 10:00:01,,,,,4891026,0,4891026,4891.026,
2026-03-13 11:00:01,,,,,4891026,0,4891026,4891.026,
2026-03-13 12:00:01,,,,,4891026,0,4891026,4891.026,
2026-03-13 13:00:01,,,,,4891026,0,4891026,4891.026,
2026-03-13 14:00:01,,,,,4891026,0,4891026,4891.026,
2026-03-13 15:00:01,,,,,4891026,0,4891026,4891.026,
2026-03-13 16:00:01,,,,,4891026,0,4891026,4891.026,
2026-03-13 17:00:01,,,,,4891026,0,4891026,4891.026,
2026-03-13 18:00:01,,,,,4891026,0,4891026,4891.026,
2026-03-13 19:00:01,,,,,4891026,0,4891026,4891.026,
2026-03-13 20:00:01,,,,,4891028,2,4891028,4891.028,
2026-03-13 21:00:01,,,,,4891035,7,4891035,4891.035,
2026-03-13 22:00:01,,,,,4891036,1,4891036,4891.036,
2026-03-13 23:00:01,,,,,4891036,0,4891036,4891.036,
2026-03-14 00:00:01,,,,,4891036,0,4891036,4891.036,
2026-03-14 01:00:01,,,,,4891036,0,4891036,4891.036,
2026-03-14 02:00:01,,,,,4891036,0,4891036,4891.036,
2026-03-14 03:00:01,,,,,4891036,0,4891036,4891.036,
2026-03-14 04:00:01,,,,,4891036,0,4891036,4891.036,
2026-03-14 04:36:01,24.63,,,,4891041,5,4891041,4891.041,
2026-03-14 04:37:07,,3.66,,,,,,,-48
2026-03-14 05:00:01,,,,,4891043,2,4891043,4891.043,
2026-03-14 06:00:01,,,,,4891043,0,4891043,4891.043,
2026-03-14 07:00:01,,,,,4891043,0,4891043,4891.043,
2026-03-14 08:00:01,,,,,4891043,0,4891043,4891.043,
2026-03-14 09:00:01,,,,,4891043,0,4891043,4891.043,
2026-03-14 10:00:01,,,,,4891043,0,4891043,4891.043,
2026-03-14 11:00:01,,,,,4891043,0,4891043,4891.043,
2026-03-14 12:00:01,,,,,4891043,0,4891043,4891.043,
2026-03-14 13:00:01,,,,,4891043,0,4891043,4891.043,
2026-03-14 14:00:01,,,,,4891043,0,4891043,4891.043,
2026-03-14 15:00:01,,,,,4891043,0,4891043,4891.043,
2026-03-14 16:00:01,,,,,4891043,0,4891043,4891.043,
2026-03-14 17:00:01,,,,,4891043,0,4891043,4891.043,
2026-03-14 18:00:01,,,,,4891043,0,4891043,4891.043,
2026-03-14 19:00:01,,,,,4891043,0,4891043,4891.043,
2026-03-14 20:00:01,,,,,4891046,3,4891046,4891.046,
2026-03-14 21:00:01,,,,,4891055,9,4891055,4891.055,
2026-03-14 22:00:01,,,,,4891066,11,4891066,4891.066,
2026-03-14 23:00:01,,,,,4891066,0,4891066,4891.066,
2026-03-15 00:00:01,,,,,4891066,0,4891066,4891.066,
2026-03-15 01:00:01,,,,,4891069,3,4891069,4891.069,
2026-03-15 02:00:01,,,,,4891069,0,4891069,4891.069,
2026-03-15 03:00:01,,,,,4891069,0,4891069,4891.069,
2026-03-15 04:00:01,,,,,4891071,2,4891071,4891.071,
2026-03-15 04:36:01,24.77,,,,4891074,3,4891074,4891.074,
2026-03-15 04:37:08,,3.65,,,,,,,-49
2026-03-15 05:00:01,,,,,4891076,2,4891076,4891.076,
2026-03-15 06:00:01,,,,,4891076,0,4891076,4891.076,
2026-03-15 07:00:01,,,,,4891076,0,4891076,4891.076,
2026-03-15 08:00:01,,,,,4891076,0,4891076,4891.076,
2026-03-15 09:00:01,,,,,4891076,0,4891076,4891.076,
2026-03-15 10:00:01,,,,,4891076,0,4891076,4891.076,
2026-03-15 11:00:01,,,,,4891076,0,4891076,4891.076,
2026-03-15 12:00:01,,,,,4891076,0,4891076,4891.076,
2026-03-15 13:00:01,,,,,4891076,0,4891076,4891.076,
2026-03-15 14:00:01,,,,,4891076,0,4891076,4891.076,
2026-03-15 15:00:01,,,,,4891076,0,4891076,4891.076,
2026-03-15 16:00:01,,,,,4891076,0,4891076,4891.076,
2026-03-15 17:00:01,,,,,4891076,0,4891076,4891.076,
2026-03-15 18:00:01,,,,,4891076,0,4891076,4891.076,
2026-03-15 19:00:01,,,,,4891076,0,4891076,4891.076,
2026-03-15 20:00:01,,,,,4891079,3,4891079,4891.079,
2026-03-15 21:00:01,,,,,4891086,7,4891086,4891.086,
2026-03-15 22:00:01,,,,,4891086,0,4891086,4891.086,
2026-03-15 23:00:01,,,,,4891086,0,4891086,4891.086,
2026-03-16 00:00:01,,,,,4891086,0,4891086,4891.086,
2026-03-16 01:00:01,,,,,4891089,3,4891089,4891.089,
2026-03-16 02:00:01,,,,,4891089,0,4891089,4891.089,
2026-03-16 03:00:01,,,,,4891089,0,4891089,4891.089,
2026-03-16 04:00:01,,,,,4891093,4,4891093,4891.093,
2026-03-16 04:36:01,26.8,,,,4891098,5,4891098,4891.098,
2026-03-16 04:37:23,,3.65,,,,,,,-50
2026-03-16 05:00:01,,,,,4891098,0,4891098,4891.098,
2026-03-16 06:00:01,,,,,4891098,0,4891098,4891.098,
2026-03-16 07:00:01,,,,,4891098,0,4891098,4891.098,
2026-03-16 08:00:01,,,,,4891098,0,4891098,4891.098,
2026-03-16 09:00:01,,,,,4891098,0,4891098,4891.098,
2026-03-16 10:00:01,,,,,4891098,0,4891098,4891.098,
2026-03-16 11:00:01,,,,,4891098,0,4891098,4891.098,
2026-03-16 12:00:01,,,,,4891098,0,4891098,4891.098,
2026-03-16 13:00:01,,,,,4891098,0,4891098,4891.098,
2026-03-16 14:00:01,,,,,4891098,0,4891098,4891.098,
2026-03-16 15:00:01,,,,,4891098,0,4891098,4891.098,
2026-03-16 16:00:01,,,,,4891098,0,4891098,4891.098,
2026-03-16 17:00:01,,,,,4891098,0,4891098,4891.098,
2026-03-16 18:00:01,,,,,4891098,0,4891098,4891.098,
2026-03-16 19:00:01,,,,,4891098,0,4891098,4891.098,
2026-03-16 20:00:01,,,,,4891100,2,4891100,4891.1,
2026-03-16 21:00:01,,,,,4891106,6,4891106,4891.106,
2026-03-16 22:00:01,,,,,4891107,1,4891107,4891.107,
2026-03-16 23:00:01,,,,,4891107,0,4891107,4891.107,
2026-03-17 00:00:01,,,,,4891107,0,4891107,4891.107,
2026-03-17 01:00:01,,,,,4891107,0,4891107,4891.107,
2026-03-17 02:00:01,,,,,4891107,0,4891107,4891.107,
2026-03-17 03:00:01,,,,,4891107,0,4891107,4891.107,
2026-03-17 04:00:01,,,,,4891107,0,4891107,4891.107,
2026-03-17 04:36:01,26.1,,,,4891108,1,4891108,4891.108,
2026-03-17 04:37:13,,3.65,,,,,,,-50
2026-03-17 05:00:01,,,,,4891108,0,4891108,4891.108,
2026-03-17 06:00:01,,,,,4891108,0,4891108,4891.108,
2026-03-17 07:00:01,,,,,4891108,0,4891108,4891.108,
2026-03-17 08:00:01,,,,,4891108,0,4891108,4891.108,
2026-03-17 09:00:01,,,,,4891108,0,4891108,4891.108,
2026-03-17 10:00:01,,,,,4891108,0,4891108,4891.108,
2026-03-17 11:00:01,,,,,4891108,0,4891108,4891.108,
2026-03-17 12:00:01,,,,,4891108,0,4891108,4891.108,
2026-03-17 13:00:01,,,,,4891108,0,4891108,4891.108,
2026-03-17 14:00:01,,,,,4891108,0,4891108,4891.108,
2026-03-17 15:00:01,,,,,4891108,0,4891108,4891.108,
2026-03-17 16:00:01,,,,,4891108,0,4891108,4891.108,
2026-03-17 17:00:01,,,,,4891108,0,4891108,4891.108,
2026-03-17 18:00:01,,,,,4891108,0,4891108,4891.108,
2026-03-17 19:00:01,,,,,4891108,0,4891108,4891.108,
2026-03-17 20:00:01,,,,,4891109,1,4891109,4891.109,
2026-03-17 21:00:01,,,,,4891118,9,4891118,4891.118,
2026-03-17 22:00:01,,,,,4891118,0,4891118,4891.118,
2026-03-17 23:00:01,,,,,4891118,0,4891118,4891.118,
2026-03-18 00:00:01,,,,,4891118,0,4891118,4891.118,
2026-03-18 01:00:01,,,,,4891118,0,4891118,4891.118,
2026-03-18 02:00:01,,,,,4891118,0,4891118,4891.118,
2026-03-18 03:00:01,,,,,4891118,0,4891118,4891.118,
2026-03-18 04:00:01,,,,,4891122,4,4891122,4891.122,
2026-03-18 04:36:01,25.72,,,,4891128,6,4891128,4891.128,
2026-03-18 04:37:25,,3.65,,,,,,,-50
2026-03-18 05:00:01,,,,,4891132,4,4891132,4891.132,
2026-03-18 06:00:01,,,,,4891133,1,4891133,4891.133,
2026-03-18 07:00:01,,,,,4891133,0,4891133,4891.133,
2026-03-18 08:00:01,,,,,4891133,0,4891133,4891.133,
2026-03-18 09:00:01,,,,,4891133,0,4891133,4891.133,
2026-03-18 10:00:01,,,,,4891133,0,4891133,4891.133,
2026-03-18 11:00:01,,,,,4891133,0,4891133,4891.133,
2026-03-18 12:00:01,,,,,4891133,0,4891133,4891.133,
2026-03-18 13:00:01,,,,,4891133,0,4891133,4891.133,
2026-03-18 14:00:01,,,,,4891133,0,4891133,4891.133,
2026-03-18 15:00:01,,,,,4891133,0,4891133,4891.133,
2026-03-18 16:00:01,,,,,4891133,0,4891133,4891.133,
2026-03-18 17:00:01,,,,,4891133,0,4891133,4891.133,
2026-03-18 18:00:01,,,,,4891133,0,4891133,4891.133,
2026-03-18 19:00:01,,,,,4891133,0,4891133,4891.133,
2026-03-18 20:00:01,,,,,4891133,0,4891133,4891.133,
2026-03-18 21:00:01,,,,,4891133,0,4891133,4891.133,
2026-03-18 22:00:01,,,,,4891133,0,4891133,4891.133,
2026-03-18 23:00:01,,,,,4891133,0,4891133,4891.133,
2026-03-19 00:00:01,,,,,4891133,0,4891133,4891.133,
2026-03-19 01:00:01,,,,,4891133,0,4891133,4891.133,
2026-03-19 02:00:01,,,,,4891133,0,4891133,4891.133,
2026-03-19 03:00:01,,,,,4891133,0,4891133,4891.133,
2026-03-19 04:00:01,,,,,4891133,0,4891133,4891.133,
2026-03-19 04:36:01,26.04,,,,4891133,0,4891133,4891.133,
2026-03-19 04:37:13,,3.65,,,,,,,-51
2026-03-19 05:00:01,,,,,4891133,0,4891133,4891.133,
2026-03-19 06:00:01,,,,,4891133,0,4891133,4891.133,
2026-03-19 07:00:01,,,,,4891133,0,4891133,4891.133,
2026-03-19 08:00:01,,,,,4891133,0,4891133,4891.133,
2026-03-19 09:00:01,,,,,4891133,0,4891133,4891.133,
2026-03-19 10:00:01,,,,,4891133,0,4891133,4891.133,
2026-03-19 11:00:01,,,,,4891133,0,4891133,4891.133,
2026-03-19 12:00:01,,,,,4891133,0,4891133,4891.133,
2026-03-19 13:00:01,,,,,4891133,0,4891133,4891.133,
2026-03-19 14:00:01,,,,,4891133,0,4891133,4891.133,
2026-03-19 15:00:01,,,,,4891133,0,4891133,4891.133,
2026-03-19 16:00:01,,,,,4891133,0,4891133,4891.133,
2026-03-19 17:00:01,,,,,4891133,0,4891133,4891.133,
2026-03-19 18:00:01,,,,,4891133,0,4891133,4891.133,
2026-03-19 19:00:01,,,,,4891133,0,4891133,4891.133,
2026-03-19 20:00:01,,,,,4891133,0,4891133,4891.133,
2026-03-19 21:00:01,,,,,4891133,0,4891133,4891.133,
2026-03-19 22:00:01,,,,,4891133,0,4891133,4891.133,
2026-03-19 23:00:01,,,,,4891133,0,4891133,4891.133,
2026-03-20 00:00:01,,,,,4891133,0,4891133,4891.133,
2026-03-20 01:00:01,,,,,4891133,0,4891133,4891.133,
2026-03-20 02:00:01,,,,,4891133,0,4891133,4891.133,
2026-03-20 03:00:01,,,,,4891133,0,4891133,4891.133,
2026-03-20 04:00:01,,,,,4891133,0,4891133,4891.133,
2026-03-20 04:36:01,25.72,,,,4891133,0,4891133,4891.133,
2026-03-20 04:37:14,,3.65,,,,,,,-50
2026-03-20 05:00:01,,,,,4891133,0,4891133,4891.133,
2026-03-20 06:00:01,,,,,4891133,0,4891133,4891.133,
2026-03-20 07:00:01,,,,,4891133,0,4891133,4891.133,
2026-03-20 08:00:01,,,,,4891133,0,4891133,4891.133,
2026-03-20 09:00:01,,,,,4891133,0,4891133,4891.133,
2026-03-20 10:00:01,,,,,4891133,0,4891133,4891.133,
2026-03-20 11:00:01,,,,,4891133,0,4891133,4891.133,
2026-03-20 12:00:01,,,,,4891133,0,4891133,4891.133,
2026-03-20 13:00:01,,,,,4891133,0,4891133,4891.133,
2026-03-20 14:00:01,,,,,4891133,0,4891133,4891.133,
2026-03-20 15:00:01,,,,,4891133,0,4891133,4891.133,
2026-03-20 16:00:01,,,,,4891133,0,4891133,4891.133,
2026-03-20 17:00:01,,,,,4891133,0,4891133,4891.133,
2026-03-20 18:00:01,,,,,4891133,0,4891133,4891.133,
2026-03-20 19:00:01,,,,,4891133,0,4891133,4891.133,
2026-03-20 20:00:01,,,,,4891133,0,4891133,4891.133,
2026-03-20 21:00:01,,,,,4891133,0,4891133,4891.133,
2026-03-20 22:00:01,,,,,4891133,0,4891133,4891.133,
2026-03-20 23:00:01,,,,,4891138,5,4891138,4891.138,
2026-03-21 00:00:01,,,,,4891149,11,4891149,4891.149,
2026-03-21 01:00:01,,,,,4891149,0,4891149,4891.149,
2026-03-21 02:00:01,,,,,4891149,0,4891149,4891.149,
2026-03-21 03:00:01,,,,,4891149,0,4891149,4891.149,
2026-03-21 04:00:01,,,,,4891149,0,4891149,4891.149,
2026-03-21 04:36:01,27.19,,,,4891149,0,4891149,4891.149,
2026-03-21 04:37:06,,3.65,,,,,,,-50
2026-03-21 05:00:01,,,,,4891149,0,4891149,4891.149,
2026-03-21 06:00:01,,,,,4891149,0,4891149,4891.149,
2026-03-21 07:00:01,,,,,4891149,0,4891149,4891.149,
2026-03-21 08:00:01,,,,,4891149,0,4891149,4891.149,
2026-03-21 09:00:01,,,,,4891149,0,4891149,4891.149,
2026-03-21 10:00:01,,,,,4891150,1,4891150,4891.15,
2026-03-21 11:00:01,,,,,4891150,0,4891150,4891.15,
2026-03-21 12:00:01,,,,,4891150,0,4891150,4891.15,
2026-03-21 13:00:01,,,,,4891151,1,4891151,4891.151,
2026-03-21 14:00:01,,,,,4891151,0,4891151,4891.151,
2026-03-21 15:00:01,,,,,4891151,0,4891151,4891.151,
2026-03-21 16:00:01,,,,,4891151,0,4891151,4891.151,
2026-03-21 17:00:01,,,,,4891151,0,4891151,4891.151,
2026-03-21 18:00:01,,,,,4891152,1,4891152,4891.152,
2026-03-21 19:00:01,,,,,4891152,0,4891152,4891.152,
2026-03-21 20:00:01,,,,,4891156,4,4891156,4891.156,
2026-03-21 21:00:01,,,,,4891164,8,4891164,4891.164,
2026-03-21 22:00:01,,,,,4891164,0,4891164,4891.164,
2026-03-21 23:00:01,,,,,4891164,0,4891164,4891.164,
2026-03-22 00:00:01,,,,,4891166,2,4891166,4891.166,
2026-03-22 01:00:01,,,,,4891166,0,4891166,4891.166,
2026-03-22 02:00:01,,,,,4891166,0,4891166,4891.166,
2026-03-22 03:00:01,,,,,4891166,0,4891166,4891.166,
2026-03-22 04:00:01,,,,,4891168,2,4891168,4891.168,
2026-03-22 04:36:01,27.56,,,,4891170,2,4891170,4891.17,
2026-03-22 04:37:08,,3.65,,,,,,,-50
2026-03-22 05:00:01,,,,,4891170,0,4891170,4891.17,
2026-03-22 06:00:01,,,,,4891170,0,4891170,4891.17,
2026-03-22 07:00:01,,,,,4891170,0,4891170,4891.17,
2026-03-22 08:00:01,,,,,4891170,0,4891170,4891.17,
2026-03-22 09:00:01,,,,,4891170,0,4891170,4891.17,
2026-03-22 10:00:01,,,,,4891170,0,4891170,4891.17,
2026-03-22 11:00:01,,,,,4891170,0,4891170,4891.17,
2026-03-22 12:00:01,,,,,4891170,0,4891170,4891.17,
2026-03-22 13:00:01,,,,,4891170,0,4891170,4891.17,
2026-03-22 14:00:01,,,,,4891170,0,4891170,4891.17,
2026-03-22 15:00:01,,,,,4891170,0,4891170,4891.17,
2026-03-22 16:00:01,,,,,4891170,0,4891170,4891.17,
2026-03-22 17:00:01,,,,,4891170,0,4891170,4891.17,
2026-03-22 18:00:01,,,,,4891170,0,4891170,4891.17,
2026-03-22 19:00:01,,,,,4891170,0,4891170,4891.17,
2026-03-22 20:00:01,,,,,4891174,4,4891174,4891.174,
2026-03-22 21:00:01,,,,,4891187,13,4891187,4891.187,
2026-03-22 22:00:01,,,,,4891187,0,4891187,4891.187,
2026-03-22 23:00:01,,,,,4891187,0,4891187,4891.187,
2026-03-23 00:00:01,,,,,4891187,0,4891187,4891.187,
2026-03-23 01:00:01,,,,,4891187,0,4891187,4891.187,
2026-03-23 02:00:01,,,,,4891188,1,4891188,4891.188,
2026-03-23 03:00:01,,,,,4891188,0,4891188,4891.188,
2026-03-23 04:00:01,,,,,4891189,1,4891189,4891.189,
2026-03-23 04:36:01,26.34,,,,4891192,3,4891192,4891.192,
2026-03-23 04:37:24,,3.65,,,,,,,-50
2026-03-23 05:00:01,,,,,4891195,3,4891195,4891.195,
2026-03-23 06:00:01,,,,,4891197,2,4891197,4891.197,
2026-03-23 07:00:01,,,,,4891197,0,4891197,4891.197,
2026-03-23 08:00:01,,,,,4891197,0,4891197,4891.197,
2026-03-23 09:00:01,,,,,4891197,0,4891197,4891.197,
2026-03-23 10:00:01,,,,,4891197,0,4891197,4891.197,
2026-03-23 11:00:01,,,,,4891197,0,4891197,4891.197,
2026-03-23 12:00:01,,,,,4891197,0,4891197,4891.197,
2026-03-23 13:00:01,,,,,4891197,0,4891197,4891.197,
2026-03-23 14:00:01,,,,,4891197,0,4891197,4891.197,
2026-03-23 15:00:01,,,,,4891197,0,4891197,4891.197,
2026-03-23 16:00:01,,,,,4891197,0,4891197,4891.197,
2026-03-23 17:00:01,,,,,4891197,0,4891197,4891.197,
2026-03-23 18:00:01,,,,,4891197,0,4891197,4891.197,
2026-03-23 19:00:01,,,,,4891197,0,4891197,4891.197,
2026-03-23 20:00:01,,,,,4891198,1,4891198,4891.198,
2026-03-23 21:00:01,,,,,4891204,6,4891204,4891.204,
2026-03-23 22:00:01,,,,,4891210,6,4891210,4891.21,
2026-03-23 23:00:01,,,,,4891210,0,4891210,4891.21,
2026-03-24 00:00:01,,,,,4891210,0,4891210,4891.21,
2026-03-24 01:00:01,,,,,4891210,0,4891210,4891.21,
2026-03-24 02:00:01,,,,,4891210,0,4891210,4891.21,
2026-03-24 03:00:01,,,,,4891210,0,4891210,4891.21,
2026-03-24 04:00:01,,,,,4891212,2,4891212,4891.212,
2026-03-24 04:36:01,27.87,,,,4891214,2,4891214,4891.214,
2026-03-24 04:37:23,,,"a00077-00008",,,,,,
2026-03-24 04:38:23,,3.66,,,,,,,-49
2026-03-24 05:00:01,,,,,4891218,4,4891218,4891.218,
2026-03-24 06:00:01,,,,,4891222,4,4891222,4891.222,
2026-03-24 07:00:01,,,,,4891222,0,4891222,4891.222,
2026-03-24 08:00:01,,,,,4891222,0,4891222,4891.222,
2026-03-24 09:00:01,,,,,4891222,0,4891222,4891.222,
2026-03-24 10:00:01,,,,,4891222,0,4891222,4891.222,
2026-03-24 11:00:01,,,,,4891222,0,4891222,4891.222,
2026-03-24 12:00:01,,,,,4891222,0,4891222,4891.222,
2026-03-24 13:00:01,,,,,4891222,0,4891222,4891.222,
2026-03-24 14:00:01,,,,,4891222,0,4891222,4891.222,
2026-03-24 15:00:01,,,,,4891222,0,4891222,4891.222,
2026-03-24 16:00:01,,,,,4891222,0,4891222,4891.222,
2026-03-24 17:00:01,,,,,4891222,0,4891222,4891.222,
2026-03-24 18:00:01,,,,,4891222,0,4891222,4891.222,
2026-03-24 19:00:01,,,,,4891222,0,4891222,4891.222,
2026-03-24 20:00:01,,,,,4891223,1,4891223,4891.223,
2026-03-24 21:00:01,,,,,4891226,3,4891226,4891.226,
2026-03-24 22:00:01,,,,,4891228,2,4891228,4891.228,
2026-03-24 23:00:01,,,,,4891228,0,4891228,4891.228,
2026-03-25 00:00:01,,,,,4891228,0,4891228,4891.228,
2026-03-25 01:00:01,,,,,4891228,0,4891228,4891.228,
2026-03-25 02:00:01,,,,,4891228,0,4891228,4891.228,
2026-03-25 03:00:01,,,,,4891229,1,4891229,4891.229,
2026-03-25 04:00:01,,,,,4891234,5,4891234,4891.234,
2026-03-25 04:36:01,27.71,,,,4891239,5,4891239,4891.239,
2026-03-25 04:37:24,,3.65,,,,,,,-50
2026-03-25 05:00:01,,,,,4891246,7,4891246,4891.246,
2026-03-25 06:00:01,,,,,4891251,5,4891251,4891.251,
2026-03-25 07:00:01,,,,,4891251,0,4891251,4891.251,
2026-03-25 08:00:01,,,,,4891251,0,4891251,4891.251,
2026-03-25 09:00:01,,,,,4891251,0,4891251,4891.251,
2026-03-25 10:00:01,,,,,4891251,0,4891251,4891.251,
2026-03-25 11:00:01,,,,,4891251,0,4891251,4891.251,
2026-03-25 12:00:01,,,,,4891251,0,4891251,4891.251,
2026-03-25 13:00:01,,,,,4891251,0,4891251,4891.251,
2026-03-25 14:00:01,,,,,4891251,0,4891251,4891.251,
2026-03-25 15:00:01,,,,,4891251,0,4891251,4891.251,
2026-03-25 16:00:01,,,,,4891251,0,4891251,4891.251,
2026-03-25 17:00:01,,,,,4891251,0,4891251,4891.251,
2026-03-25 18:00:01,,,,,4891251,0,4891251,4891.251,
2026-03-25 19:00:01,,,,,4891251,0,4891251,4891.251,
2026-03-25 20:00:01,,,,,4891251,0,4891251,4891.251,
2026-03-25 21:00:01,,,,,4891251,0,4891251,4891.251,
2026-03-25 22:00:01,,,,,4891251,0,4891251,4891.251,
2026-03-25 23:00:01,,,,,4891251,0,4891251,4891.251,
2026-03-26 00:00:01,,,,,4891251,0,4891251,4891.251,
2026-03-26 01:00:01,,,,,4891251,0,4891251,4891.251,
2026-03-26 02:00:01,,,,,4891251,0,4891251,4891.251,
2026-03-26 03:00:01,,,,,4891251,0,4891251,4891.251,
2026-03-26 04:00:01,,,,,4891251,0,4891251,4891.251,
2026-03-26 04:36:01,27.31,,,,4891251,0,4891251,4891.251,
2026-03-26 04:37:07,,3.65,,,,,,,-50
2026-03-26 05:00:01,,,,,4891251,0,4891251,4891.251,
2026-03-26 06:00:01,,,,,4891251,0,4891251,4891.251,
2026-03-26 07:00:01,,,,,4891251,0,4891251,4891.251,
2026-03-26 08:00:01,,,,,4891251,0,4891251,4891.251,
2026-03-26 09:00:01,,,,,4891251,0,4891251,4891.251,
2026-03-26 10:00:01,,,,,4891251,0,4891251,4891.251,
2026-03-26 11:00:01,,,,,4891251,0,4891251,4891.251,
2026-03-26 12:00:01,,,,,4891251,0,4891251,4891.251,
2026-03-26 13:00:01,,,,,4891251,0,4891251,4891.251,
2026-03-26 14:00:01,,,,,4891251,0,4891251,4891.251,
2026-03-26 15:00:01,,,,,4891251,0,4891251,4891.251,
2026-03-26 16:00:01,,,,,4891251,0,4891251,4891.251,
2026-03-26 17:00:01,,,,,4891251,0,4891251,4891.251,
2026-03-26 18:00:01,,,,,4891251,0,4891251,4891.251,
2026-03-26 19:00:01,,,,,4891251,0,4891251,4891.251,
2026-03-26 20:00:01,,,,,4891251,0,4891251,4891.251,
2026-03-26 21:00:01,,,,,4891251,0,4891251,4891.251,
2026-03-26 22:00:01,,,,,4891251,0,4891251,4891.251,
2026-03-26 23:00:01,,,,,4891251,0,4891251,4891.251,
2026-03-27 00:00:01,,,,,4891251,0,4891251,4891.251,
2026-03-27 01:00:01,,,,,4891251,0,4891251,4891.251,
2026-03-27 02:00:01,,,,,4891251,0,4891251,4891.251,
2026-03-27 03:00:01,,,,,4891251,0,4891251,4891.251,
2026-03-27 04:00:01,,,,,4891251,0,4891251,4891.251,
2026-03-27 04:36:01,20.5,,,,4891251,0,4891251,4891.251,
2026-03-27 04:37:13,,3.65,,,,,,,-51
2026-03-27 05:00:01,,,,,4891251,0,4891251,4891.251,
2026-03-27 06:00:01,,,,,4891251,0,4891251,4891.251,
2026-03-27 07:00:01,,,,,4891251,0,4891251,4891.251,
2026-03-27 08:00:01,,,,,4891251,0,4891251,4891.251,
2026-03-27 09:00:01,,,,,4891251,0,4891251,4891.251,
2026-03-27 10:00:01,,,,,4891251,0,4891251,4891.251,
2026-03-27 11:00:01,,,,,4891251,0,4891251,4891.251,
2026-03-27 12:00:01,,,,,4891251,0,4891251,4891.251,
2026-03-27 13:00:01,,,,,4891251,0,4891251,4891.251,
2026-03-27 14:00:01,,,,,4891251,0,4891251,4891.251,
2026-03-27 15:00:01,,,,,4891251,0,4891251,4891.251,
2026-03-27 16:00:01,,,,,4891251,0,4891251,4891.251,
2026-03-27 17:00:01,,,,,4891251,0,4891251,4891.251,
2026-03-27 18:00:01,,,,,4891251,0,4891251,4891.251,
2026-03-27 19:00:01,,,,,4891251,0,4891251,4891.251,
2026-03-27 20:00:01,,,,,4891251,0,4891251,4891.251,
2026-03-27 21:00:01,,,,,4891251,0,4891251,4891.251,
2026-03-27 22:00:01,,,,,4891251,0,4891251,4891.251,
2026-03-27 23:00:01,,,,,4891251,0,4891251,4891.251,
2026-03-28 00:00:01,,,,,4891251,0,4891251,4891.251,
2026-03-28 01:00:01,,,,,4891251,0,4891251,4891.251,
2026-03-28 02:00:01,,,,,4891251,0,4891251,4891.251,
2026-03-28 03:00:01,,,,,4891251,0,4891251,4891.251,
2026-03-28 04:00:01,,,,,4891251,0,4891251,4891.251,
2026-03-28 04:36:01,17.13,,,,4891251,0,4891251,4891.251,
2026-03-28 04:37:16,,3.64,,,,,,,-51
2026-03-28 05:00:01,,,,,4891251,0,4891251,4891.251,
2026-03-28 06:00:01,,,,,4891251,0,4891251,4891.251,
2026-03-28 07:00:01,,,,,4891251,0,4891251,4891.251,
2026-03-28 08:00:01,,,,,4891251,0,4891251,4891.251,
2026-03-28 09:00:01,,,,,4891251,0,4891251,4891.251,
2026-03-28 10:00:01,,,,,4891251,0,4891251,4891.251,
2026-03-28 11:00:01,,,,,4891251,0,4891251,4891.251,
2026-03-28 12:00:01,,,,,4891251,0,4891251,4891.251,
2026-03-28 13:00:01,,,,,4891251,0,4891251,4891.251,
2026-03-28 14:00:01,,,,,4891251,0,4891251,4891.251,
2026-03-28 15:00:01,,,,,4891251,0,4891251,4891.251,
2026-03-28 16:00:01,,,,,4891251,0,4891251,4891.251,
2026-03-28 17:00:01,,,,,4891251,0,4891251,4891.251,
2026-03-28 18:00:01,,,,,4891251,0,4891251,4891.251,
2026-03-28 19:00:01,,,,,4891251,0,4891251,4891.251,
2026-03-28 20:00:01,,,,,4891251,0,4891251,4891.251,
2026-03-28 21:00:01,,,,,4891251,0,4891251,4891.251,
2026-03-28 22:00:01,,,,,4891251,0,4891251,4891.251,
2026-03-28 23:00:01,,,,,4891251,0,4891251,4891.251,
2026-03-29 00:00:01,,,,,4891251,0,4891251,4891.251,
2026-03-29 01:00:01,,,,,4891251,0,4891251,4891.251,
2026-03-29 02:00:01,,,,,4891251,0,4891251,4891.251,
2026-03-29 03:00:01,,,,,4891251,0,4891251,4891.251,
2026-03-29 04:00:01,,,,,4891251,0,4891251,4891.251,
2026-03-29 04:36:01,18.73,,,,4891251,0,4891251,4891.251,
2026-03-29 04:37:08,,3.65,,,,,,,-50
2026-03-29 05:00:01,,,,,4891251,0,4891251,4891.251,
2026-03-29 06:00:01,,,,,4891251,0,4891251,4891.251,
2026-03-29 07:00:01,,,,,4891251,0,4891251,4891.251,
2026-03-29 08:00:01,,,,,4891251,0,4891251,4891.251,
2026-03-29 09:00:01,,,,,4891251,0,4891251,4891.251,
2026-03-29 10:00:01,,,,,4891251,0,4891251,4891.251,
2026-03-29 11:00:01,,,,,4891251,0,4891251,4891.251,
2026-03-29 12:00:01,,,,,4891251,0,4891251,4891.251,
2026-03-29 13:00:01,,,,,4891251,0,4891251,4891.251,
2026-03-29 14:00:01,,,,,4891251,0,4891251,4891.251,
2026-03-29 15:00:01,,,,,4891251,0,4891251,4891.251,
2026-03-29 16:00:01,,,,,4891251,0,4891251,4891.251,
2026-03-29 17:00:01,,,,,4891251,0,4891251,4891.251,
2026-03-29 18:00:01,,,,,4891251,0,4891251,4891.251,
2026-03-29 19:00:01,,,,,4891251,0,4891251,4891.251,
2026-03-29 20:00:01,,,,,4891251,0,4891251,4891.251,
2026-03-29 21:00:01,,,,,4891251,0,4891251,4891.251,
2026-03-29 22:00:01,,,,,4891251,0,4891251,4891.251,
2026-03-29 23:00:01,,,,,4891251,0,4891251,4891.251,
2026-03-30 00:00:01,,,,,4891251,0,4891251,4891.251,
2026-03-30 01:00:01,,,,,4891251,0,4891251,4891.251,
2026-03-30 02:00:01,,,,,4891251,0,4891251,4891.251,
2026-03-30 03:00:01,,,,,4891251,0,4891251,4891.251,
2026-03-30 04:00:01,,,,,4891251,0,4891251,4891.251,
2026-03-30 04:36:01,19.87,,,,4891251,0,4891251,4891.251,
2026-03-30 04:37:23,,3.65,,,,,,,-50
2026-03-30 05:00:01,,,,,4891251,0,4891251,4891.251,
2026-03-30 06:00:01,,,,,4891251,0,4891251,4891.251,
2026-03-30 07:00:01,,,,,4891251,0,4891251,4891.251,
2026-03-30 08:00:01,,,,,4891251,0,4891251,4891.251,
2026-03-30 09:00:01,,,,,4891251,0,4891251,4891.251,
2026-03-30 10:00:01,,,,,4891251,0,4891251,4891.251,
2026-03-30 11:00:01,,,,,4891251,0,4891251,4891.251,
2026-03-30 12:00:01,,,,,4891251,0,4891251,4891.251,
2026-03-30 13:00:01,,,,,4891251,0,4891251,4891.251,
2026-03-30 14:00:01,,,,,4891251,0,4891251,4891.251,
2026-03-30 15:00:01,,,,,4891251,0,4891251,4891.251,
2026-03-30 16:00:01,,,,,4891251,0,4891251,4891.251,
2026-03-30 17:00:01,,,,,4891251,0,4891251,4891.251,
2026-03-30 18:00:01,,,,,4891251,0,4891251,4891.251,
2026-03-30 19:00:01,,,,,4891251,0,4891251,4891.251,
2026-03-30 20:00:01,,,,,4891253,2,4891253,4891.253,
2026-03-30 21:00:01,,,,,4891255,2,4891255,4891.255,
2026-03-30 22:00:01,,,,,4891255,0,4891255,4891.255,
2026-03-30 23:00:01,,,,,4891255,0,4891255,4891.255,
2026-03-31 00:00:01,,,,,4891255,0,4891255,4891.255,
2026-03-31 01:00:01,,,,,4891255,0,4891255,4891.255,
2026-03-31 02:00:01,,,,,4891255,0,4891255,4891.255,
2026-03-31 03:00:01,,,,,4891255,0,4891255,4891.255,
2026-03-31 04:00:01,,,,,4891255,0,4891255,4891.255,
2026-03-31 04:36:01,22.01,,,,4891257,2,4891257,4891.257,
2026-03-31 04:37:07,,3.64,,,,,,,-50
2026-03-31 05:00:01,,,,,4891260,3,4891260,4891.26,
2026-03-31 06:00:01,,,,,4891262,2,4891262,4891.262,
2026-03-31 07:00:01,,,,,4891262,0,4891262,4891.262,
2026-03-31 08:00:01,,,,,4891262,0,4891262,4891.262,
2026-03-31 09:00:01,,,,,4891262,0,4891262,4891.262,
2026-03-31 10:00:01,,,,,4891264,2,4891264,4891.264,
2026-03-31 11:00:01,,,,,4891264,0,4891264,4891.264,
2026-03-31 12:00:01,,,,,4891264,0,4891264,4891.264,
2026-03-31 13:00:01,,,,,4891264,0,4891264,4891.264,
2026-03-31 14:00:01,,,,,4891264,0,4891264,4891.264,
2026-03-31 15:00:01,,,,,4891268,4,4891268,4891.268,
2026-03-31 16:00:01,,,,,4891268,0,4891268,4891.268,
2026-03-31 17:00:01,,,,,4891270,2,4891270,4891.27,
2026-03-31 18:00:01,,,,,4891270,0,4891270,4891.27,
2026-03-31 19:00:01,,,,,4891270,0,4891270,4891.27,
2026-03-31 20:00:01,,,,,4891275,5,4891275,4891.275,
2026-03-31 21:00:01,,,,,4891279,4,4891279,4891.279,
2026-03-31 22:00:01,,,,,4891279,0,4891279,4891.279,
2026-03-31 23:00:01,,,,,4891279,0,4891279,4891.279,
2026-04-01 00:00:01,,,,,4891279,0,4891279,4891.279,
2026-04-01 01:00:01,,,,,4891279,0,4891279,4891.279,
2026-04-01 02:00:01,,,,,4891279,0,4891279,4891.279,
2026-04-01 03:00:01,,,,,4891279,0,4891279,4891.279,
2026-04-01 04:00:01,,,,,4891279,0,4891279,4891.279,
2026-04-01 04:36:01,23.77,,,,4891280,1,4891280,4891.28,
2026-04-01 04:37:10,,3.64,,,,,,,-50
2026-04-01 05:00:01,,,,,4891281,1,4891281,4891.281,
2026-04-01 06:00:01,,,,,4891285,4,4891285,4891.285,
2026-04-01 07:00:01,,,,,4891285,0,4891285,4891.285,
2026-04-01 08:00:01,,,,,4891285,0,4891285,4891.285,
2026-04-01 09:00:01,,,,,4891285,0,4891285,4891.285,
2026-04-01 10:00:01,,,,,4891285,0,4891285,4891.285,
2026-04-01 11:00:01,,,,,4891285,0,4891285,4891.285,
2026-04-01 12:00:01,,,,,4891285,0,4891285,4891.285,
2026-04-01 13:00:01,,,,,4891285,0,4891285,4891.285,
2026-04-01 14:00:01,,,,,4891285,0,4891285,4891.285,
2026-04-01 15:00:01,,,,,4891285,0,4891285,4891.285,
2026-04-01 16:00:01,,,,,4891285,0,4891285,4891.285,
2026-04-01 17:00:01,,,,,4891285,0,4891285,4891.285,
2026-04-01 18:00:01,,,,,4891285,0,4891285,4891.285,
2026-04-01 19:00:01,,,,,4891285,0,4891285,4891.285,
2026-04-01 20:00:01,,,,,4891286,1,4891286,4891.286,
2026-04-01 21:00:01,,,,,4891290,4,4891290,4891.29,
2026-04-01 22:00:01,,,,,4891290,0,4891290,4891.29,
2026-04-01 23:00:01,,,,,4891290,0,4891290,4891.29,
2026-04-02 00:00:01,,,,,4891290,0,4891290,4891.29,
2026-04-02 01:00:01,,,,,4891290,0,4891290,4891.29,
2026-04-02 02:00:01,,,,,4891290,0,4891290,4891.29,
2026-04-02 03:00:01,,,,,4891290,0,4891290,4891.29,
2026-04-02 04:00:01,,,,,4891291,1,4891291,4891.291,
2026-04-02 04:36:01,25.38,,,,4891296,5,4891296,4891.296,
2026-04-02 04:37:30,,,"a00077-00008",,,,,,
2026-04-02 04:38:28,,3.66,,,,,,,-50
2026-04-02 05:00:01,,,,,4891296,0,4891296,4891.296,
2026-04-02 06:00:01,,,,,4891296,0,4891296,4891.296,
2026-04-02 07:00:01,,,,,4891296,0,4891296,4891.296,
2026-04-02 08:00:01,,,,,4891296,0,4891296,4891.296,
2026-04-02 09:00:01,,,,,4891296,0,4891296,4891.296,
2026-04-02 10:00:01,,,,,4891296,0,4891296,4891.296,
2026-04-02 11:00:01,,,,,4891296,0,4891296,4891.296,
2026-04-02 12:00:01,,,,,4891296,0,4891296,4891.296,
2026-04-02 13:00:01,,,,,4891296,0,4891296,4891.296,
2026-04-02 14:00:01,,,,,4891296,0,4891296,4891.296,
2026-04-02 15:00:01,,,,,4891296,0,4891296,4891.296,
2026-04-02 16:00:01,,,,,4891296,0,4891296,4891.296,
2026-04-02 17:00:01,,,,,4891296,0,4891296,4891.296,
2026-04-02 18:00:01,,,,,4891296,0,4891296,4891.296,
2026-04-02 19:00:01,,,,,4891296,0,4891296,4891.296,
2026-04-02 20:00:01,,,,,4891298,2,4891298,4891.298,
2026-04-02 21:00:01,,,,,4891303,5,4891303,4891.303,
2026-04-02 22:00:01,,,,,4891304,1,4891304,4891.304,
2026-04-02 23:00:01,,,,,4891304,0,4891304,4891.304,
2026-04-03 00:00:01,,,,,4891304,0,4891304,4891.304,
2026-04-03 01:00:01,,,,,4891304,0,4891304,4891.304,
2026-04-03 02:00:01,,,,,4891304,0,4891304,4891.304,
2026-04-03 03:00:01,,,,,4891304,0,4891304,4891.304,
2026-04-03 04:00:01,,,,,4891304,0,4891304,4891.304,
2026-04-03 04:36:01,26.27,,,,4891306,2,4891306,4891.306,
2026-04-03 04:36:59,,,"a00064-01006",,,,,,
2026-04-03 04:37:09,,,"a00064-01003",,,,,,
2026-04-03 04:37:43,,3.64,,,,,,,-50
2026-04-03 05:00:01,,,,,4891306,0,4891306,4891.306,
2026-04-03 06:00:01,,,,,4891306,0,4891306,4891.306,
2026-04-03 07:00:01,,,,,4891306,0,4891306,4891.306,
2026-04-03 08:00:01,,,,,4891306,0,4891306,4891.306,
2026-04-03 09:00:01,,,,,4891306,0,4891306,4891.306,
2026-04-03 10:00:01,,,,,4891306,0,4891306,4891.306,
2026-04-03 11:00:01,,,,,4891306,0,4891306,4891.306,
2026-04-03 12:00:01,,,,,4891306,0,4891306,4891.306,
2026-04-03 13:00:01,,,,,4891306,0,4891306,4891.306,
2026-04-03 14:00:01,,,,,4891306,0,4891306,4891.306,
2026-04-03 15:00:01,,,,,4891306,0,4891306,4891.306,
2026-04-03 16:00:01,,,,,4891306,0,4891306,4891.306,
2026-04-03 17:00:01,,,,,4891306,0,4891306,4891.306,
2026-04-03 18:00:01,,,,,4891306,0,4891306,4891.306,
2026-04-03 19:00:01,,,,,4891306,0,4891306,4891.306,
2026-04-03 20:00:01,,,,,4891306,0,4891306,4891.306,
2026-04-03 21:00:01,,,,,4891309,3,4891309,4891.309,
2026-04-03 22:00:01,,,,,4891311,2,4891311,4891.311,
2026-04-03 23:00:01,,,,,4891311,0,4891311,4891.311,
2026-04-04 00:00:01,,,,,4891311,0,4891311,4891.311,
2026-04-04 01:00:01,,,,,4891311,0,4891311,4891.311,
2026-04-04 02:00:01,,,,,4891311,0,4891311,4891.311,
2026-04-04 03:00:01,,,,,4891311,0,4891311,4891.311,
2026-04-04 04:00:01,,,,,4891312,1,4891312,4891.312,
2026-04-04 04:36:01,24.38,,,,4891313,1,4891313,4891.313,
2026-04-04 04:37:10,,3.65,,,,,,,-50
2026-04-04 05:00:01,,,,,4891313,0,4891313,4891.313,
2026-04-04 06:00:01,,,,,4891313,0,4891313,4891.313,
2026-04-04 07:00:01,,,,,4891313,0,4891313,4891.313,
2026-04-04 08:00:01,,,,,4891313,0,4891313,4891.313,
2026-04-04 09:00:01,,,,,4891313,0,4891313,4891.313,
2026-04-04 10:00:01,,,,,4891313,0,4891313,4891.313,
2026-04-04 11:00:01,,,,,4891313,0,4891313,4891.313,
2026-04-04 12:00:01,,,,,4891313,0,4891313,4891.313,
2026-04-04 13:00:01,,,,,4891313,0,4891313,4891.313,
2026-04-04 14:00:01,,,,,4891313,0,4891313,4891.313,
2026-04-04 15:00:01,,,,,4891313,0,4891313,4891.313,
2026-04-04 16:00:01,,,,,4891313,0,4891313,4891.313,
2026-04-04 17:00:01,,,,,4891313,0,4891313,4891.313,
2026-04-04 18:00:01,,,,,4891313,0,4891313,4891.313,
2026-04-04 19:00:01,,,,,4891313,0,4891313,4891.313,
2026-04-04 20:00:01,,,,,4891313,0,4891313,4891.313,
2026-04-04 21:00:01,,,,,4891313,0,4891313,4891.313,
2026-04-04 22:00:01,,,,,4891313,0,4891313,4891.313,
2026-04-04 23:00:01,,,,,4891313,0,4891313,4891.313,
2026-04-05 00:00:01,,,,,4891313,0,4891313,4891.313,
2026-04-05 01:00:01,,,,,4891313,0,4891313,4891.313,
2026-04-05 02:00:01,,,,,4891313,0,4891313,4891.313,
2026-04-05 02:00:01,,,,,4891313,0,4891313,4891.313,
2026-04-05 03:00:01,,,,,4891313,0,4891313,4891.313,
2026-04-05 03:36:01,22.26,,,,4891313,0,4891313,4891.313,
2026-04-05 03:37:10,,3.65,,,,,,,-48
2026-04-05 04:00:01,,,,,4891314,1,4891314,4891.314,
2026-04-05 05:00:01,,,,,4891316,2,4891316,4891.316,
2026-04-05 06:00:01,,,,,4891316,0,4891316,4891.316,
2026-04-05 07:00:01,,,,,4891316,0,4891316,4891.316,
2026-04-05 08:00:01,,,,,4891316,0,4891316,4891.316,
2026-04-05 09:00:01,,,,,4891316,0,4891316,4891.316,
2026-04-05 10:00:01,,,,,4891316,0,4891316,4891.316,
2026-04-05 11:00:01,,,,,4891316,0,4891316,4891.316,
2026-04-05 12:00:01,,,,,4891316,0,4891316,4891.316,
2026-04-05 13:00:01,,,,,4891316,0,4891316,4891.316,
2026-04-05 14:00:01,,,,,4891316,0,4891316,4891.316,
2026-04-05 15:00:01,,,,,4891316,0,4891316,4891.316,
2026-04-05 16:00:01,,,,,4891316,0,4891316,4891.316,
2026-04-05 17:00:01,,,,,4891316,0,4891316,4891.316,
2026-04-05 18:00:01,,,,,4891316,0,4891316,4891.316,
2026-04-05 19:00:01,,,,,4891316,0,4891316,4891.316,
2026-04-05 20:00:01,,,,,4891318,2,4891318,4891.318,
2026-04-05 21:00:01,,,,,4891321,3,4891321,4891.321,
2026-04-05 22:00:01,,,,,4891321,0,4891321,4891.321,
2026-04-05 23:00:01,,,,,4891321,0,4891321,4891.321,
2026-04-06 00:00:01,,,,,4891321,0,4891321,4891.321,
2026-04-06 01:00:01,,,,,4891321,0,4891321,4891.321,
2026-04-06 02:00:01,,,,,4891321,0,4891321,4891.321,
2026-04-06 03:00:01,,,,,4891321,0,4891321,4891.321,
2026-04-06 03:36:01,22.52,,,,4891321,0,4891321,4891.321,
2026-04-06 03:37:13,,3.66,,,,,,,-49
2026-04-06 04:00:01,,,,,4891322,1,4891322,4891.322,
2026-04-06 05:00:01,,,,,4891333,11,4891333,4891.333,
2026-04-06 06:00:01,,,,,4891335,2,4891335,4891.335,
2026-04-06 07:00:01,,,,,4891335,0,4891335,4891.335,
2026-04-06 08:00:01,,,,,4891335,0,4891335,4891.335,
2026-04-06 09:00:01,,,,,4891335,0,4891335,4891.335,
2026-04-06 10:00:01,,,,,4891335,0,4891335,4891.335,
2026-04-06 11:00:01,,,,,4891335,0,4891335,4891.335,
2026-04-06 12:00:01,,,,,4891335,0,4891335,4891.335,
2026-04-06 13:00:01,,,,,4891335,0,4891335,4891.335,
2026-04-06 14:00:01,,,,,4891335,0,4891335,4891.335,
2026-04-06 15:00:01,,,,,4891335,0,4891335,4891.335,
2026-04-06 16:00:01,,,,,4891335,0,4891335,4891.335,
2026-04-06 17:00:01,,,,,4891335,0,4891335,4891.335,
2026-04-06 18:00:01,,,,,4891335,0,4891335,4891.335,
2026-04-06 19:00:01,,,,,4891335,0,4891335,4891.335,
2026-04-06 20:00:01,,,,,4891335,0,4891335,4891.335,
2026-04-06 21:00:01,,,,,4891335,0,4891335,4891.335,
2026-04-06 22:00:01,,,,,4891335,0,4891335,4891.335,
2026-04-06 23:00:01,,,,,4891335,0,4891335,4891.335,
2026-04-07 00:00:01,,,,,4891335,0,4891335,4891.335,
2026-04-07 01:00:01,,,,,4891335,0,4891335,4891.335,
2026-04-07 02:00:01,,,,,4891335,0,4891335,4891.335,
2026-04-07 03:00:01,,,,,4891335,0,4891335,4891.335,
2026-04-07 03:36:01,20.9,,,,4891335,0,4891335,4891.335,
2026-04-07 03:37:24,,3.64,,,,,,,-50
2026-04-07 04:00:01,,,,,4891335,0,4891335,4891.335,
2026-04-07 05:00:01,,,,,4891335,0,4891335,4891.335,
2026-04-07 06:00:01,,,,,4891335,0,4891335,4891.335,
2026-04-07 07:00:01,,,,,4891335,0,4891335,4891.335,
2026-04-07 08:00:01,,,,,4891335,0,4891335,4891.335,
2026-04-07 09:00:01,,,,,4891335,0,4891335,4891.335,
2026-04-07 10:00:01,,,,,4891335,0,4891335,4891.335,
2026-04-07 11:00:01,,,,,4891335,0,4891335,4891.335,
2026-04-07 12:00:01,,,,,4891335,0,4891335,4891.335,
2026-04-07 13:00:01,,,,,4891335,0,4891335,4891.335,
2026-04-07 14:00:01,,,,,4891340,5,4891340,4891.34,
2026-04-07 15:00:01,,,,,4891340,0,4891340,4891.34,
2026-04-07 16:00:01,,,,,4891340,0,4891340,4891.34,
2026-04-07 17:00:01,,,,,4891340,0,4891340,4891.34,
2026-04-07 18:00:01,,,,,4891340,0,4891340,4891.34,
2026-04-07 19:00:01,,,,,4891340,0,4891340,4891.34,
2026-04-07 20:00:01,,,,,4891342,2,4891342,4891.342,
2026-04-07 21:00:01,,,,,4891345,3,4891345,4891.345,
2026-04-07 22:00:01,,,,,4891345,0,4891345,4891.345,
2026-04-07 23:00:01,,,,,4891345,0,4891345,4891.345,
2026-04-08 00:00:01,,,,,4891345,0,4891345,4891.345,
2026-04-08 01:00:01,,,,,4891345,0,4891345,4891.345,
2026-04-08 02:00:01,,,,,4891345,0,4891345,4891.345,
2026-04-08 03:00:01,,,,,4891345,0,4891345,4891.345,
2026-04-08 03:36:01,22.52,,,,4891345,0,4891345,4891.345,
2026-04-08 03:37:13,,3.64,,,,,,,-50
2026-04-08 04:00:01,,,,,4891345,0,4891345,4891.345,
2026-04-08 05:00:01,,,,,4891345,0,4891345,4891.345,
2026-04-08 06:00:01,,,,,4891348,3,4891348,4891.348,
2026-04-08 07:00:01,,,,,4891348,0,4891348,4891.348,
2026-04-08 08:00:01,,,,,4891350,2,4891350,4891.35,
2026-04-08 09:00:01,,,,,4891350,0,4891350,4891.35,
2026-04-08 10:00:01,,,,,4891350,0,4891350,4891.35,
2026-04-08 11:00:01,,,,,4891359,9,4891359,4891.359,
2026-04-08 12:00:01,,,,,4891364,5,4891364,4891.364,
2026-04-08 13:00:01,,,,,4891394,30,4891394,4891.394,
2026-04-08 14:00:01,,,,,4891395,1,4891395,4891.395,
2026-04-08 15:00:01,,,,,4891395,0,4891395,4891.395,
2026-04-08 16:00:01,,,,,4891395,0,4891395,4891.395,
2026-04-08 17:00:01,,,,,4891395,0,4891395,4891.395,
2026-04-08 18:00:01,,,,,4891395,0,4891395,4891.395,
2026-04-08 19:00:01,,,,,4891395,0,4891395,4891.395,
2026-04-08 20:00:01,,,,,4891398,3,4891398,4891.398,
2026-04-08 21:00:01,,,,,4891400,2,4891400,4891.4,
2026-04-08 22:00:01,,,,,4891400,0,4891400,4891.4,
2026-04-08 23:00:01,,,,,4891400,0,4891400,4891.4,
2026-04-09 00:00:01,,,,,4891400,0,4891400,4891.4,
2026-04-09 01:00:01,,,,,4891402,2,4891402,4891.402,
2026-04-09 02:00:01,,,,,4891403,1,4891403,4891.403,
2026-04-09 03:00:01,,,,,4891403,0,4891403,4891.403,
2026-04-09 03:36:01,23.7,,,,4891403,0,4891403,4891.403,
2026-04-09 03:37:17,,3.64,,,,,,,-50
2026-04-09 04:00:01,,,,,4891403,0,4891403,4891.403,
2026-04-09 05:00:01,,,,,4891403,0,4891403,4891.403,
2026-04-09 06:00:01,,,,,4891405,2,4891405,4891.405,
2026-04-09 07:00:01,,,,,4891409,4,4891409,4891.409,
2026-04-09 08:00:01,,,,,4891412,3,4891412,4891.412,
2026-04-09 09:00:01,,,,,4891414,2,4891414,4891.414,
2026-04-09 10:00:01,,,,,4891418,4,4891418,4891.418,
2026-04-09 11:00:01,,,,,4891422,4,4891422,4891.422,
2026-04-09 12:00:01,,,,,4891423,1,4891423,4891.423,
2026-04-09 13:00:01,,,,,4891423,0,4891423,4891.423,
2026-04-09 14:00:01,,,,,4891424,1,4891424,4891.424,
2026-04-09 15:00:01,,,,,4891429,5,4891429,4891.429,
2026-04-09 16:00:01,,,,,4891429,0,4891429,4891.429,
2026-04-09 17:00:01,,,,,4891429,0,4891429,4891.429,
2026-04-09 18:00:01,,,,,4891429,0,4891429,4891.429,
2026-04-09 19:00:01,,,,,4891429,0,4891429,4891.429,
2026-04-09 20:00:01,,,,,4891429,0,4891429,4891.429,
2026-04-09 21:00:01,,,,,4891429,0,4891429,4891.429,
2026-04-09 22:00:01,,,,,4891429,0,4891429,4891.429,
2026-04-09 23:00:01,,,,,4891429,0,4891429,4891.429,
2026-04-10 00:00:01,,,,,4891429,0,4891429,4891.429,
2026-04-10 01:00:01,,,,,4891429,0,4891429,4891.429,
2026-04-10 02:00:01,,,,,4891429,0,4891429,4891.429,
2026-04-10 03:00:01,,,,,4891429,0,4891429,4891.429,
2026-04-10 03:36:01,23.1,,,,4891429,0,4891429,4891.429,
2026-04-10 03:37:16,,3.64,,,,,,,-51
2026-04-10 04:00:01,,,,,4891429,0,4891429,4891.429,
2026-04-10 05:00:01,,,,,4891429,0,4891429,4891.429,
2026-04-10 06:00:01,,,,,4891429,0,4891429,4891.429,
2026-04-10 07:00:01,,,,,4891429,0,4891429,4891.429,
2026-04-10 08:00:01,,,,,4891429,0,4891429,4891.429,
2026-04-10 09:00:01,,,,,4891429,0,4891429,4891.429,
2026-04-10 10:00:01,,,,,4891429,0,4891429,4891.429,
2026-04-10 11:00:01,,,,,4891429,0,4891429,4891.429,
2026-04-10 12:00:01,,,,,4891429,0,4891429,4891.429,
2026-04-10 13:00:01,,,,,4891429,0,4891429,4891.429,
2026-04-10 14:00:01,,,,,4891429,0,4891429,4891.429,
2026-04-10 15:00:01,,,,,4891429,0,4891429,4891.429,
2026-04-10 16:00:01,,,,,4891429,0,4891429,4891.429,
2026-04-10 17:00:01,,,,,4891429,0,4891429,4891.429,
2026-04-10 18:00:01,,,,,4891429,0,4891429,4891.429,
2026-04-10 19:00:01,,,,,4891429,0,4891429,4891.429,
2026-04-10 20:00:01,,,,,4891429,0,4891429,4891.429,
2026-04-10 21:00:01,,,,,4891429,0,4891429,4891.429,
2026-04-10 22:00:01,,,,,4891429,0,4891429,4891.429,
2026-04-10 23:00:01,,,,,4891429,0,4891429,4891.429,
2026-04-11 00:00:01,,,,,4891429,0,4891429,4891.429,
2026-04-11 01:00:01,,,,,4891429,0,4891429,4891.429,
2026-04-11 02:00:01,,,,,4891429,0,4891429,4891.429,
2026-04-11 03:00:01,,,,,4891429,0,4891429,4891.429,
2026-04-11 03:36:01,20.98,,,,4891429,0,4891429,4891.429,
2026-04-11 03:37:13,,3.64,,,,,,,-50
2026-04-11 04:00:01,,,,,4891429,0,4891429,4891.429,
2026-04-11 05:00:01,,,,,4891429,0,4891429,4891.429,
2026-04-11 06:00:01,,,,,4891429,0,4891429,4891.429,
2026-04-11 07:00:01,,,,,4891429,0,4891429,4891.429,
2026-04-11 08:00:01,,,,,4891429,0,4891429,4891.429,
2026-04-11 09:00:01,,,,,4891429,0,4891429,4891.429,
2026-04-11 10:00:01,,,,,4891429,0,4891429,4891.429,
2026-04-11 11:00:01,,,,,4891429,0,4891429,4891.429,
2026-04-11 12:00:01,,,,,4891429,0,4891429,4891.429,
2026-04-11 13:00:01,,,,,4891429,0,4891429,4891.429,
2026-04-11 14:00:01,,,,,4891429,0,4891429,4891.429,
2026-04-11 15:00:01,,,,,4891429,0,4891429,4891.429,
2026-04-11 16:00:01,,,,,4891429,0,4891429,4891.429,
2026-04-11 17:00:01,,,,,4891429,0,4891429,4891.429,
2026-04-11 18:00:01,,,,,4891429,0,4891429,4891.429,
2026-04-11 19:00:01,,,,,4891429,0,4891429,4891.429,
2026-04-11 20:00:01,,,,,4891429,0,4891429,4891.429,
2026-04-11 21:00:01,,,,,4891429,0,4891429,4891.429,
2026-04-11 22:00:01,,,,,4891429,0,4891429,4891.429,
2026-04-11 23:00:01,,,,,4891429,0,4891429,4891.429,
2026-04-12 00:00:01,,,,,4891429,0,4891429,4891.429,
2026-04-12 01:00:01,,,,,4891429,0,4891429,4891.429,
2026-04-12 02:00:01,,,,,4891429,0,4891429,4891.429,
2026-04-12 03:00:01,,,,,4891429,0,4891429,4891.429,
2026-04-12 03:36:01,18.11,,,,4891429,0,4891429,4891.429,
2026-04-12 03:37:18,,3.64,,,,,,,-52
2026-04-12 04:00:01,,,,,4891429,0,4891429,4891.429,
2026-04-12 05:00:01,,,,,4891429,0,4891429,4891.429,
2026-04-12 06:00:01,,,,,4891429,0,4891429,4891.429,
2026-04-12 07:00:01,,,,,4891429,0,4891429,4891.429,
2026-04-12 08:00:01,,,,,4891429,0,4891429,4891.429,
2026-04-12 09:00:01,,,,,4891429,0,4891429,4891.429,
2026-04-12 10:00:01,,,,,4891429,0,4891429,4891.429,
2026-04-12 11:00:01,,,,,4891429,0,4891429,4891.429,
2026-04-12 12:00:01,,,,,4891429,0,4891429,4891.429,
2026-04-12 13:00:01,,,,,4891429,0,4891429,4891.429,
2026-04-12 14:00:01,,,,,4891429,0,4891429,4891.429,
2026-04-12 15:00:01,,,,,4891429,0,4891429,4891.429,
2026-04-12 16:00:01,,,,,4891429,0,4891429,4891.429,
2026-04-12 17:00:01,,,,,4891429,0,4891429,4891.429,
2026-04-12 18:00:01,,,,,4891429,0,4891429,4891.429,
2026-04-12 19:00:01,,,,,4891429,0,4891429,4891.429,
2026-04-12 20:00:01,,,,,4891430,1,4891430,4891.43,
2026-04-12 21:00:01,,,,,4891433,3,4891433,4891.433,
2026-04-12 22:00:01,,,,,4891433,0,4891433,4891.433,
2026-04-12 23:00:01,,,,,4891433,0,4891433,4891.433,
2026-04-13 00:00:01,,,,,4891433,0,4891433,4891.433,
2026-04-13 01:00:01,,,,,4891433,0,4891433,4891.433,
2026-04-13 02:00:01,,,,,4891433,0,4891433,4891.433,
2026-04-13 03:00:01,,,,,4891433,0,4891433,4891.433,
2026-04-13 03:36:01,18.26,,,,4891433,0,4891433,4891.433,
2026-04-13 03:37:12,,3.63,,,,,,,-51
2026-04-13 04:00:01,,,,,4891433,0,4891433,4891.433,
2026-04-13 05:00:01,,,,,4891437,4,4891437,4891.437,
2026-04-13 06:00:01,,,,,4891438,1,4891438,4891.438,
2026-04-13 07:00:01,,,,,4891438,0,4891438,4891.438,
2026-04-13 08:00:01,,,,,4891438,0,4891438,4891.438,
2026-04-13 09:00:01,,,,,4891438,0,4891438,4891.438,
2026-04-13 10:00:01,,,,,4891438,0,4891438,4891.438,
2026-04-13 11:00:01,,,,,4891438,0,4891438,4891.438,
2026-04-13 12:00:01,,,,,4891438,0,4891438,4891.438,
2026-04-13 13:00:01,,,,,4891438,0,4891438,4891.438,
2026-04-13 14:00:01,,,,,4891438,0,4891438,4891.438,
2026-04-13 15:00:01,,,,,4891438,0,4891438,4891.438,
2026-04-13 16:00:01,,,,,4891438,0,4891438,4891.438,
2026-04-13 17:00:01,,,,,4891438,0,4891438,4891.438,
2026-04-13 18:00:01,,,,,4891438,0,4891438,4891.438,
2026-04-13 19:00:01,,,,,4891438,0,4891438,4891.438,
2026-04-13 20:00:01,,,,,4891438,0,4891438,4891.438,
2026-04-13 21:00:01,,,,,4891438,0,4891438,4891.438,
2026-04-13 22:00:01,,,,,4891438,0,4891438,4891.438,
2026-04-13 23:00:01,,,,,4891438,0,4891438,4891.438,
2026-04-14 00:00:01,,,,,4891438,0,4891438,4891.438,
2026-04-14 01:00:01,,,,,4891438,0,4891438,4891.438,
2026-04-14 02:00:01,,,,,4891438,0,4891438,4891.438,
2026-04-14 03:00:01,,,,,4891438,0,4891438,4891.438,
2026-04-14 03:36:01,18.51,,,,4891438,0,4891438,4891.438,
2026-04-14 03:37:08,,3.63,,,,,,,-50
2026-04-14 04:00:01,,,,,4891438,0,4891438,4891.438,
2026-04-14 05:00:01,,,,,4891438,0,4891438,4891.438,
2026-04-14 06:00:01,,,,,4891438,0,4891438,4891.438,
2026-04-14 07:00:01,,,,,4891438,0,4891438,4891.438,
2026-04-14 08:00:01,,,,,4891438,0,4891438,4891.438,
2026-04-14 09:00:01,,,,,4891438,0,4891438,4891.438,
2026-04-14 10:00:01,,,,,4891438,0,4891438,4891.438,
2026-04-14 11:00:01,,,,,4891438,0,4891438,4891.438,
2026-04-14 12:00:01,,,,,4891438,0,4891438,4891.438,
2026-04-14 13:00:01,,,,,4891438,0,4891438,4891.438,
2026-04-14 14:00:01,,,,,4891438,0,4891438,4891.438,
2026-04-14 15:00:01,,,,,4891438,0,4891438,4891.438,
2026-04-14 16:00:01,,,,,4891438,0,4891438,4891.438,
2026-04-14 17:00:01,,,,,4891438,0,4891438,4891.438,
2026-04-14 18:00:01,,,,,4891438,0,4891438,4891.438,
2026-04-14 19:00:01,,,,,4891438,0,4891438,4891.438,
2026-04-14 20:00:01,,,,,4891438,0,4891438,4891.438,
2026-04-14 21:00:01,,,,,4891438,0,4891438,4891.438,
2026-04-14 22:00:01,,,,,4891438,0,4891438,4891.438,
2026-04-14 23:00:01,,,,,4891440,2,4891440,4891.44,
2026-04-15 00:00:01,,,,,4891442,2,4891442,4891.442,
2026-04-15 01:00:01,,,,,4891442,0,4891442,4891.442,
2026-04-15 02:00:01,,,,,4891442,0,4891442,4891.442,
2026-04-15 03:00:01,,,,,4891442,0,4891442,4891.442,
2026-04-15 03:36:01,18.91,,,,4891442,0,4891442,4891.442,
2026-04-15 03:37:18,,3.64,,,,,,,-50
2026-04-15 04:00:01,,,,,4891442,0,4891442,4891.442,
2026-04-15 05:00:01,,,,,4891445,3,4891445,4891.445,
2026-04-15 06:00:01,,,,,4891445,0,4891445,4891.445,
2026-04-15 07:00:01,,,,,4891445,0,4891445,4891.445,
2026-04-15 08:00:01,,,,,4891445,0,4891445,4891.445,
2026-04-15 09:00:01,,,,,4891445,0,4891445,4891.445,
2026-04-15 10:00:01,,,,,4891445,0,4891445,4891.445,
2026-04-15 11:00:01,,,,,4891445,0,4891445,4891.445,
2026-04-15 12:00:01,,,,,4891445,0,4891445,4891.445,
2026-04-15 13:00:01,,,,,4891445,0,4891445,4891.445,
2026-04-15 14:00:01,,,,,4891445,0,4891445,4891.445,
2026-04-15 15:00:01,,,,,4891445,0,4891445,4891.445,
2026-04-15 16:00:01,,,,,4891445,0,4891445,4891.445,
2026-04-15 17:00:01,,,,,4891445,0,4891445,4891.445,
2026-04-15 18:00:01,,,,,4891445,0,4891445,4891.445,
2026-04-15 19:00:01,,,,,4891445,0,4891445,4891.445,
2026-04-15 20:00:01,,,,,4891445,0,4891445,4891.445,
2026-04-15 21:00:01,,,,,4891449,4,4891449,4891.449,
2026-04-15 22:00:01,,,,,4891454,5,4891454,4891.454,
2026-04-15 23:00:01,,,,,4891455,1,4891455,4891.455,
2026-04-16 00:00:01,,,,,4891455,0,4891455,4891.455,
2026-04-16 01:00:01,,,,,4891455,0,4891455,4891.455,
2026-04-16 02:00:01,,,,,4891456,1,4891456,4891.456,
2026-04-16 03:00:01,,,,,4891456,0,4891456,4891.456,
2026-04-16 03:36:01,19.08,,,,4891456,0,4891456,4891.456,
2026-04-16 03:37:18,,3.64,,,,,,,-50
2026-04-16 04:00:01,,,,,4891456,0,4891456,4891.456,
2026-04-16 05:00:01,,,,,4891457,1,4891457,4891.457,
2026-04-16 06:00:01,,,,,4891460,3,4891460,4891.46,
2026-04-16 07:00:01,,,,,4891460,0,4891460,4891.46,
2026-04-16 08:00:01,,,,,4891460,0,4891460,4891.46,
2026-04-16 09:00:01,,,,,4891460,0,4891460,4891.46,
2026-04-16 10:00:01,,,,,4891460,0,4891460,4891.46,
2026-04-16 11:00:01,,,,,4891460,0,4891460,4891.46,
2026-04-16 12:00:01,,,,,4891460,0,4891460,4891.46,
2026-04-16 13:00:01,,,,,4891460,0,4891460,4891.46,
2026-04-16 14:00:01,,,,,4891460,0,4891460,4891.46,
2026-04-16 15:00:01,,,,,4891460,0,4891460,4891.46,
2026-04-16 16:00:01,,,,,4891460,0,4891460,4891.46,
2026-04-16 17:00:01,,,,,4891460,0,4891460,4891.46,
2026-04-16 18:00:01,,,,,4891460,0,4891460,4891.46,
2026-04-16 19:00:01,,,,,4891460,0,4891460,4891.46,
2026-04-16 20:00:01,,,,,4891460,0,4891460,4891.46,
2026-04-16 21:00:01,,,,,4891463,3,4891463,4891.463,
2026-04-16 22:00:01,,,,,4891466,3,4891466,4891.466,
2026-04-16 23:00:01,,,,,4891466,0,4891466,4891.466,
2026-04-17 00:00:01,,,,,4891466,0,4891466,4891.466,
2026-04-17 01:00:01,,,,,4891466,0,4891466,4891.466,
2026-04-17 02:00:01,,,,,4891466,0,4891466,4891.466,
2026-04-17 03:00:01,,,,,4891466,0,4891466,4891.466,
2026-04-17 03:36:01,19.26,,,,4891466,0,4891466,4891.466,
2026-04-17 03:37:08,,3.64,,,,,,,-50
2026-04-17 04:00:01,,,,,4891466,0,4891466,4891.466,
2026-04-17 05:00:01,,,,,4891467,1,4891467,4891.467,
2026-04-17 06:00:01,,,,,4891467,0,4891467,4891.467,
2026-04-17 07:00:01,,,,,4891467,0,4891467,4891.467,
2026-04-17 08:00:01,,,,,4891467,0,4891467,4891.467,
2026-04-17 09:00:01,,,,,4891467,0,4891467,4891.467,
2026-04-17 10:00:01,,,,,4891467,0,4891467,4891.467,
2026-04-17 11:00:01,,,,,4891467,0,4891467,4891.467,
2026-04-17 12:00:01,,,,,4891467,0,4891467,4891.467,
2026-04-17 13:00:01,,,,,4891467,0,4891467,4891.467,
2026-04-17 14:00:01,,,,,4891467,0,4891467,4891.467,
2026-04-17 15:00:01,,,,,4891467,0,4891467,4891.467,
2026-04-17 16:00:01,,,,,4891467,0,4891467,4891.467,
2026-04-17 17:00:01,,,,,4891467,0,4891467,4891.467,
2026-04-17 18:00:01,,,,,4891467,0,4891467,4891.467,
2026-04-17 19:00:01,,,,,4891467,0,4891467,4891.467,
2026-04-17 20:00:01,,,,,4891467,0,4891467,4891.467,
2026-04-17 21:00:01,,,,,4891469,2,4891469,4891.469,
2026-04-17 22:00:01,,,,,4891472,3,4891472,4891.472,
2026-04-17 23:00:01,,,,,4891472,0,4891472,4891.472,
2026-04-18 00:00:01,,,,,4891472,0,4891472,4891.472,
2026-04-18 01:00:01,,,,,4891472,0,4891472,4891.472,
2026-04-18 02:00:01,,,,,4891472,0,4891472,4891.472,
2026-04-18 03:00:01,,,,,4891472,0,4891472,4891.472,
2026-04-18 03:36:01,18.38,,,,4891472,0,4891472,4891.472,
2026-04-18 03:37:24,,3.63,,,,,,,-51
2026-04-18 04:00:01,,,,,4891472,0,4891472,4891.472,
2026-04-18 05:00:01,,,,,4891474,2,4891474,4891.474,
2026-04-18 06:00:01,,,,,4891476,2,4891476,4891.476,
2026-04-18 07:00:01,,,,,4891476,0,4891476,4891.476,
2026-04-18 08:00:01,,,,,4891476,0,4891476,4891.476,
2026-04-18 09:00:01,,,,,4891476,0,4891476,4891.476,
2026-04-18 10:00:01,,,,,4891476,0,4891476,4891.476,
2026-04-18 11:00:01,,,,,4891476,0,4891476,4891.476,
2026-04-18 12:00:01,,,,,4891476,0,4891476,4891.476,
2026-04-18 13:00:01,,,,,4891476,0,4891476,4891.476,
2026-04-18 14:00:01,,,,,4891476,0,4891476,4891.476,
2026-04-18 15:00:01,,,,,4891476,0,4891476,4891.476,
2026-04-18 16:00:01,,,,,4891476,0,4891476,4891.476,
2026-04-18 17:00:01,,,,,4891476,0,4891476,4891.476,
2026-04-18 18:00:01,,,,,4891476,0,4891476,4891.476,
2026-04-18 19:00:01,,,,,4891476,0,4891476,4891.476,
2026-04-18 20:00:01,,,,,4891476,0,4891476,4891.476,
2026-04-18 21:00:01,,,,,4891476,0,4891476,4891.476,
2026-04-18 22:00:01,,,,,4891476,0,4891476,4891.476,
2026-04-18 23:00:01,,,,,4891476,0,4891476,4891.476,
2026-04-19 00:00:01,,,,,4891476,0,4891476,4891.476,
2026-04-19 01:00:01,,,,,4891476,0,4891476,4891.476,
2026-04-19 02:00:01,,,,,4891476,0,4891476,4891.476,
2026-04-19 03:00:01,,,,,4891476,0,4891476,4891.476,
2026-04-19 03:36:01,16.16,,,,4891476,0,4891476,4891.476,
2026-04-19 03:37:12,,3.64,,,,,,,-50
2026-04-19 04:00:01,,,,,4891476,0,4891476,4891.476,
2026-04-19 05:00:01,,,,,4891476,0,4891476,4891.476,
2026-04-19 06:00:01,,,,,4891476,0,4891476,4891.476,
2026-04-19 07:00:01,,,,,4891476,0,4891476,4891.476,
2026-04-19 08:00:01,,,,,4891476,0,4891476,4891.476,
2026-04-19 09:00:01,,,,,4891476,0,4891476,4891.476,
2026-04-19 10:00:01,,,,,4891476,0,4891476,4891.476,
2026-04-19 11:00:01,,,,,4891476,0,4891476,4891.476,
2026-04-19 12:00:01,,,,,4891476,0,4891476,4891.476,
2026-04-19 13:00:01,,,,,4891476,0,4891476,4891.476,
2026-04-19 14:00:01,,,,,4891476,0,4891476,4891.476,
2026-04-19 15:00:01,,,,,4891476,0,4891476,4891.476,
2026-04-19 16:00:01,,,,,4891476,0,4891476,4891.476,
2026-04-19 17:00:01,,,,,4891476,0,4891476,4891.476,
2026-04-19 18:00:01,,,,,4891476,0,4891476,4891.476,
2026-04-19 19:00:01,,,,,4891476,0,4891476,4891.476,
2026-04-19 20:00:01,,,,,4891476,0,4891476,4891.476,
2026-04-19 21:00:01,,,,,4891476,0,4891476,4891.476,
2026-04-19 22:00:01,,,,,4891476,0,4891476,4891.476,
2026-04-19 23:00:01,,,,,4891476,0,4891476,4891.476,
2026-04-20 00:00:01,,,,,4891476,0,4891476,4891.476,
2026-04-20 01:00:01,,,,,4891476,0,4891476,4891.476,
2026-04-20 02:00:01,,,,,4891476,0,4891476,4891.476,
2026-04-20 03:00:01,,,,,4891476,0,4891476,4891.476,
2026-04-20 03:36:01,15.2,,,,4891476,0,4891476,4891.476,
2026-04-20 03:37:13,,3.63,,,,,,,-50
2026-04-20 04:00:01,,,,,4891476,0,4891476,4891.476,
2026-04-20 05:00:01,,,,,4891476,0,4891476,4891.476,
2026-04-20 06:00:01,,,,,4891476,0,4891476,4891.476,
2026-04-20 07:00:01,,,,,4891476,0,4891476,4891.476,
2026-04-20 08:00:01,,,,,4891476,0,4891476,4891.476,
2026-04-20 09:00:01,,,,,4891476,0,4891476,4891.476,
2026-04-20 10:00:01,,,,,4891476,0,4891476,4891.476,
2026-04-20 11:00:01,,,,,4891476,0,4891476,4891.476,
2026-04-20 12:00:01,,,,,4891476,0,4891476,4891.476,
2026-04-20 13:00:01,,,,,4891476,0,4891476,4891.476,
2026-04-20 14:00:01,,,,,4891476,0,4891476,4891.476,
2026-04-20 15:00:01,,,,,4891476,0,4891476,4891.476,
2026-04-20 16:00:01,,,,,4891476,0,4891476,4891.476,
2026-04-20 17:00:01,,,,,4891476,0,4891476,4891.476,
2026-04-20 18:00:01,,,,,4891476,0,4891476,4891.476,
2026-04-20 19:00:01,,,,,4891476,0,4891476,4891.476,
2026-04-20 20:00:01,,,,,4891476,0,4891476,4891.476,
2026-04-20 21:00:01,,,,,4891478,2,4891478,4891.478,
2026-04-20 22:00:01,,,,,4891480,2,4891480,4891.48,
2026-04-20 23:00:01,,,,,4891480,0,4891480,4891.48,
2026-04-21 00:00:01,,,,,4891480,0,4891480,4891.48,
2026-04-21 01:00:01,,,,,4891480,0,4891480,4891.48,
2026-04-21 02:00:01,,,,,4891480,0,4891480,4891.48,
2026-04-21 03:00:01,,,,,4891480,0,4891480,4891.48,
2026-04-21 03:36:01,17.72,,,,4891480,0,4891480,4891.48,
2026-04-21 03:37:10,,3.63,,,,,,,-50
2026-04-21 04:00:01,,,,,4891480,0,4891480,4891.48,
2026-04-21 05:00:01,,,,,4891483,3,4891483,4891.483,
2026-04-21 06:00:01,,,,,4891486,3,4891486,4891.486,
2026-04-21 07:00:01,,,,,4891486,0,4891486,4891.486,
2026-04-21 08:00:01,,,,,4891486,0,4891486,4891.486,
2026-04-21 09:00:01,,,,,4891487,1,4891487,4891.487,
2026-04-21 10:00:01,,,,,4891488,1,4891488,4891.488,
2026-04-21 11:00:01,,,,,4891490,2,4891490,4891.49,
2026-04-21 12:00:01,,,,,4891491,1,4891491,4891.491,
2026-04-21 13:00:01,,,,,4891492,1,4891492,4891.492,
2026-04-21 14:00:01,,,,,4891493,1,4891493,4891.493,
2026-04-21 15:00:01,,,,,4891493,0,4891493,4891.493,
2026-04-21 16:00:01,,,,,4891493,0,4891493,4891.493,
2026-04-21 17:00:01,,,,,4891493,0,4891493,4891.493,
2026-04-21 18:00:01,,,,,4891493,0,4891493,4891.493,
2026-04-21 19:00:01,,,,,4891493,0,4891493,4891.493,
2026-04-21 20:00:01,,,,,4891493,0,4891493,4891.493,
2026-04-21 21:00:01,,,,,4891493,0,4891493,4891.493,
2026-04-21 22:00:01,,,,,4891493,0,4891493,4891.493,
2026-04-21 23:00:01,,,,,4891493,0,4891493,4891.493,
2026-04-22 00:00:01,,,,,4891493,0,4891493,4891.493,
2026-04-22 01:00:01,,,,,4891493,0,4891493,4891.493,
2026-04-22 02:00:01,,,,,4891493,0,4891493,4891.493,
2026-04-22 03:00:01,,,,,4891493,0,4891493,4891.493,
2026-04-22 03:36:01,19.03,,,,4891495,2,4891495,4891.495,
2026-04-22 03:37:07,,3.64,,,,,,,-50
2026-04-22 04:00:01,,,,,4891496,1,4891496,4891.496,
2026-04-22 05:00:01,,,,,4891497,1,4891497,4891.497,
2026-04-22 06:00:01,,,,,4891497,0,4891497,4891.497,
2026-04-22 07:00:01,,,,,4891497,0,4891497,4891.497,
2026-04-22 08:00:01,,,,,4891497,0,4891497,4891.497,
2026-04-22 09:00:01,,,,,4891497,0,4891497,4891.497,
2026-04-22 10:00:01,,,,,4891497,0,4891497,4891.497,
2026-04-22 11:00:01,,,,,4891497,0,4891497,4891.497,
2026-04-22 12:00:01,,,,,4891497,0,4891497,4891.497,
2026-04-22 13:00:01,,,,,4891497,0,4891497,4891.497,
2026-04-22 14:00:01,,,,,4891497,0,4891497,4891.497,
2026-04-22 15:00:01,,,,,4891497,0,4891497,4891.497,
2026-04-22 16:00:01,,,,,4891497,0,4891497,4891.497,
2026-04-22 17:00:01,,,,,4891497,0,4891497,4891.497,
2026-04-22 18:00:01,,,,,4891497,0,4891497,4891.497,
2026-04-22 19:00:01,,,,,4891497,0,4891497,4891.497,
2026-04-22 20:00:01,,,,,4891497,0,4891497,4891.497,
2026-04-22 21:00:01,,,,,4891497,0,4891497,4891.497,
2026-04-22 22:00:01,,,,,4891497,0,4891497,4891.497,
2026-04-22 23:00:01,,,,,4891497,0,4891497,4891.497,
2026-04-23 00:00:01,,,,,4891497,0,4891497,4891.497,
2026-04-23 01:00:01,,,,,4891497,0,4891497,4891.497,
2026-04-23 02:00:01,,,,,4891497,0,4891497,4891.497,
2026-04-23 03:00:01,,,,,4891497,0,4891497,4891.497,
2026-04-23 03:36:01,18.42,,,,4891498,1,4891498,4891.498,
2026-04-23 03:37:13,,3.64,,,,,,,-50
2026-04-23 04:00:01,,,,,4891499,1,4891499,4891.499,
2026-04-23 05:00:01,,,,,4891502,3,4891502,4891.502,
2026-04-23 06:00:01,,,,,4891503,1,4891503,4891.503,
2026-04-23 07:00:01,,,,,4891504,1,4891504,4891.504,
2026-04-23 08:00:01,,,,,4891506,2,4891506,4891.506,
2026-04-23 09:00:01,,,,,4891506,0,4891506,4891.506,
2026-04-23 10:00:01,,,,,4891506,0,4891506,4891.506,
2026-04-23 11:00:01,,,,,4891514,8,4891514,4891.514,
2026-04-23 12:00:01,,,,,4891514,0,4891514,4891.514,
2026-04-23 13:00:01,,,,,4891514,0,4891514,4891.514,
2026-04-23 14:00:01,,,,,4891514,0,4891514,4891.514,
2026-04-23 15:00:01,,,,,4891514,0,4891514,4891.514,
2026-04-23 16:00:01,,,,,4891514,0,4891514,4891.514,
2026-04-23 17:00:01,,,,,4891514,0,4891514,4891.514,
2026-04-23 18:00:01,,,,,4891514,0,4891514,4891.514,
2026-04-23 19:00:01,,,,,4891514,0,4891514,4891.514,
2026-04-23 20:00:01,,,,,4891514,0,4891514,4891.514,
2026-04-23 21:00:01,,,,,4891514,0,4891514,4891.514,
2026-04-23 22:00:01,,,,,4891514,0,4891514,4891.514,
2026-04-23 23:00:01,,,,,4891514,0,4891514,4891.514,
2026-04-24 00:00:01,,,,,4891514,0,4891514,4891.514,
2026-04-24 01:00:01,,,,,4891514,0,4891514,4891.514,
2026-04-24 02:00:01,,,,,4891514,0,4891514,4891.514,
2026-04-24 03:00:01,,,,,4891514,0,4891514,4891.514,
2026-04-24 03:36:01,18.58,,,,4891516,2,4891516,4891.516,
2026-04-24 03:37:18,,3.64,,,,,,,-49
2026-04-24 04:00:01,,,,,4891517,1,4891517,4891.517,
2026-04-24 05:00:01,,,,,4891520,3,4891520,4891.52,
2026-04-24 06:00:01,,,,,4891520,0,4891520,4891.52,
2026-04-24 07:00:01,,,,,4891520,0,4891520,4891.52,
2026-04-24 08:00:01,,,,,4891520,0,4891520,4891.52,
2026-04-24 09:00:01,,,,,4891520,0,4891520,4891.52,
2026-04-24 10:00:01,,,,,4891520,0,4891520,4891.52,
2026-04-24 11:00:01,,,,,4891520,0,4891520,4891.52,
2026-04-24 12:00:01,,,,,4891520,0,4891520,4891.52,
2026-04-24 13:00:01,,,,,4891520,0,4891520,4891.52,
2026-04-24 14:00:01,,,,,4891520,0,4891520,4891.52,
2026-04-24 15:00:01,,,,,4891520,0,4891520,4891.52,
2026-04-24 16:00:01,,,,,4891520,0,4891520,4891.52,
2026-04-24 17:00:01,,,,,4891520,0,4891520,4891.52,
2026-04-24 18:00:01,,,,,4891520,0,4891520,4891.52,
2026-04-24 19:00:01,,,,,4891520,0,4891520,4891.52,
2026-04-24 20:00:01,,,,,4891520,0,4891520,4891.52,
2026-04-24 21:00:01,,,,,4891520,0,4891520,4891.52,
2026-04-24 22:00:01,,,,,4891520,0,4891520,4891.52,
2026-04-24 23:00:01,,,,,4891520,0,4891520,4891.52,
2026-04-25 00:00:01,,,,,4891520,0,4891520,4891.52,
2026-04-25 01:00:01,,,,,4891520,0,4891520,4891.52,
2026-04-25 02:00:01,,,,,4891520,0,4891520,4891.52,
2026-04-25 03:00:01,,,,,4891520,0,4891520,4891.52,
2026-04-25 03:36:01,18.27,,,,4891520,0,4891520,4891.52,
2026-04-25 03:37:08,,3.63,,,,,,,-49
2026-04-25 04:00:01,,,,,4891520,0,4891520,4891.52,
2026-04-25 05:00:01,,,,,4891520,0,4891520,4891.52,
2026-04-25 06:00:01,,,,,4891520,0,4891520,4891.52,
2026-04-25 07:00:01,,,,,4891521,1,4891521,4891.521,
2026-04-25 08:00:01,,,,,4891521,0,4891521,4891.521,
2026-04-25 09:00:01,,,,,4891521,0,4891521,4891.521,
2026-04-25 10:00:01,,,,,4891521,0,4891521,4891.521,
2026-04-25 11:00:01,,,,,4891521,0,4891521,4891.521,
2026-04-25 12:00:01,,,,,4891521,0,4891521,4891.521,
2026-04-25 13:00:01,,,,,4891521,0,4891521,4891.521,
2026-04-25 14:00:01,,,,,4891521,0,4891521,4891.521,
2026-04-25 15:00:01,,,,,4891521,0,4891521,4891.521,
2026-04-25 16:00:01,,,,,4891521,0,4891521,4891.521,
2026-04-25 17:00:01,,,,,4891521,0,4891521,4891.521,
2026-04-25 18:00:01,,,,,4891521,0,4891521,4891.521,
2026-04-25 19:00:01,,,,,4891521,0,4891521,4891.521,
2026-04-25 20:00:01,,,,,4891521,0,4891521,4891.521,
2026-04-25 21:00:01,,,,,4891521,0,4891521,4891.521,
2026-04-25 22:00:01,,,,,4891521,0,4891521,4891.521,
2026-04-25 23:00:01,,,,,4891521,0,4891521,4891.521,
2026-04-26 00:00:01,,,,,4891521,0,4891521,4891.521,
2026-04-26 01:00:01,,,,,4891521,0,4891521,4891.521,
2026-04-26 02:00:01,,,,,4891521,0,4891521,4891.521,
2026-04-26 03:00:01,,,,,4891521,0,4891521,4891.521,
2026-04-26 03:36:01,18.82,,,,4891522,1,4891522,4891.522,
2026-04-26 03:37:23,,3.62,,,,,,,-50
2026-04-26 04:00:01,,,,,4891523,1,4891523,4891.523,
2026-04-26 05:00:01,,,,,4891526,3,4891526,4891.526,
2026-04-26 06:00:01,,,,,4891527,1,4891527,4891.527,
2026-04-26 07:00:01,,,,,4891529,2,4891529,4891.529,
2026-04-26 08:00:01,,,,,4891529,0,4891529,4891.529,
2026-04-26 09:00:01,,,,,4891529,0,4891529,4891.529,
2026-04-26 10:00:01,,,,,4891529,0,4891529,4891.529,
2026-04-26 11:00:01,,,,,4891529,0,4891529,4891.529,
2026-04-26 12:00:01,,,,,4891529,0,4891529,4891.529,
2026-04-26 13:00:01,,,,,4891529,0,4891529,4891.529,
2026-04-26 14:00:01,,,,,4891529,0,4891529,4891.529,
2026-04-26 15:00:01,,,,,4891529,0,4891529,4891.529,
2026-04-26 16:00:01,,,,,4891529,0,4891529,4891.529,
2026-04-26 17:00:01,,,,,4891529,0,4891529,4891.529,
2026-04-26 18:00:01,,,,,4891529,0,4891529,4891.529,
2026-04-26 19:00:01,,,,,4891529,0,4891529,4891.529,
2026-04-26 20:00:01,,,,,4891529,0,4891529,4891.529,
2026-04-26 21:00:01,,,,,4891529,0,4891529,4891.529,
2026-04-26 22:00:01,,,,,4891529,0,4891529,4891.529,
2026-04-26 23:00:01,,,,,4891529,0,4891529,4891.529,
2026-04-27 00:00:01,,,,,4891529,0,4891529,4891.529,
2026-04-27 01:00:01,,,,,4891529,0,4891529,4891.529,
2026-04-27 02:00:01,,,,,4891529,0,4891529,4891.529,
2026-04-27 03:00:01,,,,,4891529,0,4891529,4891.529,
2026-04-27 03:36:01,18.8,,,,4891533,4,4891533,4891.533,
2026-04-27 03:37:15,,3.63,,,,,,,-50
2026-04-27 04:00:01,,,,,4891534,1,4891534,4891.534,
2026-04-27 05:00:01,,,,,4891537,3,4891537,4891.537,
2026-04-27 06:00:01,,,,,4891537,0,4891537,4891.537,
2026-04-27 07:00:01,,,,,4891537,0,4891537,4891.537,
2026-04-27 08:00:01,,,,,4891537,0,4891537,4891.537,
2026-04-27 09:00:01,,,,,4891537,0,4891537,4891.537,
2026-04-27 10:00:01,,,,,4891537,0,4891537,4891.537,
2026-04-27 11:00:01,,,,,4891537,0,4891537,4891.537,
2026-04-27 12:00:01,,,,,4891537,0,4891537,4891.537,
2026-04-27 13:00:01,,,,,4891537,0,4891537,4891.537,
2026-04-27 14:00:01,,,,,4891537,0,4891537,4891.537,
2026-04-27 15:00:01,,,,,4891537,0,4891537,4891.537,
2026-04-27 16:00:01,,,,,4891537,0,4891537,4891.537,
2026-04-27 17:00:01,,,,,4891537,0,4891537,4891.537,
2026-04-27 18:00:01,,,,,4891537,0,4891537,4891.537,
2026-04-27 19:00:01,,,,,4891537,0,4891537,4891.537,
2026-04-27 20:00:01,,,,,4891537,0,4891537,4891.537,
2026-04-27 21:00:01,,,,,4891537,0,4891537,4891.537,
2026-04-27 22:00:01,,,,,4891537,0,4891537,4891.537,
2026-04-27 23:00:01,,,,,4891537,0,4891537,4891.537,
2026-04-28 00:00:01,,,,,4891537,0,4891537,4891.537,
2026-04-28 01:00:01,,,,,4891537,0,4891537,4891.537,
2026-04-28 02:00:01,,,,,4891537,0,4891537,4891.537,
2026-04-28 03:00:01,,,,,4891537,0,4891537,4891.537,
2026-04-28 03:36:01,19.22,,,,4891537,0,4891537,4891.537,
2026-04-28 03:37:18,,3.63,,,,,,,-50
2026-04-28 04:00:01,,,,,4891537,0,4891537,4891.537,
2026-04-28 05:00:01,,,,,4891537,0,4891537,4891.537,
2026-04-28 06:00:01,,,,,4891538,1,4891538,4891.538,
2026-04-28 07:00:01,,,,,4891539,1,4891539,4891.539,
2026-04-28 08:00:01,,,,,4891540,1,4891540,4891.54,
2026-04-28 09:00:01,,,,,4891540,0,4891540,4891.54,
2026-04-28 10:00:01,,,,,4891541,1,4891541,4891.541,
2026-04-28 11:00:01,,,,,4891543,2,4891543,4891.543,
2026-04-28 12:00:01,,,,,4891543,0,4891543,4891.543,
2026-04-28 13:00:01,,,,,4891543,0,4891543,4891.543,
2026-04-28 14:00:01,,,,,4891543,0,4891543,4891.543,
2026-04-28 15:00:01,,,,,4891543,0,4891543,4891.543,
2026-04-28 16:00:01,,,,,4891543,0,4891543,4891.543,
2026-04-28 17:00:01,,,,,4891543,0,4891543,4891.543,
2026-04-28 18:00:01,,,,,4891543,0,4891543,4891.543,
2026-04-28 19:00:01,,,,,4891543,0,4891543,4891.543,
2026-04-28 20:00:01,,,,,4891543,0,4891543,4891.543,
2026-04-28 21:00:01,,,,,4891547,4,4891547,4891.547,
2026-04-28 22:00:01,,,,,4891552,5,4891552,4891.552,
2026-04-28 23:00:01,,,,,4891552,0,4891552,4891.552,
2026-04-29 00:00:01,,,,,4891552,0,4891552,4891.552,
2026-04-29 01:00:01,,,,,4891552,0,4891552,4891.552,
2026-04-29 02:00:01,,,,,4891552,0,4891552,4891.552,
2026-04-29 03:00:01,,,,,4891552,0,4891552,4891.552,
2026-04-29 03:36:01,19.79,,,,4891552,0,4891552,4891.552,
2026-04-29 03:37:13,,3.63,,,,,,,-49
2026-04-29 04:00:01,,,,,4891552,0,4891552,4891.552,
2026-04-29 05:00:01,,,,,4891555,3,4891555,4891.555,
2026-04-29 06:00:01,,,,,4891557,2,4891557,4891.557,
2026-04-29 07:00:01,,,,,4891559,2,4891559,4891.559,
2026-04-29 08:00:01,,,,,4891559,0,4891559,4891.559,
2026-04-29 09:00:01,,,,,4891559,0,4891559,4891.559,
2026-04-29 10:00:01,,,,,4891559,0,4891559,4891.559,
2026-04-29 11:00:01,,,,,4891559,0,4891559,4891.559,
2026-04-29 12:00:01,,,,,4891559,0,4891559,4891.559,
2026-04-29 13:00:01,,,,,4891562,3,4891562,4891.562,
2026-04-29 14:00:01,,,,,4891562,0,4891562,4891.562,
2026-04-29 15:00:01,,,,,4891562,0,4891562,4891.562,
2026-04-29 16:00:01,,,,,4891562,0,4891562,4891.562,
2026-04-29 17:00:01,,,,,4891562,0,4891562,4891.562,
2026-04-29 18:00:01,,,,,4891562,0,4891562,4891.562,
2026-04-29 19:00:01,,,,,4891562,0,4891562,4891.562,
2026-04-29 20:00:01,,,,,4891562,0,4891562,4891.562,
2026-04-29 21:00:01,,,,,4891562,0,4891562,4891.562,
2026-04-29 22:00:01,,,,,4891562,0,4891562,4891.562,
2026-04-29 23:00:01,,,,,4891562,0,4891562,4891.562,
2026-04-30 00:00:01,,,,,4891562,0,4891562,4891.562,
2026-04-30 01:00:01,,,,,4891562,0,4891562,4891.562,
2026-04-30 02:00:01,,,,,4891562,0,4891562,4891.562,
2026-04-30 03:00:01,,,,,4891562,0,4891562,4891.562,
2026-04-30 03:36:01,19.24,,,,4891562,0,4891562,4891.562,
2026-04-30 03:37:10,,3.64,,,,,,,-49
2026-04-30 04:00:01,,,,,4891563,1,4891563,4891.563,
2026-04-30 05:00:01,,,,,4891566,3,4891566,4891.566,
2026-04-30 06:00:01,,,,,4891566,0,4891566,4891.566,
2026-04-30 07:00:01,,,,,4891566,0,4891566,4891.566,
2026-04-30 08:00:01,,,,,4891566,0,4891566,4891.566,
2026-04-30 09:00:01,,,,,4891566,0,4891566,4891.566,
2026-04-30 10:00:01,,,,,4891566,0,4891566,4891.566,
2026-04-30 11:00:01,,,,,4891566,0,4891566,4891.566,
2026-04-30 12:00:01,,,,,4891566,0,4891566,4891.566,
2026-04-30 13:00:01,,,,,4891566,0,4891566,4891.566,
2026-04-30 14:00:01,,,,,4891566,0,4891566,4891.566,
2026-04-30 15:00:01,,,,,4891566,0,4891566,4891.566,
2026-04-30 16:00:01,,,,,4891566,0,4891566,4891.566,
2026-04-30 17:00:01,,,,,4891566,0,4891566,4891.566,
2026-04-30 18:00:01,,,,,4891566,0,4891566,4891.566,
2026-04-30 19:00:01,,,,,4891566,0,4891566,4891.566,
2026-04-30 20:00:01,,,,,4891570,4,4891570,4891.57,
2026-04-30 21:00:01,,,,,4891572,2,4891572,4891.572,
2026-04-30 22:00:01,,,,,4891572,0,4891572,4891.572,
2026-04-30 23:00:01,,,,,4891572,0,4891572,4891.572,
2026-05-01 00:00:01,,,,,4891572,0,4891572,4891.572,
2026-05-01 01:00:01,,,,,4891572,0,4891572,4891.572,
2026-05-01 02:00:01,,,,,4891572,0,4891572,4891.572,
2026-05-01 03:00:01,,,,,4891572,0,4891572,4891.572,
2026-05-01 03:36:01,20.05,,,,4891572,0,4891572,4891.572,
2026-05-01 03:37:17,,3.63,,,,,,,-50
2026-05-01 04:00:01,,,,,4891572,0,4891572,4891.572,
2026-05-01 05:00:01,,,,,4891574,2,4891574,4891.574,
2026-05-01 06:00:01,,,,,4891578,4,4891578,4891.578,
2026-05-01 07:00:01,,,,,4891578,0,4891578,4891.578,
2026-05-01 08:00:01,,,,,4891578,0,4891578,4891.578,
2026-05-01 09:00:01,,,,,4891578,0,4891578,4891.578,
2026-05-01 10:00:01,,,,,4891578,0,4891578,4891.578,
2026-05-01 11:00:01,,,,,4891578,0,4891578,4891.578,
2026-05-01 12:00:01,,,,,4891578,0,4891578,4891.578,
2026-05-01 13:00:01,,,,,4891578,0,4891578,4891.578,
2026-05-01 14:00:01,,,,,4891578,0,4891578,4891.578,
2026-05-01 15:00:01,,,,,4891578,0,4891578,4891.578,
2026-05-01 16:00:01,,,,,4891578,0,4891578,4891.578,
2026-05-01 17:00:01,,,,,4891578,0,4891578,4891.578,
2026-05-01 18:00:01,,,,,4891578,0,4891578,4891.578,
2026-05-01 19:00:01,,,,,4891578,0,4891578,4891.578,
2026-05-01 20:00:01,,,,,4891578,0,4891578,4891.578,
2026-05-01 21:00:01,,,,,4891578,0,4891578,4891.578,
2026-05-01 22:00:01,,,,,4891578,0,4891578,4891.578,
2026-05-01 23:00:01,,,,,4891578,0,4891578,4891.578,
2026-05-02 00:00:01,,,,,4891578,0,4891578,4891.578,
2026-05-02 01:00:01,,,,,4891578,0,4891578,4891.578,
2026-05-02 02:00:01,,,,,4891578,0,4891578,4891.578,
2026-05-02 03:00:01,,,,,4891578,0,4891578,4891.578,
2026-05-02 03:36:01,19.67,,,,4891578,0,4891578,4891.578,
2026-05-02 03:37:08,,3.63,,,,,,,-50
2026-05-02 04:00:01,,,,,4891578,0,4891578,4891.578,
2026-05-02 05:00:01,,,,,4891580,2,4891580,4891.58,
2026-05-02 06:00:01,,,,,4891580,0,4891580,4891.58,
2026-05-02 07:00:01,,,,,4891580,0,4891580,4891.58,
2026-05-02 08:00:01,,,,,4891580,0,4891580,4891.58,
2026-05-02 09:00:01,,,,,4891580,0,4891580,4891.58,
2026-05-02 10:00:01,,,,,4891580,0,4891580,4891.58,
2026-05-02 11:00:01,,,,,4891580,0,4891580,4891.58,
2026-05-02 12:00:01,,,,,4891580,0,4891580,4891.58,
2026-05-02 13:00:01,,,,,4891580,0,4891580,4891.58,
2026-05-02 14:00:01,,,,,4891580,0,4891580,4891.58,
2026-05-02 15:00:01,,,,,4891580,0,4891580,4891.58,
2026-05-02 16:00:01,,,,,4891580,0,4891580,4891.58,
2026-05-02 17:00:01,,,,,4891580,0,4891580,4891.58,
2026-05-02 18:00:01,,,,,4891580,0,4891580,4891.58,
2026-05-02 19:00:01,,,,,4891580,0,4891580,4891.58,
2026-05-02 20:00:01,,,,,4891580,0,4891580,4891.58,
2026-05-02 21:00:01,,,,,4891580,0,4891580,4891.58,
2026-05-02 22:00:01,,,,,4891580,0,4891580,4891.58,
2026-05-02 23:00:01,,,,,4891580,0,4891580,4891.58,
2026-05-03 00:00:01,,,,,4891580,0,4891580,4891.58,
2026-05-03 01:00:01,,,,,4891580,0,4891580,4891.58,
2026-05-03 02:00:01,,,,,4891580,0,4891580,4891.58,
2026-05-03 03:00:01,,,,,4891580,0,4891580,4891.58,
2026-05-03 03:36:01,20.17,,,,4891580,0,4891580,4891.58,
2026-05-03 03:37:18,,3.63,,,,,,,-50
2026-05-03 04:00:01,,,,,4891580,0,4891580,4891.58,
2026-05-03 05:00:01,,,,,4891580,0,4891580,4891.58,
2026-05-03 06:00:01,,,,,4891580,0,4891580,4891.58,
2026-05-03 07:00:01,,,,,4891580,0,4891580,4891.58,
2026-05-03 08:00:01,,,,,4891580,0,4891580,4891.58,
2026-05-03 09:00:01,,,,,4891580,0,4891580,4891.58,
2026-05-03 10:00:01,,,,,4891580,0,4891580,4891.58,
2026-05-03 11:00:01,,,,,4891580,0,4891580,4891.58,
2026-05-03 12:00:01,,,,,4891580,0,4891580,4891.58,
2026-05-03 13:00:01,,,,,4891580,0,4891580,4891.58,
2026-05-03 14:00:01,,,,,4891580,0,4891580,4891.58,
2026-05-03 15:00:01,,,,,4891580,0,4891580,4891.58,
2026-05-03 16:00:01,,,,,4891580,0,4891580,4891.58,
2026-05-03 17:00:01,,,,,4891580,0,4891580,4891.58,
2026-05-03 18:00:01,,,,,4891580,0,4891580,4891.58,
2026-05-03 19:00:01,,,,,4891580,0,4891580,4891.58,
2026-05-03 20:00:01,,,,,4891580,0,4891580,4891.58,
2026-05-03 21:00:01,,,,,4891580,0,4891580,4891.58,
2026-05-03 22:00:01,,,,,4891580,0,4891580,4891.58,
2026-05-03 23:00:01,,,,,4891580,0,4891580,4891.58,
2026-05-04 00:00:01,,,,,4891580,0,4891580,4891.58,
2026-05-04 01:00:01,,,,,4891580,0,4891580,4891.58,
2026-05-04 02:00:01,,,,,4891580,0,4891580,4891.58,
2026-05-04 03:00:01,,,,,4891580,0,4891580,4891.58,
2026-05-04 03:36:01,20.37,,,,4891580,0,4891580,4891.58,
2026-05-04 03:37:11,,3.65,,,,,,,-50
2026-05-04 04:00:01,,,,,4891580,0,4891580,4891.58,
2026-05-04 05:00:01,,,,,4891580,0,4891580,4891.58,
2026-05-04 06:00:01,,,,,4891580,0,4891580,4891.58,
2026-05-04 07:00:01,,,,,4891580,0,4891580,4891.58,
2026-05-04 08:00:01,,,,,4891580,0,4891580,4891.58,
2026-05-04 09:00:01,,,,,4891580,0,4891580,4891.58,
2026-05-04 10:00:01,,,,,4891580,0,4891580,4891.58,
2026-05-04 11:00:01,,,,,4891580,0,4891580,4891.58,
2026-05-04 12:00:01,,,,,4891580,0,4891580,4891.58,
2026-05-04 13:00:01,,,,,4891580,0,4891580,4891.58,
2026-05-04 14:00:01,,,,,4891580,0,4891580,4891.58,
2026-05-04 15:00:01,,,,,4891580,0,4891580,4891.58,
2026-05-04 16:00:01,,,,,4891580,0,4891580,4891.58,
2026-05-04 17:00:01,,,,,4891580,0,4891580,4891.58,
2026-05-04 18:00:01,,,,,4891580,0,4891580,4891.58,
2026-05-04 19:00:01,,,,,4891580,0,4891580,4891.58,
2026-05-04 20:00:01,,,,,4891580,0,4891580,4891.58,
2026-05-04 21:00:01,,,,,4891580,0,4891580,4891.58,
2026-05-04 22:00:01,,,,,4891580,0,4891580,4891.58,
2026-05-04 23:00:01,,,,,4891580,0,4891580,4891.58,
2026-05-05 00:00:01,,,,,4891580,0,4891580,4891.58,
2026-05-05 01:00:01,,,,,4891580,0,4891580,4891.58,
2026-05-05 02:00:01,,,,,4891580,0,4891580,4891.58,
2026-05-05 03:00:01,,,,,4891580,0,4891580,4891.58,
2026-05-05 03:36:01,17.8,,,,4891580,0,4891580,4891.58,
2026-05-05 03:37:15,,3.64,,,,,,,-52
2026-05-05 04:00:01,,,,,4891580,0,4891580,4891.58,
2026-05-05 05:00:01,,,,,4891580,0,4891580,4891.58,
2026-05-05 06:00:01,,,,,4891580,0,4891580,4891.58,
2026-05-05 07:00:01,,,,,4891580,0,4891580,4891.58,
2026-05-05 08:00:01,,,,,4891580,0,4891580,4891.58,
2026-05-05 09:00:01,,,,,4891580,0,4891580,4891.58,
2026-05-05 10:00:01,,,,,4891580,0,4891580,4891.58,
2026-05-05 11:00:01,,,,,4891580,0,4891580,4891.58,
2026-05-05 12:00:01,,,,,4891580,0,4891580,4891.58,
2026-05-05 13:00:01,,,,,4891580,0,4891580,4891.58,
2026-05-05 14:00:01,,,,,4891580,0,4891580,4891.58,
2026-05-05 15:00:01,,,,,4891580,0,4891580,4891.58,
2026-05-05 16:00:01,,,,,4891580,0,4891580,4891.58,
2026-05-05 17:00:01,,,,,4891580,0,4891580,4891.58,
2026-05-05 18:00:01,,,,,4891580,0,4891580,4891.58,
2026-05-05 19:00:01,,,,,4891580,0,4891580,4891.58,
2026-05-05 20:00:01,,,,,4891580,0,4891580,4891.58,
2026-05-05 21:00:01,,,,,4891580,0,4891580,4891.58,
2026-05-05 22:00:01,,,,,4891580,0,4891580,4891.58,
2026-05-05 23:00:01,,,,,4891580,0,4891580,4891.58,
2026-05-06 00:00:01,,,,,4891580,0,4891580,4891.58,
2026-05-06 01:00:01,,,,,4891580,0,4891580,4891.58,
2026-05-06 02:00:01,,,,,4891580,0,4891580,4891.58,
2026-05-06 03:00:01,,,,,4891580,0,4891580,4891.58,
2026-05-06 03:36:01,15.84,,,,4891580,0,4891580,4891.58,
2026-05-06 03:37:24,,3.63,,,,,,,-51
2026-05-06 04:00:01,,,,,4891580,0,4891580,4891.58,
2026-05-06 05:00:01,,,,,4891580,0,4891580,4891.58,
2026-05-06 06:00:01,,,,,4891580,0,4891580,4891.58,
2026-05-06 07:00:01,,,,,4891580,0,4891580,4891.58,
2026-05-06 08:00:01,,,,,4891580,0,4891580,4891.58,
2026-05-06 09:00:01,,,,,4891580,0,4891580,4891.58,
2026-05-06 10:00:01,,,,,4891580,0,4891580,4891.58,
2026-05-06 11:00:01,,,,,4891580,0,4891580,4891.58,
2026-05-06 12:00:01,,,,,4891580,0,4891580,4891.58,
2026-05-06 13:00:01,,,,,4891580,0,4891580,4891.58,
2026-05-06 14:00:01,,,,,4891580,0,4891580,4891.58,
2026-05-06 15:00:01,,,,,4891580,0,4891580,4891.58,
2026-05-06 16:00:01,,,,,4891580,0,4891580,4891.58,
2026-05-06 17:00:01,,,,,4891580,0,4891580,4891.58,
2026-05-06 18:00:01,,,,,4891580,0,4891580,4891.58,
2026-05-06 19:00:01,,,,,4891580,0,4891580,4891.58,
2026-05-06 20:00:01,,,,,4891580,0,4891580,4891.58,
2026-05-06 21:00:01,,,,,4891580,0,4891580,4891.58,
2026-05-06 22:00:01,,,,,4891580,0,4891580,4891.58,
2026-05-06 23:00:01,,,,,4891580,0,4891580,4891.58,
2026-05-07 00:00:01,,,,,4891580,0,4891580,4891.58,
2026-05-07 01:00:01,,,,,4891580,0,4891580,4891.58,
2026-05-07 02:00:01,,,,,4891580,0,4891580,4891.58,
2026-05-07 03:00:01,,,,,4891580,0,4891580,4891.58,
2026-05-07 03:36:01,15.78,,,,4891580,0,4891580,4891.58,
2026-05-07 03:37:08,,3.63,,,,,,,-51
2026-05-07 04:00:01,,,,,4891580,0,4891580,4891.58,
2026-05-07 05:00:01,,,,,4891580,0,4891580,4891.58,
2026-05-07 06:00:01,,,,,4891580,0,4891580,4891.58,
2026-05-07 07:00:01,,,,,4891580,0,4891580,4891.58,
2026-05-07 08:00:01,,,,,4891580,0,4891580,4891.58,
2026-05-07 09:00:01,,,,,4891580,0,4891580,4891.58,
2026-05-07 10:00:01,,,,,4891580,0,4891580,4891.58,
2026-05-07 11:00:01,,,,,4891580,0,4891580,4891.58,
2026-05-07 12:00:01,,,,,4891580,0,4891580,4891.58,
2026-05-07 13:00:01,,,,,4891580,0,4891580,4891.58,
2026-05-07 14:00:01,,,,,4891580,0,4891580,4891.58,
2026-05-07 15:00:01,,,,,4891580,0,4891580,4891.58,
2026-05-07 16:00:01,,,,,4891580,0,4891580,4891.58,
2026-05-07 17:00:01,,,,,4891580,0,4891580,4891.58,
2026-05-07 18:00:01,,,,,4891580,0,4891580,4891.58,
2026-05-07 19:00:01,,,,,4891580,0,4891580,4891.58,
2026-05-07 20:00:01,,,,,4891580,0,4891580,4891.58,
2026-05-07 21:00:01,,,,,4891580,0,4891580,4891.58,
2026-05-07 22:00:01,,,,,4891580,0,4891580,4891.58,
2026-05-07 23:00:01,,,,,4891580,0,4891580,4891.58,
2026-05-08 00:00:01,,,,,4891580,0,4891580,4891.58,
2026-05-08 01:00:01,,,,,4891580,0,4891580,4891.58,
2026-05-08 02:00:01,,,,,4891580,0,4891580,4891.58,
2026-05-08 03:00:01,,,,,4891580,0,4891580,4891.58,
2026-05-08 03:36:01,13.36,,,,4891580,0,4891580,4891.58,
2026-05-08 03:37:16,,3.63,,,,,,,-51
2026-05-08 04:00:01,,,,,4891580,0,4891580,4891.58,
2026-05-08 05:00:01,,,,,4891580,0,4891580,4891.58,
2026-05-08 06:00:01,,,,,4891580,0,4891580,4891.58,
2026-05-08 07:00:01,,,,,4891580,0,4891580,4891.58,
2026-05-08 08:00:01,,,,,4891580,0,4891580,4891.58,
2026-05-08 09:00:01,,,,,4891580,0,4891580,4891.58,
2026-05-08 10:00:01,,,,,4891580,0,4891580,4891.58,
2026-05-08 11:00:01,,,,,4891580,0,4891580,4891.58,
2026-05-08 12:00:01,,,,,4891580,0,4891580,4891.58,
2026-05-08 13:00:01,,,,,4891580,0,4891580,4891.58,
2026-05-08 14:00:01,,,,,4891580,0,4891580,4891.58,
2026-05-08 15:00:01,,,,,4891580,0,4891580,4891.58,
2026-05-08 16:00:01,,,,,4891580,0,4891580,4891.58,
2026-05-08 17:00:01,,,,,4891580,0,4891580,4891.58,
2026-05-08 18:00:01,,,,,4891580,0,4891580,4891.58,
2026-05-08 19:00:01,,,,,4891580,0,4891580,4891.58,
2026-05-08 20:00:01,,,,,4891580,0,4891580,4891.58,
2026-05-08 21:00:01,,,,,4891580,0,4891580,4891.58,
2026-05-08 22:00:01,,,,,4891580,0,4891580,4891.58,
2026-05-08 23:00:01,,,,,4891580,0,4891580,4891.58,
2026-05-09 00:00:01,,,,,4891580,0,4891580,4891.58,
2026-05-09 01:00:01,,,,,4891580,0,4891580,4891.58,
2026-05-09 02:00:01,,,,,4891580,0,4891580,4891.58,
2026-05-09 03:00:01,,,,,4891580,0,4891580,4891.58,
2026-05-09 03:36:01,14.8,,,,4891580,0,4891580,4891.58,
2026-05-09 03:37:08,,3.64,,,,,,,-50
2026-05-09 04:00:01,,,,,4891580,0,4891580,4891.58,
2026-05-09 05:00:01,,,,,4891580,0,4891580,4891.58,
2026-05-09 06:00:01,,,,,4891580,0,4891580,4891.58,
2026-05-09 07:00:01,,,,,4891580,0,4891580,4891.58,
2026-05-09 08:00:01,,,,,4891580,0,4891580,4891.58,
2026-05-09 09:00:01,,,,,4891580,0,4891580,4891.58,
2026-05-09 10:00:01,,,,,4891580,0,4891580,4891.58,
2026-05-09 11:00:01,,,,,4891580,0,4891580,4891.58,
2026-05-09 12:00:01,,,,,4891580,0,4891580,4891.58,
2026-05-09 13:00:01,,,,,4891580,0,4891580,4891.58,
2026-05-09 14:00:01,,,,,4891580,0,4891580,4891.58,
2026-05-09 15:00:01,,,,,4891580,0,4891580,4891.58,
2026-05-09 16:00:01,,,,,4891580,0,4891580,4891.58,
2026-05-09 17:00:01,,,,,4891580,0,4891580,4891.58,
2026-05-09 18:00:01,,,,,4891580,0,4891580,4891.58,
2026-05-09 19:00:01,,,,,4891580,0,4891580,4891.58,
2026-05-09 20:00:01,,,,,4891580,0,4891580,4891.58,
2026-05-09 21:00:01,,,,,4891580,0,4891580,4891.58,
2026-05-09 22:00:01,,,,,4891580,0,4891580,4891.58,
2026-05-09 23:00:01,,,,,4891580,0,4891580,4891.58,
2026-05-10 00:00:01,,,,,4891580,0,4891580,4891.58,
2026-05-10 01:00:01,,,,,4891580,0,4891580,4891.58,
2026-05-10 02:00:01,,,,,4891580,0,4891580,4891.58,
2026-05-10 03:00:01,,,,,4891580,0,4891580,4891.58,
2026-05-10 03:36:01,14.44,,,,4891580,0,4891580,4891.58,
2026-05-10 03:37:18,,3.63,,,,,,,-50
2026-05-10 04:00:01,,,,,4891581,1,4891581,4891.581,
2026-05-10 05:00:01,,,,,4891581,0,4891581,4891.581,
2026-05-10 06:00:01,,,,,4891581,0,4891581,4891.581,
2026-05-10 07:00:01,,,,,4891581,0,4891581,4891.581,
2026-05-10 08:00:01,,,,,4891581,0,4891581,4891.581,
2026-05-10 09:00:01,,,,,4891581,0,4891581,4891.581,
2026-05-10 10:00:01,,,,,4891581,0,4891581,4891.581,
2026-05-10 11:00:01,,,,,4891581,0,4891581,4891.581,
2026-05-10 12:00:01,,,,,4891581,0,4891581,4891.581,
2026-05-10 13:00:01,,,,,4891581,0,4891581,4891.581,
2026-05-10 14:00:01,,,,,4891581,0,4891581,4891.581,
2026-05-10 15:00:01,,,,,4891581,0,4891581,4891.581,
2026-05-10 16:00:01,,,,,4891581,0,4891581,4891.581,
2026-05-10 17:00:01,,,,,4891581,0,4891581,4891.581,
2026-05-10 18:00:01,,,,,4891581,0,4891581,4891.581,
2026-05-10 19:00:01,,,,,4891581,0,4891581,4891.581,
2026-05-10 20:00:01,,,,,4891581,0,4891581,4891.581,
2026-05-10 21:00:01,,,,,4891581,0,4891581,4891.581,
2026-05-10 22:00:01,,,,,4891581,0,4891581,4891.581,
2026-05-10 23:00:01,,,,,4891581,0,4891581,4891.581,
2026-05-11 00:00:01,,,,,4891581,0,4891581,4891.581,
2026-05-11 01:00:01,,,,,4891581,0,4891581,4891.581,
2026-05-11 02:00:01,,,,,4891581,0,4891581,4891.581,
2026-05-11 03:00:01,,,,,4891581,0,4891581,4891.581,
2026-05-11 03:36:01,16.18,,,,4891581,0,4891581,4891.581,
2026-05-11 03:37:09,,3.65,,,,,,,-51
2026-05-11 04:00:01,,,,,4891581,0,4891581,4891.581,
2026-05-11 05:00:01,,,,,4891581,0,4891581,4891.581,
2026-05-11 06:00:01,,,,,4891581,0,4891581,4891.581,
2026-05-11 07:00:01,,,,,4891581,0,4891581,4891.581,
2026-05-11 08:00:01,,,,,4891581,0,4891581,4891.581,
2026-05-11 09:00:01,,,,,4891581,0,4891581,4891.581,
2026-05-11 10:00:01,,,,,4891581,0,4891581,4891.581,
2026-05-11 11:00:01,,,,,4891581,0,4891581,4891.581,
2026-05-11 12:00:01,,,,,4891581,0,4891581,4891.581,
2026-05-11 13:00:01,,,,,4891581,0,4891581,4891.581,
2026-05-11 14:00:01,,,,,4891581,0,4891581,4891.581,
2026-05-11 15:00:01,,,,,4891581,0,4891581,4891.581,
2026-05-11 16:00:01,,,,,4891581,0,4891581,4891.581,
2026-05-11 17:00:01,,,,,4891581,0,4891581,4891.581,
2026-05-11 18:00:01,,,,,4891581,0,4891581,4891.581,
2026-05-11 19:00:01,,,,,4891581,0,4891581,4891.581,
2026-05-11 20:00:01,,,,,4891581,0,4891581,4891.581,
2026-05-11 21:00:01,,,,,4891581,0,4891581,4891.581,
2026-05-11 22:00:01,,,,,4891581,0,4891581,4891.581,
2026-05-11 23:00:01,,,,,4891581,0,4891581,4891.581,
2026-05-12 00:00:01,,,,,4891581,0,4891581,4891.581,
2026-05-12 01:00:01,,,,,4891581,0,4891581,4891.581,
2026-05-12 02:00:01,,,,,4891581,0,4891581,4891.581,
2026-05-12 03:00:01,,,,,4891581,0,4891581,4891.581,
2026-05-12 03:36:01,15.82,,,,4891581,0,4891581,4891.581,
2026-05-12 03:37:24,,3.63,,,,,,,-51
2026-05-12 04:00:01,,,,,4891581,0,4891581,4891.581,
2026-05-12 05:00:01,,,,,4891581,0,4891581,4891.581,
2026-05-12 06:00:01,,,,,4891581,0,4891581,4891.581,
2026-05-12 07:00:01,,,,,4891581,0,4891581,4891.581,
2026-05-12 08:00:01,,,,,4891581,0,4891581,4891.581,
2026-05-12 09:00:01,,,,,4891581,0,4891581,4891.581,
2026-05-12 10:00:01,,,,,4891581,0,4891581,4891.581,
2026-05-12 11:00:01,,,,,4891581,0,4891581,4891.581,
2026-05-12 12:00:01,,,,,4891581,0,4891581,4891.581,
2026-05-12 13:00:01,,,,,4891581,0,4891581,4891.581,
2026-05-12 14:00:01,,,,,4891581,0,4891581,4891.581,
2026-05-12 15:00:01,,,,,4891581,0,4891581,4891.581,
2026-05-12 16:00:01,,,,,4891581,0,4891581,4891.581,
2026-05-12 17:00:01,,,,,4891581,0,4891581,4891.581,
2026-05-12 18:00:01,,,,,4891581,0,4891581,4891.581,
2026-05-12 19:00:01,,,,,4891581,0,4891581,4891.581,
2026-05-12 20:00:01,,,,,4891582,1,4891582,4891.582,
2026-05-12 21:00:01,,,,,4891582,0,4891582,4891.582,
2026-05-12 22:00:01,,,,,4891582,0,4891582,4891.582,
2026-05-12 23:00:01,,,,,4891582,0,4891582,4891.582,
2026-05-13 00:00:01,,,,,4891582,0,4891582,4891.582,
2026-05-13 01:00:01,,,,,4891582,0,4891582,4891.582,
2026-05-13 02:00:01,,,,,4891582,0,4891582,4891.582,
2026-05-13 03:00:01,,,,,4891582,0,4891582,4891.582,
2026-05-13 03:36:01,16.6,,,,4891582,0,4891582,4891.582,
2026-05-13 03:37:13,,3.63,,,,,,,-50
2026-05-13 04:00:01,,,,,4891582,0,4891582,4891.582,
2026-05-13 05:00:01,,,,,4891582,0,4891582,4891.582,
2026-05-13 06:00:01,,,,,4891582,0,4891582,4891.582,
2026-05-13 07:00:01,,,,,4891582,0,4891582,4891.582,
2026-05-13 08:00:01,,,,,4891582,0,4891582,4891.582,
2026-05-13 09:00:01,,,,,4891582,0,4891582,4891.582,
2026-05-13 10:00:01,,,,,4891582,0,4891582,4891.582,
2026-05-13 11:00:01,,,,,4891582,0,4891582,4891.582,
2026-05-13 12:00:01,,,,,4891582,0,4891582,4891.582,
2026-05-13 13:00:01,,,,,4891582,0,4891582,4891.582,
2026-05-13 14:00:01,,,,,4891582,0,4891582,4891.582,
2026-05-13 15:00:01,,,,,4891582,0,4891582,4891.582,
2026-05-13 16:00:01,,,,,4891582,0,4891582,4891.582,
2026-05-13 17:00:01,,,,,4891582,0,4891582,4891.582,
2026-05-13 18:00:01,,,,,4891582,0,4891582,4891.582,
2026-05-13 19:00:01,,,,,4891582,0,4891582,4891.582,
2026-05-13 20:00:01,,,,,4891582,0,4891582,4891.582,
2026-05-13 21:00:01,,,,,4891582,0,4891582,4891.582,
2026-05-13 22:00:01,,,,,4891582,0,4891582,4891.582,
2026-05-13 23:00:01,,,,,4891582,0,4891582,4891.582,
2026-05-14 00:00:01,,,,,4891582,0,4891582,4891.582,
2026-05-14 01:00:01,,,,,4891582,0,4891582,4891.582,
2026-05-14 02:00:01,,,,,4891582,0,4891582,4891.582,
2026-05-14 03:00:01,,,,,4891582,0,4891582,4891.582,
2026-05-14 03:36:01,17.02,,,,4891582,0,4891582,4891.582,
2026-05-14 03:37:23,,3.63,,,,,,,-50
2026-05-14 04:00:01,,,,,4891583,1,4891583,4891.583,
2026-05-14 05:00:01,,,,,4891583,0,4891583,4891.583,
2026-05-14 06:00:01,,,,,4891583,0,4891583,4891.583,
2026-05-14 07:00:01,,,,,4891583,0,4891583,4891.583,
2026-05-14 08:00:01,,,,,4891583,0,4891583,4891.583,
2026-05-14 09:00:01,,,,,4891583,0,4891583,4891.583,
2026-05-14 10:00:01,,,,,4891583,0,4891583,4891.583,
2026-05-14 11:00:01,,,,,4891583,0,4891583,4891.583,
2026-05-14 12:00:01,,,,,4891583,0,4891583,4891.583,
2026-05-14 13:00:01,,,,,4891583,0,4891583,4891.583,
2026-05-14 14:00:01,,,,,4891583,0,4891583,4891.583,
2026-05-14 15:00:01,,,,,4891583,0,4891583,4891.583,
2026-05-14 16:00:01,,,,,4891583,0,4891583,4891.583,
2026-05-14 17:00:01,,,,,4891583,0,4891583,4891.583,
2026-05-14 18:00:01,,,,,4891583,0,4891583,4891.583,
2026-05-14 19:00:01,,,,,4891583,0,4891583,4891.583,
2026-05-14 20:00:01,,,,,4891583,0,4891583,4891.583,
2026-05-14 21:00:01,,,,,4891583,0,4891583,4891.583,
2026-05-14 22:00:01,,,,,4891583,0,4891583,4891.583,
2026-05-14 23:00:01,,,,,4891583,0,4891583,4891.583,
2026-05-15 00:00:01,,,,,4891583,0,4891583,4891.583,
2026-05-15 01:00:01,,,,,4891583,0,4891583,4891.583,
2026-05-15 02:00:01,,,,,4891583,0,4891583,4891.583,
2026-05-15 03:00:01,,,,,4891583,0,4891583,4891.583,
2026-05-15 03:36:01,16.9,,,,4891583,0,4891583,4891.583,
2026-05-15 03:37:08,,3.63,,,,,,,-50
2026-05-15 04:00:01,,,,,4891583,0,4891583,4891.583,
2026-05-15 05:00:01,,,,,4891583,0,4891583,4891.583,
2026-05-15 06:00:01,,,,,4891583,0,4891583,4891.583,
2026-05-15 07:00:01,,,,,4891583,0,4891583,4891.583,
2026-05-15 08:00:01,,,,,4891583,0,4891583,4891.583,
2026-05-15 09:00:01,,,,,4891583,0,4891583,4891.583,
2026-05-15 10:00:01,,,,,4891583,0,4891583,4891.583,
2026-05-15 11:00:01,,,,,4891583,0,4891583,4891.583,
2026-05-15 12:00:01,,,,,4891583,0,4891583,4891.583,
2026-05-15 13:00:01,,,,,4891583,0,4891583,4891.583,
2026-05-15 14:00:01,,,,,4891583,0,4891583,4891.583,
2026-05-15 15:00:01,,,,,4891583,0,4891583,4891.583,
2026-05-15 16:00:01,,,,,4891583,0,4891583,4891.583,
2026-05-15 17:00:01,,,,,4891583,0,4891583,4891.583,
2026-05-15 18:00:01,,,,,4891583,0,4891583,4891.583,
2026-05-15 19:00:01,,,,,4891583,0,4891583,4891.583,
2026-05-15 20:00:01,,,,,4891583,0,4891583,4891.583,
2026-05-15 21:00:01,,,,,4891583,0,4891583,4891.583,
2026-05-15 22:00:01,,,,,4891583,0,4891583,4891.583,
2026-05-15 23:00:01,,,,,4891583,0,4891583,4891.583,
2026-05-16 00:00:01,,,,,4891583,0,4891583,4891.583,
2026-05-16 01:00:01,,,,,4891583,0,4891583,4891.583,
2026-05-16 02:00:01,,,,,4891583,0,4891583,4891.583,
2026-05-16 03:00:01,,,,,4891583,0,4891583,4891.583,
2026-05-16 03:36:01,16.13,,,,4891583,0,4891583,4891.583,
2026-05-16 03:37:22,,3.63,,,,,,,-50
2026-05-16 04:00:01,,,,,4891583,0,4891583,4891.583,
2026-05-16 05:00:01,,,,,4891583,0,4891583,4891.583,
2026-05-16 06:00:01,,,,,4891583,0,4891583,4891.583,
2026-05-16 07:00:01,,,,,4891583,0,4891583,4891.583,
2026-05-16 08:00:01,,,,,4891583,0,4891583,4891.583,
2026-05-16 09:00:01,,,,,4891583,0,4891583,4891.583,
2026-05-16 10:00:01,,,,,4891583,0,4891583,4891.583,
2026-05-16 11:00:01,,,,,4891583,0,4891583,4891.583,
2026-05-16 12:00:01,,,,,4891583,0,4891583,4891.583,
2026-05-16 13:00:01,,,,,4891583,0,4891583,4891.583,
2026-05-16 14:00:01,,,,,4891583,0,4891583,4891.583,
2026-05-16 15:00:01,,,,,4891583,0,4891583,4891.583,
2026-05-16 16:00:01,,,,,4891583,0,4891583,4891.583,
2026-05-16 17:00:01,,,,,4891583,0,4891583,4891.583,
2026-05-16 18:00:01,,,,,4891583,0,4891583,4891.583,
2026-05-16 19:00:01,,,,,4891583,0,4891583,4891.583,
2026-05-16 20:00:01,,,,,4891583,0,4891583,4891.583,
2026-05-16 21:00:01,,,,,4891583,0,4891583,4891.583,
2026-05-16 22:00:01,,,,,4891583,0,4891583,4891.583,
2026-05-16 23:00:01,,,,,4891583,0,4891583,4891.583,
2026-05-17 00:00:01,,,,,4891583,0,4891583,4891.583,
2026-05-17 01:00:01,,,,,4891583,0,4891583,4891.583,
2026-05-17 02:00:01,,,,,4891583,0,4891583,4891.583,
2026-05-17 03:00:01,,,,,4891583,0,4891583,4891.583,
2026-05-17 03:36:01,16.55,,,,4891583,0,4891583,4891.583,
2026-05-17 03:37:07,,3.62,,,,,,,-50
2026-05-17 04:00:01,,,,,4891583,0,4891583,4891.583,
2026-05-17 05:00:01,,,,,4891583,0,4891583,4891.583,
2026-05-17 06:00:01,,,,,4891583,0,4891583,4891.583,
2026-05-17 07:00:01,,,,,4891583,0,4891583,4891.583,
2026-05-17 08:00:01,,,,,4891583,0,4891583,4891.583,
2026-05-17 09:00:01,,,,,4891583,0,4891583,4891.583,
2026-05-17 10:00:01,,,,,4891583,0,4891583,4891.583,
2026-05-17 11:00:01,,,,,4891583,0,4891583,4891.583,
2026-05-17 12:00:01,,,,,4891583,0,4891583,4891.583,
2026-05-17 13:00:01,,,,,4891583,0,4891583,4891.583,
2026-05-17 14:00:01,,,,,4891583,0,4891583,4891.583,
2026-05-17 15:00:01,,,,,4891583,0,4891583,4891.583,
2026-05-17 16:00:01,,,,,4891583,0,4891583,4891.583,
2026-05-17 17:00:01,,,,,4891583,0,4891583,4891.583,
2026-05-17 18:00:01,,,,,4891583,0,4891583,4891.583,
2026-05-17 19:00:01,,,,,4891583,0,4891583,4891.583,
2026-05-17 20:00:01,,,,,4891583,0,4891583,4891.583,
2026-05-17 21:00:01,,,,,4891583,0,4891583,4891.583,
2026-05-17 22:00:01,,,,,4891583,0,4891583,4891.583,
2026-05-17 23:00:01,,,,,4891583,0,4891583,4891.583,
2026-05-18 00:00:01,,,,,4891583,0,4891583,4891.583,
2026-05-18 01:00:01,,,,,4891583,0,4891583,4891.583,
2026-05-18 02:00:01,,,,,4891583,0,4891583,4891.583,
2026-05-18 03:00:01,,,,,4891583,0,4891583,4891.583,
2026-05-18 03:36:01,16.52,,,,4891583,0,4891583,4891.583,
2026-05-18 03:37:23,,3.64,,,,,,,-50
2026-05-18 04:00:01,,,,,4891583,0,4891583,4891.583,
2026-05-18 05:00:01,,,,,4891583,0,4891583,4891.583,
2026-05-18 06:00:01,,,,,4891583,0,4891583,4891.583,
2026-05-18 07:00:01,,,,,4891583,0,4891583,4891.583,
2026-05-18 08:00:01,,,,,4891583,0,4891583,4891.583,
2026-05-18 09:00:01,,,,,4891583,0,4891583,4891.583,
2026-05-18 10:00:01,,,,,4891583,0,4891583,4891.583,
2026-05-18 11:00:01,,,,,4891583,0,4891583,4891.583,
2026-05-18 12:00:01,,,,,4891583,0,4891583,4891.583,
2026-05-18 13:00:01,,,,,4891583,0,4891583,4891.583,
2026-05-18 14:00:01,,,,,4891583,0,4891583,4891.583,
2026-05-18 15:00:01,,,,,4891583,0,4891583,4891.583,
2026-05-18 16:00:01,,,,,4891583,0,4891583,4891.583,
2026-05-18 17:00:01,,,,,4891583,0,4891583,4891.583,
2026-05-18 18:00:01,,,,,4891583,0,4891583,4891.583,
2026-05-18 19:00:01,,,,,4891583,0,4891583,4891.583,
2026-05-18 20:00:01,,,,,4891583,0,4891583,4891.583,
2026-05-18 21:00:01,,,,,4891583,0,4891583,4891.583,
2026-05-18 22:00:01,,,,,4891583,0,4891583,4891.583,
2026-05-18 23:00:01,,,,,4891583,0,4891583,4891.583,
2026-05-19 00:00:01,,,,,4891583,0,4891583,4891.583,
2026-05-19 01:00:01,,,,,4891583,0,4891583,4891.583,
2026-05-19 02:00:01,,,,,4891583,0,4891583,4891.583,
2026-05-19 03:00:01,,,,,4891583,0,4891583,4891.583,
2026-05-19 03:36:01,16.9,,,,4891583,0,4891583,4891.583,
2026-05-19 03:37:15,,3.63,,,,,,,-51
2026-05-19 04:00:01,,,,,4891583,0,4891583,4891.583,
2026-05-19 05:00:01,,,,,4891583,0,4891583,4891.583,
2026-05-19 06:00:01,,,,,4891583,0,4891583,4891.583,
2026-05-19 07:00:01,,,,,4891583,0,4891583,4891.583,
2026-05-19 08:00:01,,,,,4891583,0,4891583,4891.583,
2026-05-19 09:00:01,,,,,4891583,0,4891583,4891.583,
2026-05-19 10:00:01,,,,,4891583,0,4891583,4891.583,
2026-05-19 11:00:01,,,,,4891583,0,4891583,4891.583,
2026-05-19 12:00:01,,,,,4891583,0,4891583,4891.583,
2026-05-19 13:00:01,,,,,4891583,0,4891583,4891.583,
2026-05-19 14:00:01,,,,,4891583,0,4891583,4891.583,
2026-05-19 15:00:01,,,,,4891583,0,4891583,4891.583,
2026-05-19 16:00:01,,,,,4891583,0,4891583,4891.583,
2026-05-19 17:00:01,,,,,4891583,0,4891583,4891.583,
2026-05-19 18:00:01,,,,,4891583,0,4891583,4891.583,
2026-05-19 19:00:01,,,,,4891583,0,4891583,4891.583,
2026-05-19 20:00:01,,,,,4891583,0,4891583,4891.583,
2026-05-19 21:00:01,,,,,4891583,0,4891583,4891.583,
2026-05-19 22:00:01,,,,,4891583,0,4891583,4891.583,
2026-05-19 23:00:01,,,,,4891583,0,4891583,4891.583,
2026-05-20 00:00:01,,,,,4891583,0,4891583,4891.583,
2026-05-20 01:00:01,,,,,4891583,0,4891583,4891.583,
2026-05-20 02:00:01,,,,,4891583,0,4891583,4891.583,
2026-05-20 03:00:01,,,,,4891583,0,4891583,4891.583,
2026-05-20 03:36:01,16.08,,,,4891583,0,4891583,4891.583,
2026-05-20 03:37:18,,3.63,,,,,,,-52
2026-05-20 04:00:01,,,,,4891583,0,4891583,4891.583,
2026-05-20 05:00:01,,,,,4891583,0,4891583,4891.583,
2026-05-20 06:00:01,,,,,4891583,0,4891583,4891.583,
2026-05-20 07:00:01,,,,,4891583,0,4891583,4891.583,
2026-05-20 08:00:01,,,,,4891583,0,4891583,4891.583,
2026-05-20 09:00:01,,,,,4891583,0,4891583,4891.583,
2026-05-20 10:00:01,,,,,4891583,0,4891583,4891.583,
2026-05-20 11:00:01,,,,,4891583,0,4891583,4891.583,
2026-05-20 12:00:01,,,,,4891583,0,4891583,4891.583,
2026-05-20 13:00:01,,,,,4891583,0,4891583,4891.583,
2026-05-20 14:00:01,,,,,4891583,0,4891583,4891.583,
2026-05-20 15:00:01,,,,,4891583,0,4891583,4891.583,
2026-05-20 16:00:01,,,,,4891583,0,4891583,4891.583,
2026-05-20 17:00:01,,,,,4891583,0,4891583,4891.583,
2026-05-20 18:00:01,,,,,4891583,0,4891583,4891.583,
2026-05-20 19:00:01,,,,,4891583,0,4891583,4891.583,
2026-05-20 20:00:01,,,,,4891583,0,4891583,4891.583,
2026-05-20 21:00:01,,,,,4891583,0,4891583,4891.583,
2026-05-20 22:00:01,,,,,4891583,0,4891583,4891.583,
2026-05-20 23:00:01,,,,,4891583,0,4891583,4891.583,
2026-05-21 00:00:01,,,,,4891583,0,4891583,4891.583,
2026-05-21 01:00:01,,,,,4891583,0,4891583,4891.583,
2026-05-21 02:00:01,,,,,4891583,0,4891583,4891.583,
2026-05-21 03:00:01,,,,,4891583,0,4891583,4891.583,
2026-05-21 03:36:01,14.4,,,,4891583,0,4891583,4891.583,
2026-05-21 03:37:18,,3.64,,,,,,,-50
2026-05-21 04:00:01,,,,,4891583,0,4891583,4891.583,
2026-05-21 05:00:01,,,,,4891583,0,4891583,4891.583,
2026-05-21 06:00:01,,,,,4891583,0,4891583,4891.583,
2026-05-21 07:00:01,,,,,4891583,0,4891583,4891.583,
2026-05-21 08:00:01,,,,,4891583,0,4891583,4891.583,
2026-05-21 09:00:01,,,,,4891583,0,4891583,4891.583,
2026-05-21 10:00:01,,,,,4891583,0,4891583,4891.583,
2026-05-21 11:00:01,,,,,4891583,0,4891583,4891.583,
2026-05-21 12:00:01,,,,,4891583,0,4891583,4891.583,
2026-05-21 13:00:01,,,,,4891583,0,4891583,4891.583,
2026-05-21 14:00:01,,,,,4891583,0,4891583,4891.583,
2026-05-21 15:00:01,,,,,4891583,0,4891583,4891.583,
2026-05-21 16:00:01,,,,,4891583,0,4891583,4891.583,
2026-05-21 17:00:01,,,,,4891583,0,4891583,4891.583,
2026-05-21 18:00:01,,,,,4891583,0,4891583,4891.583,
2026-05-21 19:00:01,,,,,4891583,0,4891583,4891.583,
2026-05-21 20:00:01,,,,,4891583,0,4891583,4891.583,
2026-05-21 21:00:01,,,,,4891583,0,4891583,4891.583,
2026-05-21 22:00:01,,,,,4891583,0,4891583,4891.583,
2026-05-21 23:00:01,,,,,4891583,0,4891583,4891.583,
2026-05-22 00:00:01,,,,,4891583,0,4891583,4891.583,
2026-05-22 01:00:01,,,,,4891583,0,4891583,4891.583,
2026-05-22 02:00:01,,,,,4891583,0,4891583,4891.583,
2026-05-22 03:00:01,,,,,4891583,0,4891583,4891.583,
2026-05-22 03:36:01,13.72,,,,4891583,0,4891583,4891.583,
2026-05-22 03:36:58,,,"a00064-01006",,,,,,
2026-05-22 03:37:08,,,"a00064-01003",,,,,,
2026-05-22 03:37:43,,3.64,,,,,,,-50
2026-05-22 04:00:01,,,,,4891583,0,4891583,4891.583,
2026-05-22 05:00:01,,,,,4891583,0,4891583,4891.583,
2026-05-22 06:00:01,,,,,4891583,0,4891583,4891.583,
2026-05-22 07:00:01,,,,,4891583,0,4891583,4891.583,
2026-05-22 08:00:01,,,,,4891583,0,4891583,4891.583,
2026-05-22 09:00:01,,,,,4891583,0,4891583,4891.583,
2026-05-22 10:00:01,,,,,4891583,0,4891583,4891.583,
2026-05-22 11:00:01,,,,,4891583,0,4891583,4891.583,
2026-05-22 12:00:01,,,,,4891583,0,4891583,4891.583,
2026-05-22 13:00:01,,,,,4891583,0,4891583,4891.583,
2026-05-22 14:00:01,,,,,4891583,0,4891583,4891.583,
2026-05-22 15:00:01,,,,,4891583,0,4891583,4891.583,
2026-05-22 16:00:01,,,,,4891583,0,4891583,4891.583,
2026-05-22 17:00:01,,,,,4891583,0,4891583,4891.583,
2026-05-22 18:00:01,,,,,4891583,0,4891583,4891.583,
2026-05-22 19:00:01,,,,,4891583,0,4891583,4891.583,
2026-05-22 20:00:01,,,,,4891583,0,4891583,4891.583,
2026-05-22 21:00:01,,,,,4891583,0,4891583,4891.583,
2026-05-22 22:00:01,,,,,4891583,0,4891583,4891.583,
2026-05-22 23:00:01,,,,,4891583,0,4891583,4891.583,
2026-05-23 00:00:01,,,,,4891583,0,4891583,4891.583,
2026-05-23 01:00:01,,,,,4891583,0,4891583,4891.583,
2026-05-23 02:00:01,,,,,4891583,0,4891583,4891.583,
2026-05-23 03:00:01,,,,,4891583,0,4891583,4891.583,
2026-05-23 03:36:01,13.68,,,,4891583,0,4891583,4891.583,
2026-05-23 03:37:18,,3.62,,,,,,,-50
2026-05-23 04:00:01,,,,,4891583,0,4891583,4891.583,
2026-05-23 05:00:01,,,,,4891583,0,4891583,4891.583,
2026-05-23 06:00:01,,,,,4891583,0,4891583,4891.583,
2026-05-23 07:00:01,,,,,4891583,0,4891583,4891.583,
2026-05-23 08:00:01,,,,,4891583,0,4891583,4891.583,
2026-05-23 09:00:01,,,,,4891583,0,4891583,4891.583,
2026-05-23 10:00:01,,,,,4891583,0,4891583,4891.583,
2026-05-23 11:00:01,,,,,4891583,0,4891583,4891.583,
2026-05-23 12:00:01,,,,,4891583,0,4891583,4891.583,
2026-05-23 13:00:01,,,,,4891583,0,4891583,4891.583,
2026-05-23 14:00:01,,,,,4891583,0,4891583,4891.583,
2026-05-23 15:00:01,,,,,4891583,0,4891583,4891.583,
2026-05-23 16:00:01,,,,,4891583,0,4891583,4891.583,
2026-05-23 17:00:01,,,,,4891583,0,4891583,4891.583,
2026-05-23 18:00:01,,,,,4891583,0,4891583,4891.583,
2026-05-23 19:00:01,,,,,4891583,0,4891583,4891.583,
2026-05-23 20:00:01,,,,,4891583,0,4891583,4891.583,
2026-05-23 21:00:01,,,,,4891583,0,4891583,4891.583,
2026-05-23 22:00:01,,,,,4891583,0,4891583,4891.583,
2026-05-23 23:00:01,,,,,4891583,0,4891583,4891.583,
2026-05-24 00:00:01,,,,,4891583,0,4891583,4891.583,
2026-05-24 01:00:01,,,,,4891583,0,4891583,4891.583,
2026-05-24 02:00:01,,,,,4891583,0,4891583,4891.583,
2026-05-24 03:00:01,,,,,4891583,0,4891583,4891.583,
2026-05-24 03:36:01,14.49,,,,4891583,0,4891583,4891.583,
2026-05-24 03:37:13,,3.63,,,,,,,-50
2026-05-24 04:00:01,,,,,4891583,0,4891583,4891.583,
2026-05-24 05:00:01,,,,,4891583,0,4891583,4891.583,
2026-05-24 06:00:01,,,,,4891583,0,4891583,4891.583,
2026-05-24 07:00:01,,,,,4891583,0,4891583,4891.583,
2026-05-24 08:00:01,,,,,4891583,0,4891583,4891.583,
2026-05-24 09:00:01,,,,,4891583,0,4891583,4891.583,
2026-05-24 10:00:01,,,,,4891583,0,4891583,4891.583,
2026-05-24 11:00:01,,,,,4891583,0,4891583,4891.583,
2026-05-24 12:00:01,,,,,4891583,0,4891583,4891.583,
2026-05-24 13:00:01,,,,,4891583,0,4891583,4891.583,
2026-05-24 14:00:01,,,,,4891583,0,4891583,4891.583,
2026-05-24 15:00:01,,,,,4891583,0,4891583,4891.583,
2026-05-24 16:00:01,,,,,4891583,0,4891583,4891.583,
2026-05-24 17:00:01,,,,,4891583,0,4891583,4891.583,
2026-05-24 18:00:01,,,,,4891583,0,4891583,4891.583,
2026-05-24 19:00:01,,,,,4891583,0,4891583,4891.583,
2026-05-24 20:00:01,,,,,4891583,0,4891583,4891.583,
2026-05-24 21:00:01,,,,,4891583,0,4891583,4891.583,
2026-05-24 22:00:01,,,,,4891583,0,4891583,4891.583,
2026-05-24 23:00:01,,,,,4891583,0,4891583,4891.583,
2026-05-25 00:00:01,,,,,4891583,0,4891583,4891.583,
2026-05-25 01:00:01,,,,,4891583,0,4891583,4891.583,
2026-05-25 02:00:01,,,,,4891583,0,4891583,4891.583,
2026-05-25 03:00:01,,,,,4891583,0,4891583,4891.583,
2026-05-25 03:36:01,15.76,,,,4891583,0,4891583,4891.583,
2026-05-25 03:37:23,,3.62,,,,,,,-50
2026-05-25 04:00:01,,,,,4891583,0,4891583,4891.583,
2026-05-25 05:00:01,,,,,4891583,0,4891583,4891.583,
2026-05-25 06:00:01,,,,,4891583,0,4891583,4891.583,
2026-05-25 07:00:01,,,,,4891583,0,4891583,4891.583,
2026-05-25 08:00:01,,,,,4891583,0,4891583,4891.583,
2026-05-25 09:00:01,,,,,4891583,0,4891583,4891.583,
2026-05-25 10:00:01,,,,,4891583,0,4891583,4891.583,
2026-05-25 11:00:01,,,,,4891583,0,4891583,4891.583,
2026-05-25 12:00:01,,,,,4891583,0,4891583,4891.583,
2026-05-25 13:00:01,,,,,4891583,0,4891583,4891.583,
2026-05-25 14:00:01,,,,,4891583,0,4891583,4891.583,
2026-05-25 15:00:01,,,,,4891583,0,4891583,4891.583,
2026-05-25 16:00:01,,,,,4891583,0,4891583,4891.583,
2026-05-25 17:00:01,,,,,4891583,0,4891583,4891.583,
2026-05-25 18:00:01,,,,,4891583,0,4891583,4891.583,
2026-05-25 19:00:01,,,,,4891583,0,4891583,4891.583,
2026-05-25 20:00:01,,,,,4891583,0,4891583,4891.583,
2026-05-25 21:00:01,,,,,4891583,0,4891583,4891.583,
2026-05-25 22:00:01,,,,,4891583,0,4891583,4891.583,
2026-05-25 23:00:01,,,,,4891583,0,4891583,4891.583,
2026-05-26 00:00:01,,,,,4891583,0,4891583,4891.583,
2026-05-26 01:00:01,,,,,4891583,0,4891583,4891.583,
2026-05-26 02:00:01,,,,,4891583,0,4891583,4891.583,
2026-05-26 03:00:01,,,,,4891583,0,4891583,4891.583,
2026-05-26 03:36:01,15.64,,,,4891583,0,4891583,4891.583,
2026-05-26 03:37:07,,3.64,,,,,,,-50
2026-05-26 04:00:01,,,,,4891583,0,4891583,4891.583,
2026-05-26 05:00:01,,,,,4891583,0,4891583,4891.583,
2026-05-26 06:00:01,,,,,4891583,0,4891583,4891.583,
2026-05-26 07:00:01,,,,,4891583,0,4891583,4891.583,
2026-05-26 08:00:01,,,,,4891583,0,4891583,4891.583,
2026-05-26 09:00:01,,,,,4891583,0,4891583,4891.583,
2026-05-26 10:00:01,,,,,4891583,0,4891583,4891.583,
2026-05-26 11:00:01,,,,,4891583,0,4891583,4891.583,
2026-05-26 12:00:01,,,,,4891583,0,4891583,4891.583,
2026-05-26 13:00:01,,,,,4891583,0,4891583,4891.583,
2026-05-26 14:00:01,,,,,4891583,0,4891583,4891.583,
2026-05-26 15:00:01,,,,,4891583,0,4891583,4891.583,
2026-05-26 16:00:01,,,,,4891583,0,4891583,4891.583,
2026-05-26 17:00:01,,,,,4891583,0,4891583,4891.583,
2026-05-26 18:00:01,,,,,4891583,0,4891583,4891.583,
2026-05-26 19:00:01,,,,,4891583,0,4891583,4891.583,
2026-05-26 20:00:01,,,,,4891583,0,4891583,4891.583,
2026-05-26 21:00:01,,,,,4891583,0,4891583,4891.583,
2026-05-26 22:00:01,,,,,4891583,0,4891583,4891.583,
2026-05-26 23:00:01,,,,,4891583,0,4891583,4891.583,
2026-05-27 00:00:01,,,,,4891583,0,4891583,4891.583,
2026-05-27 01:00:01,,,,,4891583,0,4891583,4891.583,
2026-05-27 02:00:01,,,,,4891583,0,4891583,4891.583,
2026-05-27 03:00:01,,,,,4891583,0,4891583,4891.583,
2026-05-27 03:36:01,15.22,,,,4891583,0,4891583,4891.583,
2026-05-27 03:37:16,,3.63,,,,,,,-50
2026-05-27 04:00:01,,,,,4891583,0,4891583,4891.583,
2026-05-27 05:00:01,,,,,4891583,0,4891583,4891.583,
2026-05-27 06:00:01,,,,,4891583,0,4891583,4891.583,
2026-05-27 07:00:01,,,,,4891583,0,4891583,4891.583,
2026-05-27 08:00:01,,,,,4891583,0,4891583,4891.583,
2026-05-27 09:00:01,,,,,4891583,0,4891583,4891.583,
2026-05-27 10:00:01,,,,,4891583,0,4891583,4891.583,
2026-05-27 11:00:01,,,,,4891583,0,4891583,4891.583,
2026-05-27 12:00:01,,,,,4891583,0,4891583,4891.583,
2026-05-27 13:00:01,,,,,4891583,0,4891583,4891.583,
2026-05-27 14:00:01,,,,,4891583,0,4891583,4891.583,
2026-05-27 15:00:01,,,,,4891583,0,4891583,4891.583,
2026-05-27 16:00:01,,,,,4891583,0,4891583,4891.583,
2026-05-27 17:00:01,,,,,4891583,0,4891583,4891.583,
2026-05-27 18:00:01,,,,,4891583,0,4891583,4891.583,
2026-05-27 19:00:01,,,,,4891583,0,4891583,4891.583,
2026-05-27 20:00:01,,,,,4891583,0,4891583,4891.583,
2026-05-27 21:00:01,,,,,4891583,0,4891583,4891.583,
2026-05-27 22:00:01,,,,,4891583,0,4891583,4891.583,
2026-05-27 23:00:01,,,,,4891583,0,4891583,4891.583,
2026-05-28 00:00:01,,,,,4891583,0,4891583,4891.583,
2026-05-28 01:00:01,,,,,4891583,0,4891583,4891.583,
2026-05-28 02:00:01,,,,,4891583,0,4891583,4891.583,
2026-05-28 03:00:01,,,,,4891583,0,4891583,4891.583,
2026-05-28 03:36:01,16.3,,,,4891583,0,4891583,4891.583,
2026-05-28 03:37:11,,3.64,,,,,,,-50
2026-05-28 04:00:01,,,,,4891583,0,4891583,4891.583,
2026-05-28 05:00:01,,,,,4891583,0,4891583,4891.583,
2026-05-28 06:00:01,,,,,4891583,0,4891583,4891.583,
2026-05-28 07:00:01,,,,,4891583,0,4891583,4891.583,
2026-05-28 08:00:01,,,,,4891583,0,4891583,4891.583,
2026-05-28 09:00:01,,,,,4891583,0,4891583,4891.583,
2026-05-28 10:00:01,,,,,4891583,0,4891583,4891.583,
2026-05-28 11:00:01,,,,,4891583,0,4891583,4891.583,
2026-05-28 12:00:01,,,,,4891583,0,4891583,4891.583,
2026-05-28 13:00:01,,,,,4891583,0,4891583,4891.583,
2026-05-28 14:00:01,,,,,4891583,0,4891583,4891.583,
2026-05-28 15:00:01,,,,,4891583,0,4891583,4891.583,
2026-05-28 16:00:01,,,,,4891583,0,4891583,4891.583,
2026-05-28 17:00:01,,,,,4891583,0,4891583,4891.583,
2026-05-28 18:00:01,,,,,4891583,0,4891583,4891.583,
2026-05-28 19:00:01,,,,,4891583,0,4891583,4891.583,
2026-05-28 20:00:01,,,,,4891583,0,4891583,4891.583,
2026-05-28 21:00:01,,,,,4891583,0,4891583,4891.583,
2026-05-28 22:00:01,,,,,4891583,0,4891583,4891.583,
2026-05-28 23:00:01,,,,,4891583,0,4891583,4891.583,
2026-05-29 00:00:01,,,,,4891583,0,4891583,4891.583,
2026-05-29 01:00:01,,,,,4891583,0,4891583,4891.583,
2026-05-29 02:00:01,,,,,4891583,0,4891583,4891.583,
2026-05-29 03:00:01,,,,,4891583,0,4891583,4891.583,
2026-05-29 03:36:01,16.3,,,,4891583,0,4891583,4891.583,
2026-05-29 03:37:07,,3.63,,,,,,,-50
2026-05-29 04:00:01,,,,,4891583,0,4891583,4891.583,
2026-05-29 05:00:01,,,,,4891583,0,4891583,4891.583,
2026-05-29 06:00:01,,,,,4891583,0,4891583,4891.583,
2026-05-29 07:00:01,,,,,4891583,0,4891583,4891.583,
2026-05-29 08:00:01,,,,,4891583,0,4891583,4891.583,
2026-05-29 09:00:01,,,,,4891583,0,4891583,4891.583,
2026-05-29 10:00:01,,,,,4891583,0,4891583,4891.583,
2026-05-29 11:00:01,,,,,4891583,0,4891583,4891.583,
2026-05-29 12:00:01,,,,,4891583,0,4891583,4891.583,
2026-05-29 13:00:01,,,,,4891583,0,4891583,4891.583,
2026-05-29 14:00:01,,,,,4891583,0,4891583,4891.583,
2026-05-29 15:00:01,,,,,4891583,0,4891583,4891.583,
2026-05-29 16:00:01,,,,,4891583,0,4891583,4891.583,
2026-05-29 17:00:01,,,,,4891583,0,4891583,4891.583,
2026-05-29 18:00:01,,,,,4891583,0,4891583,4891.583,
2026-05-29 19:00:01,,,,,4891583,0,4891583,4891.583,
2026-05-29 20:00:01,,,,,4891583,0,4891583,4891.583,
2026-05-29 21:00:01,,,,,4891583,0,4891583,4891.583,
2026-05-29 22:00:01,,,,,4891583,0,4891583,4891.583,
2026-05-29 23:00:01,,,,,4891583,0,4891583,4891.583,
2026-05-30 00:00:01,,,,,4891583,0,4891583,4891.583,
2026-05-30 01:00:01,,,,,4891583,0,4891583,4891.583,
2026-05-30 02:00:01,,,,,4891583,0,4891583,4891.583,
2026-05-30 03:00:01,,,,,4891583,0,4891583,4891.583,
2026-05-30 03:36:01,14.06,,,,4891583,0,4891583,4891.583,
2026-05-30 03:37:23,,3.63,,,,,,,-51
2026-05-30 04:00:01,,,,,4891583,0,4891583,4891.583,
2026-05-30 05:00:01,,,,,4891583,0,4891583,4891.583,
2026-05-30 06:00:01,,,,,4891583,0,4891583,4891.583,
2026-05-30 07:00:01,,,,,4891583,0,4891583,4891.583,
2026-05-30 08:00:01,,,,,4891583,0,4891583,4891.583,
2026-05-30 09:00:01,,,,,4891583,0,4891583,4891.583,
2026-05-30 10:00:01,,,,,4891583,0,4891583,4891.583,
2026-05-30 11:00:01,,,,,4891583,0,4891583,4891.583,
2026-05-30 12:00:01,,,,,4891583,0,4891583,4891.583,
2026-05-30 13:00:01,,,,,4891583,0,4891583,4891.583,
2026-05-30 14:00:01,,,,,4891583,0,4891583,4891.583,
2026-05-30 15:00:01,,,,,4891583,0,4891583,4891.583,
2026-05-30 16:00:01,,,,,4891583,0,4891583,4891.583,
2026-05-30 17:00:01,,,,,4891583,0,4891583,4891.583,
2026-05-30 18:00:01,,,,,4891583,0,4891583,4891.583,
2026-05-30 19:00:01,,,,,4891583,0,4891583,4891.583,
2026-05-30 20:00:01,,,,,4891583,0,4891583,4891.583,
2026-05-30 21:00:01,,,,,4891583,0,4891583,4891.583,
2026-05-30 22:00:01,,,,,4891583,0,4891583,4891.583,
2026-05-30 23:00:01,,,,,4891583,0,4891583,4891.583,
2026-05-31 00:00:01,,,,,4891583,0,4891583,4891.583,
2026-05-31 01:00:01,,,,,4891583,0,4891583,4891.583,
2026-05-31 02:00:01,,,,,4891583,0,4891583,4891.583,
2026-05-31 03:00:01,,,,,4891583,0,4891583,4891.583,
2026-05-31 03:36:01,13.8,,,,4891583,0,4891583,4891.583,
2026-05-31 03:37:13,,3.64,,,,,,,-50
2026-05-31 04:00:01,,,,,4891583,0,4891583,4891.583,
2026-05-31 05:00:01,,,,,4891583,0,4891583,4891.583,
2026-05-31 06:00:01,,,,,4891583,0,4891583,4891.583,
2026-05-31 07:00:01,,,,,4891583,0,4891583,4891.583,
2026-05-31 08:00:01,,,,,4891583,0,4891583,4891.583,
2026-05-31 09:00:01,,,,,4891583,0,4891583,4891.583,
2026-05-31 10:00:01,,,,,4891583,0,4891583,4891.583,
2026-05-31 11:00:01,,,,,4891583,0,4891583,4891.583,
2026-05-31 12:00:01,,,,,4891583,0,4891583,4891.583,
2026-05-31 13:00:01,,,,,4891583,0,4891583,4891.583,
2026-05-31 14:00:01,,,,,4891583,0,4891583,4891.583,
2026-05-31 15:00:01,,,,,4891583,0,4891583,4891.583,
2026-05-31 16:00:01,,,,,4891583,0,4891583,4891.583,
2026-05-31 17:00:01,,,,,4891583,0,4891583,4891.583,
2026-05-31 18:00:01,,,,,4891583,0,4891583,4891.583,
2026-05-31 19:00:01,,,,,4891583,0,4891583,4891.583,
2026-05-31 20:00:01,,,,,4891583,0,4891583,4891.583,
2026-05-31 21:00:01,,,,,4891583,0,4891583,4891.583,
2026-05-31 22:00:01,,,,,4891583,0,4891583,4891.583,
2026-05-31 23:00:01,,,,,4891583,0,4891583,4891.583,
2026-06-01 00:00:01,,,,,4891583,0,4891583,4891.583,
2026-06-01 01:00:01,,,,,4891583,0,4891583,4891.583,
2026-06-01 02:00:01,,,,,4891583,0,4891583,4891.583,
2026-06-01 03:00:01,,,,,4891583,0,4891583,4891.583,
2026-06-01 03:36:01,13.52,,,,4891583,0,4891583,4891.583,
2026-06-01 03:37:10,,3.61,,,,,,,-50
2026-06-01 04:00:01,,,,,4891583,0,4891583,4891.583,
2026-06-01 05:00:01,,,,,4891583,0,4891583,4891.583,
2026-06-01 06:00:01,,,,,4891583,0,4891583,4891.583,
2026-06-01 07:00:01,,,,,4891583,0,4891583,4891.583,
2026-06-01 08:00:01,,,,,4891583,0,4891583,4891.583,
2026-06-01 09:00:01,,,,,4891583,0,4891583,4891.583,
2026-06-01 10:00:01,,,,,4891583,0,4891583,4891.583,
2026-06-01 11:00:01,,,,,4891583,0,4891583,4891.583,
2026-06-01 12:00:01,,,,,4891583,0,4891583,4891.583,
2026-06-01 13:00:01,,,,,4891583,0,4891583,4891.583,
2026-06-01 14:00:01,,,,,4891583,0,4891583,4891.583,
2026-06-01 15:00:01,,,,,4891583,0,4891583,4891.583,
2026-06-01 16:00:01,,,,,4891583,0,4891583,4891.583,
2026-06-01 17:00:01,,,,,4891583,0,4891583,4891.583,
2026-06-01 18:00:01,,,,,4891583,0,4891583,4891.583,
2026-06-01 19:00:01,,,,,4891583,0,4891583,4891.583,
2026-06-01 20:00:01,,,,,4891583,0,4891583,4891.583,
2026-06-01 21:00:01,,,,,4891583,0,4891583,4891.583,
2026-06-01 22:00:01,,,,,4891583,0,4891583,4891.583,
2026-06-01 23:00:01,,,,,4891583,0,4891583,4891.583,
2026-06-02 00:00:01,,,,,4891583,0,4891583,4891.583,
2026-06-02 01:00:01,,,,,4891583,0,4891583,4891.583,
2026-06-02 02:00:01,,,,,4891583,0,4891583,4891.583,
2026-06-02 03:00:01,,,,,4891583,0,4891583,4891.583,
2026-06-02 03:36:01,13.57,,,,4891583,0,4891583,4891.583,
2026-06-02 03:37:21,,3.62,,,,,,,-50
2026-06-02 04:00:01,,,,,4891583,0,4891583,4891.583,
2026-06-02 05:00:01,,,,,4891583,0,4891583,4891.583,
2026-06-02 06:00:01,,,,,4891583,0,4891583,4891.583,
2026-06-02 07:00:01,,,,,4891583,0,4891583,4891.583,
2026-06-02 08:00:01,,,,,4891583,0,4891583,4891.583,
2026-06-02 09:00:01,,,,,4891583,0,4891583,4891.583,
2026-06-02 10:00:01,,,,,4891583,0,4891583,4891.583,
2026-06-02 11:00:01,,,,,4891583,0,4891583,4891.583,
2026-06-02 12:00:01,,,,,4891583,0,4891583,4891.583,
2026-06-02 13:00:01,,,,,4891583,0,4891583,4891.583,
2026-06-02 14:00:01,,,,,4891583,0,4891583,4891.583,
2026-06-02 15:00:01,,,,,4891583,0,4891583,4891.583,
2026-06-02 16:00:01,,,,,4891583,0,4891583,4891.583,
2026-06-02 17:00:01,,,,,4891583,0,4891583,4891.583,
2026-06-02 18:00:01,,,,,4891583,0,4891583,4891.583,
2026-06-02 19:00:01,,,,,4891583,0,4891583,4891.583,
2026-06-02 20:00:01,,,,,4891583,0,4891583,4891.583,
2026-06-02 21:00:01,,,,,4891583,0,4891583,4891.583,
2026-06-02 22:00:01,,,,,4891583,0,4891583,4891.583,
2026-06-02 23:00:01,,,,,4891583,0,4891583,4891.583,
2026-06-03 00:00:01,,,,,4891583,0,4891583,4891.583,
2026-06-03 01:00:01,,,,,4891583,0,4891583,4891.583,
2026-06-03 02:00:01,,,,,4891583,0,4891583,4891.583,
2026-06-03 03:00:01,,,,,4891583,0,4891583,4891.583,
2026-06-03 03:36:01,14.16,,,,4891583,0,4891583,4891.583,
2026-06-03 03:37:18,,3.63,,,,,,,-51
2026-06-03 04:00:01,,,,,4891583,0,4891583,4891.583,
2026-06-03 05:00:01,,,,,4891583,0,4891583,4891.583,
2026-06-03 06:00:01,,,,,4891583,0,4891583,4891.583,
2026-06-03 07:00:01,,,,,4891583,0,4891583,4891.583,
2026-06-03 08:00:01,,,,,4891583,0,4891583,4891.583,
2026-06-03 09:00:01,,,,,4891583,0,4891583,4891.583,
2026-06-03 10:00:01,,,,,4891583,0,4891583,4891.583,
2026-06-03 11:00:01,,,,,4891583,0,4891583,4891.583,
2026-06-03 12:00:01,,,,,4891583,0,4891583,4891.583,
2026-06-03 13:00:01,,,,,4891583,0,4891583,4891.583,
2026-06-03 14:00:01,,,,,4891583,0,4891583,4891.583,
2026-06-03 15:00:01,,,,,4891583,0,4891583,4891.583,
2026-06-03 16:00:01,,,,,4891583,0,4891583,4891.583,
2026-06-03 17:00:01,,,,,4891583,0,4891583,4891.583,
2026-06-03 18:00:01,,,,,4891583,0,4891583,4891.583,
2026-06-03 19:00:01,,,,,4891583,0,4891583,4891.583,
2026-06-03 20:00:01,,,,,4891583,0,4891583,4891.583,
2026-06-03 21:00:01,,,,,4891583,0,4891583,4891.583,
2026-06-03 22:00:01,,,,,4891583,0,4891583,4891.583,
2026-06-03 23:00:01,,,,,4891583,0,4891583,4891.583,
2026-06-04 00:00:01,,,,,4891583,0,4891583,4891.583,
2026-06-04 01:00:01,,,,,4891583,0,4891583,4891.583,
2026-06-04 02:00:01,,,,,4891583,0,4891583,4891.583,
2026-06-04 03:00:01,,,,,4891583,0,4891583,4891.583,
2026-06-04 03:36:01,13.6,,,,4891583,0,4891583,4891.583,
2026-06-04 03:37:13,,3.62,,,,,,,-50
2026-06-04 04:00:01,,,,,4891583,0,4891583,4891.583,
2026-06-04 05:00:01,,,,,4891583,0,4891583,4891.583,
2026-06-04 06:00:01,,,,,4891583,0,4891583,4891.583,
2026-06-04 07:00:01,,,,,4891583,0,4891583,4891.583,
2026-06-04 08:00:01,,,,,4891583,0,4891583,4891.583,
2026-06-04 09:00:01,,,,,4891583,0,4891583,4891.583,
2026-06-04 10:00:01,,,,,4891583,0,4891583,4891.583,
2026-06-04 11:00:01,,,,,4891583,0,4891583,4891.583,
2026-06-04 12:00:01,,,,,4891583,0,4891583,4891.583,
2026-06-04 13:00:01,,,,,4891583,0,4891583,4891.583,
2026-06-04 14:00:01,,,,,4891583,0,4891583,4891.583,
2026-06-04 15:00:01,,,,,4891583,0,4891583,4891.583,
2026-06-04 16:00:01,,,,,4891583,0,4891583,4891.583,
2026-06-04 17:00:01,,,,,4891583,0,4891583,4891.583,
2026-06-04 18:00:01,,,,,4891583,0,4891583,4891.583,
2026-06-04 19:00:01,,,,,4891583,0,4891583,4891.583,
2026-06-04 20:00:01,,,,,4891583,0,4891583,4891.583,
2026-06-04 21:00:01,,,,,4891583,0,4891583,4891.583,
2026-06-04 22:00:01,,,,,4891583,0,4891583,4891.583,
2026-06-04 23:00:01,,,,,4891583,0,4891583,4891.583,
2026-06-05 00:00:01,,,,,4891583,0,4891583,4891.583,
2026-06-05 01:00:01,,,,,4891583,0,4891583,4891.583,
2026-06-05 02:00:01,,,,,4891583,0,4891583,4891.583,
2026-06-05 03:00:01,,,,,4891583,0,4891583,4891.583,
2026-06-05 03:36:01,13.54,,,,4891583,0,4891583,4891.583,
2026-06-05 03:37:24,,3.62,,,,,,,-51
2026-06-05 04:00:01,,,,,4891583,0,4891583,4891.583,
2026-06-05 05:00:01,,,,,4891583,0,4891583,4891.583,
2026-06-05 06:00:01,,,,,4891583,0,4891583,4891.583,
2026-06-05 07:00:01,,,,,4891583,0,4891583,4891.583,
2026-06-05 08:00:01,,,,,4891583,0,4891583,4891.583,
2026-06-05 09:00:01,,,,,4891583,0,4891583,4891.583,
2026-06-05 10:00:01,,,,,4891583,0,4891583,4891.583,
2026-06-05 11:00:01,,,,,4891583,0,4891583,4891.583,
2026-06-05 12:00:01,,,,,4891583,0,4891583,4891.583,
2026-06-05 13:00:01,,,,,4891583,0,4891583,4891.583,
2026-06-05 14:00:01,,,,,4891583,0,4891583,4891.583,
2026-06-05 15:00:01,,,,,4891583,0,4891583,4891.583,
2026-06-05 16:00:01,,,,,4891583,0,4891583,4891.583,
2026-06-05 17:00:01,,,,,4891583,0,4891583,4891.583,
2026-06-05 18:00:01,,,,,4891583,0,4891583,4891.583,
2026-06-05 19:00:01,,,,,4891583,0,4891583,4891.583,
2026-06-05 20:00:01,,,,,4891583,0,4891583,4891.583,
2026-06-05 21:00:01,,,,,4891583,0,4891583,4891.583,
2026-06-05 22:00:01,,,,,4891583,0,4891583,4891.583,
2026-06-05 23:00:01,,,,,4891583,0,4891583,4891.583,
2026-06-06 00:00:01,,,,,4891583,0,4891583,4891.583,
2026-06-06 01:00:01,,,,,4891583,0,4891583,4891.583,
2026-06-06 02:00:01,,,,,4891583,0,4891583,4891.583,
2026-06-06 03:00:01,,,,,4891583,0,4891583,4891.583,
2026-06-06 03:36:01,12.92,,,,4891583,0,4891583,4891.583,
2026-06-06 03:37:13,,3.63,,,,,,,-50
2026-06-06 04:00:01,,,,,4891583,0,4891583,4891.583,
2026-06-06 05:00:01,,,,,4891583,0,4891583,4891.583,
2026-06-06 06:00:01,,,,,4891583,0,4891583,4891.583,
2026-06-06 07:00:01,,,,,4891583,0,4891583,4891.583,
2026-06-06 08:00:01,,,,,4891583,0,4891583,4891.583,
2026-06-06 09:00:01,,,,,4891583,0,4891583,4891.583,
2026-06-06 10:00:01,,,,,4891583,0,4891583,4891.583,
2026-06-06 11:00:01,,,,,4891583,0,4891583,4891.583,
2026-06-06 12:00:01,,,,,4891583,0,4891583,4891.583,
2026-06-06 13:00:01,,,,,4891583,0,4891583,4891.583,
2026-06-06 14:00:01,,,,,4891583,0,4891583,4891.583,
2026-06-06 15:00:01,,,,,4891583,0,4891583,4891.583,
2026-06-06 16:00:01,,,,,4891583,0,4891583,4891.583,
2026-06-06 17:00:01,,,,,4891583,0,4891583,4891.583,
2026-06-06 18:00:01,,,,,4891583,0,4891583,4891.583,
2026-06-06 19:00:01,,,,,4891583,0,4891583,4891.583,
2026-06-06 20:00:01,,,,,4891583,0,4891583,4891.583,
2026-06-06 21:00:01,,,,,4891583,0,4891583,4891.583,
2026-06-06 22:00:01,,,,,4891583,0,4891583,4891.583,
2026-06-06 23:00:01,,,,,4891583,0,4891583,4891.583,
2026-06-07 00:00:01,,,,,4891583,0,4891583,4891.583,
2026-06-07 01:00:01,,,,,4891583,0,4891583,4891.583,
2026-06-07 02:00:01,,,,,4891583,0,4891583,4891.583,
2026-06-07 03:00:01,,,,,4891583,0,4891583,4891.583,
2026-06-07 03:36:01,12.94,,,,4891583,0,4891583,4891.583,
2026-06-07 03:37:23,,3.63,,,,,,,-50
2026-06-07 04:00:01,,,,,4891583,0,4891583,4891.583,
2026-06-07 05:00:01,,,,,4891583,0,4891583,4891.583,
2026-06-07 06:00:01,,,,,4891583,0,4891583,4891.583,
2026-06-07 07:00:01,,,,,4891583,0,4891583,4891.583,
2026-06-07 08:00:01,,,,,4891583,0,4891583,4891.583,
2026-06-07 09:00:01,,,,,4891583,0,4891583,4891.583,
2026-06-07 10:00:01,,,,,4891583,0,4891583,4891.583,
2026-06-07 11:00:01,,,,,4891583,0,4891583,4891.583,
2026-06-07 12:00:01,,,,,4891583,0,4891583,4891.583,
2026-06-07 13:00:01,,,,,4891583,0,4891583,4891.583,
2026-06-07 14:00:01,,,,,4891583,0,4891583,4891.583,
2026-06-07 15:00:01,,,,,4891583,0,4891583,4891.583,
2026-06-07 16:00:01,,,,,4891583,0,4891583,4891.583,
2026-06-07 17:00:01,,,,,4891583,0,4891583,4891.583,
2026-06-07 18:00:01,,,,,4891583,0,4891583,4891.583,
2026-06-07 19:00:01,,,,,4891583,0,4891583,4891.583,
2026-06-07 20:00:01,,,,,4891583,0,4891583,4891.583,
2026-06-07 21:00:01,,,,,4891583,0,4891583,4891.583,
2026-06-07 22:00:01,,,,,4891583,0,4891583,4891.583,
2026-06-07 23:00:01,,,,,4891583,0,4891583,4891.583,
2026-06-08 00:00:01,,,,,4891583,0,4891583,4891.583,
2026-06-08 01:00:01,,,,,4891583,0,4891583,4891.583,
2026-06-08 02:00:01,,,,,4891583,0,4891583,4891.583,
2026-06-08 03:00:01,,,,,4891583,0,4891583,4891.583,
2026-06-08 03:36:01,11.52,,,,4891583,0,4891583,4891.583,
2026-06-08 03:37:13,,3.62,,,,,,,-49
2026-06-08 04:00:01,,,,,4891583,0,4891583,4891.583,
2026-06-08 05:00:01,,,,,4891583,0,4891583,4891.583,
2026-06-08 06:00:01,,,,,4891583,0,4891583,4891.583,
2026-06-08 07:00:01,,,,,4891583,0,4891583,4891.583,
2026-06-08 08:00:01,,,,,4891583,0,4891583,4891.583,
2026-06-08 09:00:01,,,,,4891583,0,4891583,4891.583,
2026-06-08 10:00:01,,,,,4891583,0,4891583,4891.583,
2026-06-08 11:00:01,,,,,4891583,0,4891583,4891.583,
2026-06-08 12:00:01,,,,,4891583,0,4891583,4891.583,
2026-06-08 13:00:01,,,,,4891583,0,4891583,4891.583,
2026-06-08 14:00:01,,,,,4891583,0,4891583,4891.583,
2026-06-08 15:00:01,,,,,4891583,0,4891583,4891.583,
2026-06-08 16:00:01,,,,,4891583,0,4891583,4891.583,
2026-06-08 17:00:01,,,,,4891583,0,4891583,4891.583,
2026-06-08 18:00:01,,,,,4891583,0,4891583,4891.583,
2026-06-08 19:00:01,,,,,4891583,0,4891583,4891.583,
2026-06-08 20:00:01,,,,,4891583,0,4891583,4891.583,
2026-06-08 21:00:01,,,,,4891583,0,4891583,4891.583,
2026-06-08 22:00:01,,,,,4891583,0,4891583,4891.583,
2026-06-08 23:00:01,,,,,4891583,0,4891583,4891.583,
2026-06-09 00:00:01,,,,,4891583,0,4891583,4891.583,
2026-06-09 01:00:01,,,,,4891583,0,4891583,4891.583,
2026-06-09 02:00:01,,,,,4891583,0,4891583,4891.583,
2026-06-09 03:00:01,,,,,4891583,0,4891583,4891.583,
2026-06-09 03:36:01,10.95,,,,4891583,0,4891583,4891.583,
2026-06-09 03:37:21,,3.62,,,,,,,-51
2026-06-09 04:00:01,,,,,4891583,0,4891583,4891.583,
2026-06-09 05:00:01,,,,,4891583,0,4891583,4891.583,
2026-06-09 06:00:01,,,,,4891583,0,4891583,4891.583,
2026-06-09 07:00:01,,,,,4891583,0,4891583,4891.583,
2026-06-09 08:00:01,,,,,4891583,0,4891583,4891.583,
2026-06-09 09:00:01,,,,,4891583,0,4891583,4891.583,
2026-06-09 10:00:01,,,,,4891583,0,4891583,4891.583,
2026-06-09 11:00:01,,,,,4891583,0,4891583,4891.583,
2026-06-09 12:00:01,,,,,4891583,0,4891583,4891.583,
2026-06-09 13:00:01,,,,,4891583,0,4891583,4891.583,
2026-06-09 14:00:01,,,,,4891583,0,4891583,4891.583,
2026-06-09 15:00:01,,,,,4891583,0,4891583,4891.583,
2026-06-09 16:00:01,,,,,4891583,0,4891583,4891.583,
2026-06-09 17:00:01,,,,,4891583,0,4891583,4891.583,
2026-06-09 18:00:01,,,,,4891583,0,4891583,4891.583,
2026-06-09 19:00:01,,,,,4891583,0,4891583,4891.583,
2026-06-09 20:00:01,,,,,4891583,0,4891583,4891.583,
2026-06-09 21:00:01,,,,,4891583,0,4891583,4891.583,
2026-06-09 22:00:01,,,,,4891583,0,4891583,4891.583,
2026-06-09 23:00:01,,,,,4891583,0,4891583,4891.583,
2026-06-10 00:00:01,,,,,4891583,0,4891583,4891.583,
2026-06-10 01:00:01,,,,,4891583,0,4891583,4891.583,
2026-06-10 02:00:01,,,,,4891583,0,4891583,4891.583,
2026-06-10 03:00:01,,,,,4891583,0,4891583,4891.583,
2026-06-10 03:36:01,13.6,,,,4891583,0,4891583,4891.583,
2026-06-10 03:37:07,,3.61,,,,,,,-50
2026-06-10 04:00:01,,,,,4891583,0,4891583,4891.583,
2026-06-10 05:00:01,,,,,4891583,0,4891583,4891.583,
2026-06-10 06:00:01,,,,,4891583,0,4891583,4891.583,
2026-06-10 07:00:01,,,,,4891583,0,4891583,4891.583,
2026-06-10 08:00:01,,,,,4891583,0,4891583,4891.583,
2026-06-10 09:00:01,,,,,4891583,0,4891583,4891.583,
2026-06-10 10:00:01,,,,,4891583,0,4891583,4891.583,
2026-06-10 11:00:01,,,,,4891583,0,4891583,4891.583,
2026-06-10 12:00:01,,,,,4891583,0,4891583,4891.583,
2026-06-10 13:00:01,,,,,4891583,0,4891583,4891.583,
2026-06-10 14:00:01,,,,,4891583,0,4891583,4891.583,
2026-06-10 15:00:01,,,,,4891583,0,4891583,4891.583,
2026-06-10 16:00:01,,,,,4891583,0,4891583,4891.583,
2026-06-10 17:00:01,,,,,4891583,0,4891583,4891.583,
2026-06-10 18:00:01,,,,,4891583,0,4891583,4891.583,
2026-06-10 19:00:01,,,,,4891583,0,4891583,4891.583,
2026-06-10 20:00:01,,,,,4891583,0,4891583,4891.583,
2026-06-10 21:00:01,,,,,4891583,0,4891583,4891.583,
2026-06-10 22:00:01,,,,,4891583,0,4891583,4891.583,
2026-06-10 23:00:01,,,,,4891583,0,4891583,4891.583,
2026-06-11 00:00:01,,,,,4891583,0,4891583,4891.583,
2026-06-11 01:00:01,,,,,4891583,0,4891583,4891.583,
2026-06-11 02:00:01,,,,,4891583,0,4891583,4891.583,
2026-06-11 03:00:01,,,,,4891583,0,4891583,4891.583,
2026-06-11 03:36:01,14.94,,,,4891583,0,4891583,4891.583,
2026-06-11 03:37:23,,3.63,,,,,,,-51
2026-06-11 04:00:01,,,,,4891583,0,4891583,4891.583,
2026-06-11 05:00:01,,,,,4891583,0,4891583,4891.583,
2026-06-11 06:00:01,,,,,4891583,0,4891583,4891.583,
2026-06-11 07:00:01,,,,,4891583,0,4891583,4891.583,
2026-06-11 08:00:01,,,,,4891583,0,4891583,4891.583,
2026-06-11 09:00:01,,,,,4891583,0,4891583,4891.583,
2026-06-11 10:00:01,,,,,4891583,0,4891583,4891.583,
2026-06-11 11:00:01,,,,,4891583,0,4891583,4891.583,
2026-06-11 12:00:01,,,,,4891583,0,4891583,4891.583,
2026-06-11 13:00:01,,,,,4891583,0,4891583,4891.583,
2026-06-11 14:00:01,,,,,4891583,0,4891583,4891.583,
2026-06-11 15:00:01,,,,,4891583,0,4891583,4891.583,
2026-06-11 16:00:01,,,,,4891583,0,4891583,4891.583,
2026-06-11 17:00:01,,,,,4891583,0,4891583,4891.583,
2026-06-11 18:00:01,,,,,4891583,0,4891583,4891.583,
2026-06-11 19:00:01,,,,,4891583,0,4891583,4891.583,
2026-06-11 20:00:01,,,,,4891583,0,4891583,4891.583,
2026-06-11 21:00:01,,,,,4891583,0,4891583,4891.583,
2026-06-11 22:00:01,,,,,4891583,0,4891583,4891.583,
2026-06-11 23:00:01,,,,,4891583,0,4891583,4891.583,
2026-06-12 00:00:01,,,,,4891583,0,4891583,4891.583,
2026-06-12 01:00:01,,,,,4891583,0,4891583,4891.583,
2026-06-12 02:00:01,,,,,4891583,0,4891583,4891.583,
2026-06-12 03:00:01,,,,,4891583,0,4891583,4891.583,
2026-06-12 03:36:01,15.35,,,,4891583,0,4891583,4891.583,
2026-06-12 03:37:13,,3.62,,,,,,,-49
2026-06-12 04:00:01,,,,,4891583,0,4891583,4891.583,
2026-06-12 05:00:01,,,,,4891583,0,4891583,4891.583,
2026-06-12 06:00:01,,,,,4891583,0,4891583,4891.583,
2026-06-12 07:00:01,,,,,4891583,0,4891583,4891.583,
2026-06-12 08:00:01,,,,,4891583,0,4891583,4891.583,
2026-06-12 09:00:01,,,,,4891583,0,4891583,4891.583,
2026-06-12 10:00:01,,,,,4891583,0,4891583,4891.583,
2026-06-12 11:00:01,,,,,4891583,0,4891583,4891.583,
2026-06-12 12:00:01,,,,,4891583,0,4891583,4891.583,
2026-06-12 13:00:01,,,,,4891583,0,4891583,4891.583,
2026-06-12 14:00:01,,,,,4891583,0,4891583,4891.583,
2026-06-12 15:00:01,,,,,4891583,0,4891583,4891.583,
2026-06-12 16:00:01,,,,,4891583,0,4891583,4891.583,
2026-06-12 17:00:01,,,,,4891583,0,4891583,4891.583,
2026-06-12 18:00:01,,,,,4891583,0,4891583,4891.583,
2026-06-12 19:00:01,,,,,4891583,0,4891583,4891.583,
2026-06-12 20:00:01,,,,,4891583,0,4891583,4891.583,
2026-06-12 21:00:01,,,,,4891583,0,4891583,4891.583,
2026-06-12 22:00:01,,,,,4891583,0,4891583,4891.583,
2026-06-12 23:00:01,,,,,4891583,0,4891583,4891.583,
2026-06-13 00:00:01,,,,,4891583,0,4891583,4891.583,
2026-06-13 01:00:01,,,,,4891583,0,4891583,4891.583,
2026-06-13 02:00:01,,,,,4891583,0,4891583,4891.583,
2026-06-13 03:00:01,,,,,4891583,0,4891583,4891.583,
2026-06-13 03:36:01,13.35,,,,4891583,0,4891583,4891.583,
2026-06-13 03:37:18,,3.62,,,,,,,-49
2026-06-13 04:00:01,,,,,4891583,0,4891583,4891.583,
2026-06-13 05:00:01,,,,,4891583,0,4891583,4891.583,
2026-06-13 06:00:01,,,,,4891583,0,4891583,4891.583,
2026-06-13 07:00:01,,,,,4891584,1,4891584,4891.584,
2026-06-13 08:00:01,,,,,4891584,0,4891584,4891.584,
2026-06-13 09:00:01,,,,,4891584,0,4891584,4891.584,
2026-06-13 10:00:01,,,,,4891584,0,4891584,4891.584,
2026-06-13 11:00:01,,,,,4891584,0,4891584,4891.584,
2026-06-13 12:00:01,,,,,4891584,0,4891584,4891.584,
2026-06-13 13:00:01,,,,,4891584,0,4891584,4891.584,
2026-06-13 14:00:01,,,,,4891584,0,4891584,4891.584,
2026-06-13 15:00:01,,,,,4891584,0,4891584,4891.584,
2026-06-13 16:00:01,,,,,4891584,0,4891584,4891.584,
2026-06-13 17:00:01,,,,,4891584,0,4891584,4891.584,
2026-06-13 18:00:01,,,,,4891584,0,4891584,4891.584,
2026-06-13 19:00:01,,,,,4891584,0,4891584,4891.584,
2026-06-13 20:00:01,,,,,4891584,0,4891584,4891.584,
2026-06-13 21:00:01,,,,,4891584,0,4891584,4891.584,
2026-06-13 22:00:01,,,,,4891584,0,4891584,4891.584,
2026-06-13 23:00:01,,,,,4891584,0,4891584,4891.584,
2026-06-14 00:00:01,,,,,4891584,0,4891584,4891.584,
2026-06-14 01:00:01,,,,,4891584,0,4891584,4891.584,
2026-06-14 02:00:01,,,,,4891584,0,4891584,4891.584,
2026-06-14 03:00:01,,,,,4891584,0,4891584,4891.584,
2026-06-14 03:36:01,14.05,,,,4891584,0,4891584,4891.584,
2026-06-14 03:37:08,,3.64,,,,,,,-50
2026-06-14 04:00:01,,,,,4891584,0,4891584,4891.584,
2026-06-14 05:00:01,,,,,4891584,0,4891584,4891.584,
2026-06-14 06:00:01,,,,,4891584,0,4891584,4891.584,
2026-06-14 07:00:01,,,,,4891584,0,4891584,4891.584,
2026-06-14 08:00:01,,,,,4891584,0,4891584,4891.584,
2026-06-14 09:00:01,,,,,4891584,0,4891584,4891.584,
2026-06-14 10:00:01,,,,,4891584,0,4891584,4891.584,
2026-06-14 11:00:01,,,,,4891584,0,4891584,4891.584,
2026-06-14 12:00:01,,,,,4891584,0,4891584,4891.584,
2026-06-14 13:00:01,,,,,4891584,0,4891584,4891.584,
2026-06-14 14:00:01,,,,,4891584,0,4891584,4891.584,
2026-06-14 15:00:01,,,,,4891584,0,4891584,4891.584,
2026-06-14 16:00:01,,,,,4891584,0,4891584,4891.584,
2026-06-14 17:00:01,,,,,4891584,0,4891584,4891.584,
2026-06-14 18:00:01,,,,,4891584,0,4891584,4891.584,
2026-06-14 19:00:01,,,,,4891584,0,4891584,4891.584,
2026-06-14 20:00:01,,,,,4891584,0,4891584,4891.584,
2026-06-14 21:00:01,,,,,4891584,0,4891584,4891.584,
2026-06-14 22:00:01,,,,,4891584,0,4891584,4891.584,
2026-06-14 23:00:01,,,,,4891584,0,4891584,4891.584,
2026-06-15 00:00:01,,,,,4891584,0,4891584,4891.584,
2026-06-15 01:00:01,,,,,4891584,0,4891584,4891.584,
2026-06-15 02:00:01,,,,,4891584,0,4891584,4891.584,
2026-06-15 03:00:01,,,,,4891584,0,4891584,4891.584,
2026-06-15 03:36:01,14.71,,,,4891584,0,4891584,4891.584,
2026-06-15 03:37:18,,3.62,,,,,,,-50
2026-06-15 04:00:01,,,,,4891584,0,4891584,4891.584,
2026-06-15 05:00:01,,,,,4891584,0,4891584,4891.584,
2026-06-15 06:00:01,,,,,4891584,0,4891584,4891.584,
2026-06-15 07:00:01,,,,,4891584,0,4891584,4891.584,
2026-06-15 08:00:01,,,,,4891584,0,4891584,4891.584,
2026-06-15 09:00:01,,,,,4891584,0,4891584,4891.584,
2026-06-15 10:00:01,,,,,4891584,0,4891584,4891.584,
2026-06-15 11:00:01,,,,,4891584,0,4891584,4891.584,
2026-06-15 12:00:01,,,,,4891584,0,4891584,4891.584,
2026-06-15 13:00:01,,,,,4891584,0,4891584,4891.584,
2026-06-15 14:00:01,,,,,4891584,0,4891584,4891.584,
2026-06-15 15:00:01,,,,,4891584,0,4891584,4891.584,
2026-06-15 16:00:01,,,,,4891584,0,4891584,4891.584,
2026-06-15 17:00:01,,,,,4891584,0,4891584,4891.584,
2026-06-15 18:00:01,,,,,4891584,0,4891584,4891.584,
2026-06-15 19:00:01,,,,,4891584,0,4891584,4891.584,
2026-06-15 20:00:01,,,,,4891584,0,4891584,4891.584,
2026-06-15 21:00:01,,,,,4891584,0,4891584,4891.584,
2026-06-15 22:00:01,,,,,4891584,0,4891584,4891.584,
2026-06-15 23:00:01,,,,,4891584,0,4891584,4891.584,
2026-06-16 00:00:01,,,,,4891584,0,4891584,4891.584,
2026-06-16 01:00:01,,,,,4891584,0,4891584,4891.584,
2026-06-16 02:00:01,,,,,4891584,0,4891584,4891.584,
2026-06-16 03:00:01,,,,,4891584,0,4891584,4891.584,
2026-06-16 03:36:01,13.11,,,,4891584,0,4891584,4891.584,
2026-06-16 03:37:13,,3.63,,,,,,,-50
2026-06-16 04:00:01,,,,,4891584,0,4891584,4891.584,
2026-06-16 05:00:01,,,,,4891584,0,4891584,4891.584,
2026-06-16 06:00:01,,,,,4891584,0,4891584,4891.584,
2026-06-16 07:00:01,,,,,4891584,0,4891584,4891.584,
2026-06-16 08:00:01,,,,,4891584,0,4891584,4891.584,
2026-06-16 09:00:01,,,,,4891584,0,4891584,4891.584,
2026-06-16 10:00:01,,,,,4891584,0,4891584,4891.584,
2026-06-16 11:00:01,,,,,4891584,0,4891584,4891.584,
2026-06-16 12:00:01,,,,,4891584,0,4891584,4891.584,
2026-06-16 13:00:01,,,,,4891584,0,4891584,4891.584,
2026-06-16 14:00:01,,,,,4891584,0,4891584,4891.584,
2026-06-16 15:00:01,,,,,4891584,0,4891584,4891.584,
2026-06-16 16:00:01,,,,,4891584,0,4891584,4891.584,
2026-06-16 17:00:01,,,,,4891584,0,4891584,4891.584,
2026-06-16 18:00:01,,,,,4891584,0,4891584,4891.584,
2026-06-16 19:00:01,,,,,4891584,0,4891584,4891.584,
2026-06-16 20:00:01,,,,,4891584,0,4891584,4891.584,
2026-06-16 21:00:01,,,,,4891584,0,4891584,4891.584,
2026-06-16 22:00:01,,,,,4891584,0,4891584,4891.584,
2026-06-16 23:00:01,,,,,4891584,0,4891584,4891.584,
2026-06-17 00:00:01,,,,,4891584,0,4891584,4891.584,
2026-06-17 01:00:01,,,,,4891584,0,4891584,4891.584,
2026-06-17 02:00:01,,,,,4891584,0,4891584,4891.584,
2026-06-17 03:00:01,,,,,4891584,0,4891584,4891.584,
2026-06-17 03:36:01,14.63,,,,4891584,0,4891584,4891.584,
2026-06-17 03:37:23,,3.62,,,,,,,-51
2026-06-17 04:00:01,,,,,4891584,0,4891584,4891.584,
2026-06-17 05:00:01,,,,,4891584,0,4891584,4891.584,
2026-06-17 06:00:01,,,,,4891584,0,4891584,4891.584,
2026-06-17 07:00:01,,,,,4891584,0,4891584,4891.584,
2026-06-17 08:00:01,,,,,4891584,0,4891584,4891.584,
2026-06-17 09:00:01,,,,,4891584,0,4891584,4891.584,
2026-06-17 10:00:01,,,,,4891584,0,4891584,4891.584,
2026-06-17 11:00:01,,,,,4891584,0,4891584,4891.584,
2026-06-17 12:00:01,,,,,4891584,0,4891584,4891.584,
2026-06-17 13:00:01,,,,,4891584,0,4891584,4891.584,
2026-06-17 14:00:01,,,,,4891584,0,4891584,4891.584,
2026-06-17 15:00:01,,,,,4891584,0,4891584,4891.584,
2026-06-17 16:00:01,,,,,4891584,0,4891584,4891.584,
2026-06-17 17:00:01,,,,,4891584,0,4891584,4891.584,
2026-06-17 18:00:01,,,,,4891584,0,4891584,4891.584,
2026-06-17 19:00:01,,,,,4891584,0,4891584,4891.584,
2026-06-17 20:00:01,,,,,4891584,0,4891584,4891.584,
2026-06-17 21:00:01,,,,,4891584,0,4891584,4891.584,
2026-06-17 22:00:01,,,,,4891584,0,4891584,4891.584,
2026-06-17 23:00:01,,,,,4891584,0,4891584,4891.584,
2026-06-18 00:00:01,,,,,4891584,0,4891584,4891.584,
2026-06-18 01:00:01,,,,,4891584,0,4891584,4891.584,
2026-06-18 02:00:01,,,,,4891584,0,4891584,4891.584,
2026-06-18 03:00:01,,,,,4891584,0,4891584,4891.584,
2026-06-18 03:36:01,15.66,,,,4891584,0,4891584,4891.584,
2026-06-18 03:37:13,,3.62,,,,,,,-50
2026-06-18 04:00:01,,,,,4891584,0,4891584,4891.584,
2026-06-18 05:00:01,,,,,4891584,0,4891584,4891.584,
2026-06-18 06:00:01,,,,,4891584,0,4891584,4891.584,
2026-06-18 07:00:01,,,,,4891584,0,4891584,4891.584,
2026-06-18 08:00:01,,,,,4891584,0,4891584,4891.584,
2026-06-18 09:00:01,,,,,4891584,0,4891584,4891.584,
2026-06-18 10:00:01,,,,,4891584,0,4891584,4891.584,
2026-06-18 11:00:01,,,,,4891584,0,4891584,4891.584,
2026-06-18 12:00:01,,,,,4891584,0,4891584,4891.584,
2026-06-18 13:00:01,,,,,4891584,0,4891584,4891.584,
2026-06-18 14:00:01,,,,,4891584,0,4891584,4891.584,
2026-06-18 15:00:01,,,,,4891584,0,4891584,4891.584,
2026-06-18 16:00:01,,,,,4891584,0,4891584,4891.584,
2026-06-18 17:00:01,,,,,4891584,0,4891584,4891.584,
2026-06-18 18:00:01,,,,,4891584,0,4891584,4891.584,
2026-06-18 19:00:01,,,,,4891584,0,4891584,4891.584,
2026-06-18 20:00:01,,,,,4891584,0,4891584,4891.584,
2026-06-18 21:00:01,,,,,4891584,0,4891584,4891.584,
2026-06-18 22:00:01,,,,,4891584,0,4891584,4891.584,
2026-06-18 23:00:01,,,,,4891584,0,4891584,4891.584,
2026-06-19 00:00:01,,,,,4891584,0,4891584,4891.584,
2026-06-19 01:00:01,,,,,4891584,0,4891584,4891.584,
2026-06-19 02:00:01,,,,,4891584,0,4891584,4891.584,
2026-06-19 03:00:01,,,,,4891584,0,4891584,4891.584,
2026-06-19 03:36:01,16.01,,,,4891584,0,4891584,4891.584,
2026-06-19 03:37:13,,,"a00064-01001",,,,,,
2026-06-19 03:37:43,,3.63,,,,,,,-50
2026-06-19 04:00:01,,,,,4891584,0,4891584,4891.584,
2026-06-19 05:00:01,,,,,4891584,0,4891584,4891.584,
2026-06-19 06:00:01,,,,,4891584,0,4891584,4891.584,
2026-06-19 07:00:01,,,,,4891584,0,4891584,4891.584,
2026-06-19 08:00:01,,,,,4891584,0,4891584,4891.584,
2026-06-19 09:00:01,,,,,4891584,0,4891584,4891.584,
2026-06-19 10:00:01,,,,,4891584,0,4891584,4891.584,
2026-06-19 11:00:01,,,,,4891584,0,4891584,4891.584,
2026-06-19 12:00:01,,,,,4891592,8,4891592,4891.592,
2026-06-19 13:00:01,,,,,4891592,0,4891592,4891.592,
2026-06-19 14:00:01,,,,,4891592,0,4891592,4891.592,
2026-06-19 15:00:01,,,,,4891592,0,4891592,4891.592,
2026-06-19 16:00:01,,,,,4891592,0,4891592,4891.592,
2026-06-19 17:00:01,,,,,4891592,0,4891592,4891.592,
2026-06-19 18:00:01,,,,,4891592,0,4891592,4891.592,
2026-06-19 19:00:01,,,,,4891592,0,4891592,4891.592,
2026-06-19 20:00:01,,,,,4891592,0,4891592,4891.592,
2026-06-19 21:00:01,,,,,4891592,0,4891592,4891.592,
2026-06-19 22:00:01,,,,,4891592,0,4891592,4891.592,
2026-06-19 23:00:01,,,,,4891592,0,4891592,4891.592,
2026-06-20 00:00:01,,,,,4891592,0,4891592,4891.592,
2026-06-20 01:00:01,,,,,4891592,0,4891592,4891.592,
2026-06-20 02:00:01,,,,,4891592,0,4891592,4891.592,
2026-06-20 03:00:01,,,,,4891592,0,4891592,4891.592,
2026-06-20 03:36:01,14.94,,,,4891592,0,4891592,4891.592,
2026-06-20 03:37:07,,3.62,,,,,,,-50
2026-06-20 04:00:01,,,,,4891592,0,4891592,4891.592,
2026-06-20 05:00:01,,,,,4891592,0,4891592,4891.592,
2026-06-20 06:00:01,,,,,4891592,0,4891592,4891.592,
2026-06-20 07:00:01,,,,,4891592,0,4891592,4891.592,
2026-06-20 08:00:01,,,,,4891592,0,4891592,4891.592,
2026-06-20 09:00:01,,,,,4891592,0,4891592,4891.592,
2026-06-20 10:00:01,,,,,4891592,0,4891592,4891.592,
2026-06-20 11:00:01,,,,,4891592,0,4891592,4891.592,
2026-06-20 12:00:01,,,,,4891592,0,4891592,4891.592,
2026-06-20 13:00:01,,,,,4891592,0,4891592,4891.592,
2026-06-20 14:00:01,,,,,4891592,0,4891592,4891.592,
2026-06-20 15:00:01,,,,,4891592,0,4891592,4891.592,
2026-06-20 16:00:01,,,,,4891592,0,4891592,4891.592,
2026-06-20 17:00:01,,,,,4891592,0,4891592,4891.592,
2026-06-20 18:00:01,,,,,4891592,0,4891592,4891.592,
2026-06-20 19:00:01,,,,,4891595,3,4891595,4891.595,
2026-06-20 20:00:01,,,,,4891595,0,4891595,4891.595,
2026-06-20 21:00:01,,,,,4891595,0,4891595,4891.595,
2026-06-20 22:00:01,,,,,4891595,0,4891595,4891.595,
2026-06-20 23:00:01,,,,,4891595,0,4891595,4891.595,
2026-06-21 00:00:01,,,,,4891595,0,4891595,4891.595,
2026-06-21 01:00:01,,,,,4891595,0,4891595,4891.595,
2026-06-21 02:00:01,,,,,4891595,0,4891595,4891.595,
2026-06-21 03:00:01,,,,,4891595,0,4891595,4891.595,
2026-06-21 03:36:01,13.78,,,,4891595,0,4891595,4891.595,
2026-06-21 03:37:10,,3.62,,,,,,,-50
2026-06-21 04:00:01,,,,,4891595,0,4891595,4891.595,
2026-06-21 05:00:01,,,,,4891595,0,4891595,4891.595,
2026-06-21 06:00:01,,,,,4891595,0,4891595,4891.595,
2026-06-21 07:00:01,,,,,4891595,0,4891595,4891.595,
2026-06-21 08:00:01,,,,,4891595,0,4891595,4891.595,
2026-06-21 09:00:01,,,,,4891595,0,4891595,4891.595,
2026-06-21 10:00:01,,,,,4891595,0,4891595,4891.595,
2026-06-21 11:00:01,,,,,4891595,0,4891595,4891.595,
2026-06-21 12:00:01,,,,,4891595,0,4891595,4891.595,
2026-06-21 13:00:01,,,,,4891595,0,4891595,4891.595,
2026-06-21 14:00:01,,,,,4891595,0,4891595,4891.595,
2026-06-21 15:00:01,,,,,4891595,0,4891595,4891.595,
2026-06-21 16:00:01,,,,,4891595,0,4891595,4891.595,
2026-06-21 17:00:01,,,,,4891595,0,4891595,4891.595,
2026-06-21 18:00:01,,,,,4891595,0,4891595,4891.595,
2026-06-21 19:00:01,,,,,4891595,0,4891595,4891.595,
2026-06-21 20:00:01,,,,,4891595,0,4891595,4891.595,
2026-06-21 21:00:01,,,,,4891595,0,4891595,4891.595,
2026-06-21 22:00:01,,,,,4891595,0,4891595,4891.595,
2026-06-21 23:00:01,,,,,4891595,0,4891595,4891.595,
2026-06-22 00:00:01,,,,,4891595,0,4891595,4891.595,
2026-06-22 01:00:01,,,,,4891595,0,4891595,4891.595,
2026-06-22 02:00:01,,,,,4891595,0,4891595,4891.595,
2026-06-22 03:00:01,,,,,4891595,0,4891595,4891.595,
2026-06-22 03:36:01,13.6,,,,4891595,0,4891595,4891.595,
2026-06-22 03:37:13,,3.62,,,,,,,-50
2026-06-22 04:00:01,,,,,4891595,0,4891595,4891.595,
2026-06-22 05:00:01,,,,,4891595,0,4891595,4891.595,
2026-06-22 06:00:01,,,,,4891595,0,4891595,4891.595,
2026-06-22 07:00:01,,,,,4891595,0,4891595,4891.595,
2026-06-22 08:00:01,,,,,4891595,0,4891595,4891.595,
2026-06-22 09:00:01,,,,,4891595,0,4891595,4891.595,
2026-06-22 10:00:01,,,,,4891595,0,4891595,4891.595,
2026-06-22 11:00:01,,,,,4891595,0,4891595,4891.595,
2026-06-22 12:00:01,,,,,4891595,0,4891595,4891.595,
2026-06-22 13:00:01,,,,,4891595,0,4891595,4891.595,
2026-06-22 14:00:01,,,,,4891595,0,4891595,4891.595,
2026-06-22 15:00:01,,,,,4891595,0,4891595,4891.595,
2026-06-22 16:00:01,,,,,4891595,0,4891595,4891.595,
2026-06-22 17:00:01,,,,,4891595,0,4891595,4891.595,
2026-06-22 18:00:01,,,,,4891595,0,4891595,4891.595,
2026-06-22 19:00:01,,,,,4891595,0,4891595,4891.595,
2026-06-22 20:00:01,,,,,4891595,0,4891595,4891.595,
2026-06-22 21:00:01,,,,,4891595,0,4891595,4891.595,
2026-06-22 22:00:01,,,,,4891595,0,4891595,4891.595,
2026-06-22 23:00:01,,,,,4891595,0,4891595,4891.595,
2026-06-23 00:00:01,,,,,4891595,0,4891595,4891.595,
2026-06-23 01:00:01,,,,,4891595,0,4891595,4891.595,
2026-06-23 02:00:01,,,,,4891595,0,4891595,4891.595,
2026-06-23 03:00:01,,,,,4891595,0,4891595,4891.595,
2026-06-23 03:36:01,12.5,,,,4891595,0,4891595,4891.595,
2026-06-23 03:37:23,,3.62,,,,,,,-50
2026-06-23 04:00:01,,,,,4891595,0,4891595,4891.595,
2026-06-23 05:00:01,,,,,4891595,0,4891595,4891.595,
2026-06-23 06:00:01,,,,,4891595,0,4891595,4891.595,
2026-06-23 07:00:01,,,,,4891595,0,4891595,4891.595,
2026-06-23 08:00:01,,,,,4891595,0,4891595,4891.595,
2026-06-23 09:00:01,,,,,4891601,6,4891601,4891.601,
2026-06-23 10:00:01,,,,,4891601,0,4891601,4891.601,
2026-06-23 11:00:01,,,,,4891601,0,4891601,4891.601,
2026-06-23 12:00:01,,,,,4891602,1,4891602,4891.602,
2026-06-23 13:00:01,,,,,4891602,0,4891602,4891.602,
2026-06-23 14:00:01,,,,,4891604,2,4891604,4891.604,
2026-06-23 15:00:01,,,,,4891604,0,4891604,4891.604,
2026-06-23 16:00:01,,,,,4891604,0,4891604,4891.604,
2026-06-23 17:00:01,,,,,4891604,0,4891604,4891.604,
2026-06-23 18:00:01,,,,,4891604,0,4891604,4891.604,
2026-06-23 19:00:01,,,,,4891604,0,4891604,4891.604,
2026-06-23 20:00:01,,,,,4891604,0,4891604,4891.604,
2026-06-23 21:00:01,,,,,4891604,0,4891604,4891.604,
2026-06-23 22:00:01,,,,,4891604,0,4891604,4891.604,
2026-06-23 23:00:01,,,,,4891604,0,4891604,4891.604,
2026-06-24 00:00:01,,,,,4891604,0,4891604,4891.604,
2026-06-24 01:00:01,,,,,4891604,0,4891604,4891.604,
2026-06-24 02:00:01,,,,,4891604,0,4891604,4891.604,
2026-06-24 03:00:01,,,,,4891607,3,4891607,4891.607,
2026-06-24 03:36:01,11.43,,,,4891607,0,4891607,4891.607,
2026-06-24 03:37:12,,3.62,,,,,,,-49
2026-06-24 04:00:01,,,,,4891607,0,4891607,4891.607,
2026-06-24 05:00:01,,,,,4891608,1,4891608,4891.608,
2026-06-24 06:00:01,,,,,4891608,0,4891608,4891.608,
2026-06-24 07:00:01,,,,,4891608,0,4891608,4891.608,
2026-06-24 08:00:01,,,,,4891608,0,4891608,4891.608,
2026-06-24 09:00:01,,,,,4891608,0,4891608,4891.608,
2026-06-24 10:00:01,,,,,4891608,0,4891608,4891.608,
2026-06-24 11:00:01,,,,,4891608,0,4891608,4891.608,
2026-06-24 12:00:01,,,,,4891608,0,4891608,4891.608,
2026-06-24 13:00:01,,,,,4891608,0,4891608,4891.608,
2026-06-24 14:00:01,,,,,4891608,0,4891608,4891.608,
2026-06-24 15:00:01,,,,,4891608,0,4891608,4891.608,
2026-06-24 16:00:01,,,,,4891608,0,4891608,4891.608,
2026-06-24 17:00:01,,,,,4891608,0,4891608,4891.608,
2026-06-24 18:00:01,,,,,4891608,0,4891608,4891.608,
2026-06-24 19:00:01,,,,,4891608,0,4891608,4891.608,
2026-06-24 20:00:01,,,,,4891608,0,4891608,4891.608,
2026-06-24 21:00:01,,,,,4891608,0,4891608,4891.608,
2026-06-24 22:00:01,,,,,4891608,0,4891608,4891.608,
2026-06-24 23:00:01,,,,,4891608,0,4891608,4891.608,
2026-06-25 00:00:01,,,,,4891608,0,4891608,4891.608,
2026-06-25 01:00:01,,,,,4891608,0,4891608,4891.608,
2026-06-25 02:00:01,,,,,4891608,0,4891608,4891.608,
2026-06-25 03:00:01,,,,,4891608,0,4891608,4891.608,
2026-06-25 03:36:01,11.36,,,,4891608,0,4891608,4891.608,
2026-06-25 03:37:13,,3.63,,,,,,,-50
2026-06-25 04:00:01,,,,,4891608,0,4891608,4891.608,
2026-06-25 05:00:01,,,,,4891608,0,4891608,4891.608,
2026-06-25 06:00:01,,,,,4891608,0,4891608,4891.608,
2026-06-25 07:00:01,,,,,4891608,0,4891608,4891.608,
2026-06-25 08:00:01,,,,,4891608,0,4891608,4891.608,
2026-06-25 09:00:01,,,,,4891611,3,4891611,4891.611,
2026-06-25 10:00:01,,,,,4891611,0,4891611,4891.611,
2026-06-25 11:00:01,,,,,4891611,0,4891611,4891.611,
2026-06-25 12:00:01,,,,,4891611,0,4891611,4891.611,
2026-06-25 13:00:01,,,,,4891611,0,4891611,4891.611,
2026-06-25 14:00:01,,,,,4891611,0,4891611,4891.611,
2026-06-25 15:00:01,,,,,4891611,0,4891611,4891.611,
2026-06-25 16:00:01,,,,,4891611,0,4891611,4891.611,
2026-06-25 17:00:01,,,,,4891611,0,4891611,4891.611,
2026-06-25 18:00:01,,,,,4891611,0,4891611,4891.611,
2026-06-25 19:00:01,,,,,4891611,0,4891611,4891.611,
2026-06-25 20:00:01,,,,,4891611,0,4891611,4891.611,
2026-06-25 21:00:01,,,,,4891611,0,4891611,4891.611,
2026-06-25 22:00:01,,,,,4891611,0,4891611,4891.611,
2026-06-25 23:00:01,,,,,4891611,0,4891611,4891.611,
2026-06-26 00:00:01,,,,,4891611,0,4891611,4891.611,
2026-06-26 01:00:01,,,,,4891611,0,4891611,4891.611,
2026-06-26 02:00:01,,,,,4891611,0,4891611,4891.611,
2026-06-26 03:00:01,,,,,4891611,0,4891611,4891.611,
2026-06-26 03:36:01,11.54,,,,4891611,0,4891611,4891.611,
2026-06-26 03:37:18,,3.62,,,,,,,-50
2026-06-26 04:00:01,,,,,4891611,0,4891611,4891.611,
2026-06-26 05:00:01,,,,,4891612,1,4891612,4891.612,
2026-06-26 06:00:01,,,,,4891612,0,4891612,4891.612,
2026-06-26 07:00:01,,,,,4891612,0,4891612,4891.612,
2026-06-26 08:00:01,,,,,4891612,0,4891612,4891.612,
2026-06-26 09:00:01,,,,,4891612,0,4891612,4891.612,
2026-06-26 10:00:01,,,,,4891612,0,4891612,4891.612,
2026-06-26 11:00:01,,,,,4891612,0,4891612,4891.612,
2026-06-26 12:00:01,,,,,4891612,0,4891612,4891.612,
2026-06-26 13:00:01,,,,,4891612,0,4891612,4891.612,
2026-06-26 14:00:01,,,,,4891612,0,4891612,4891.612,
2026-06-26 15:00:01,,,,,4891612,0,4891612,4891.612,
2026-06-26 16:00:01,,,,,4891612,0,4891612,4891.612,
2026-06-26 17:00:01,,,,,4891612,0,4891612,4891.612,
2026-06-26 18:00:01,,,,,4891612,0,4891612,4891.612,
2026-06-26 19:00:01,,,,,4891612,0,4891612,4891.612,
2026-06-26 20:00:01,,,,,4891612,0,4891612,4891.612,
2026-06-26 21:00:01,,,,,4891612,0,4891612,4891.612,
2026-06-26 22:00:01,,,,,4891612,0,4891612,4891.612,
2026-06-26 23:00:01,,,,,4891612,0,4891612,4891.612,
2026-06-27 00:00:01,,,,,4891612,0,4891612,4891.612,
2026-06-27 01:00:01,,,,,4891612,0,4891612,4891.612,
2026-06-27 02:00:01,,,,,4891612,0,4891612,4891.612,
2026-06-27 03:00:01,,,,,4891612,0,4891612,4891.612,
2026-06-27 03:36:01,10.51,,,,4891612,0,4891612,4891.612,
2026-06-27 03:37:08,,3.63,,,,,,,-50
2026-06-27 04:00:01,,,,,4891612,0,4891612,4891.612,
2026-06-27 05:00:01,,,,,4891612,0,4891612,4891.612,
2026-06-27 06:00:01,,,,,4891612,0,4891612,4891.612,
2026-06-27 07:00:01,,,,,4891612,0,4891612,4891.612,
2026-06-27 08:00:01,,,,,4891612,0,4891612,4891.612,
2026-06-27 09:00:01,,,,,4891612,0,4891612,4891.612,
2026-06-27 10:00:01,,,,,4891612,0,4891612,4891.612,
2026-06-27 11:00:01,,,,,4891612,0,4891612,4891.612,
2026-06-27 12:00:01,,,,,4891612,0,4891612,4891.612,
2026-06-27 13:00:01,,,,,4891614,2,4891614,4891.614,
2026-06-27 14:00:01,,,,,4891614,0,4891614,4891.614,
2026-06-27 15:00:01,,,,,4891616,2,4891616,4891.616,
2026-06-27 16:00:01,,,,,4891616,0,4891616,4891.616,
2026-06-27 17:00:01,,,,,4891616,0,4891616,4891.616,
2026-06-27 18:00:01,,,,,4891616,0,4891616,4891.616,
2026-06-27 19:00:01,,,,,4891616,0,4891616,4891.616,
2026-06-27 20:00:01,,,,,4891616,0,4891616,4891.616,
2026-06-27 21:00:01,,,,,4891616,0,4891616,4891.616,
2026-06-27 22:00:01,,,,,4891616,0,4891616,4891.616,
2026-06-27 23:00:01,,,,,4891616,0,4891616,4891.616,
2026-06-28 00:00:01,,,,,4891616,0,4891616,4891.616,
2026-06-28 01:00:01,,,,,4891616,0,4891616,4891.616,
2026-06-28 02:00:01,,,,,4891616,0,4891616,4891.616,
2026-06-28 03:00:01,,,,,4891616,0,4891616,4891.616,
2026-06-28 03:36:01,10.14,,,,4891616,0,4891616,4891.616,
2026-06-28 03:37:11,,3.61,,,,,,,-50
2026-06-28 04:00:01,,,,,4891616,0,4891616,4891.616,
2026-06-28 05:00:01,,,,,4891616,0,4891616,4891.616,
2026-06-28 06:00:01,,,,,4891616,0,4891616,4891.616,
2026-06-28 07:00:01,,,,,4891616,0,4891616,4891.616,
2026-06-28 08:00:01,,,,,4891616,0,4891616,4891.616,
2026-06-28 09:00:01,,,,,4891616,0,4891616,4891.616,
2026-06-28 10:00:01,,,,,4891616,0,4891616,4891.616,
2026-06-28 11:00:01,,,,,4891616,0,4891616,4891.616,
2026-06-28 12:00:01,,,,,4891616,0,4891616,4891.616,
2026-06-28 13:00:01,,,,,4891617,1,4891617,4891.617,
2026-06-28 14:00:01,,,,,4891617,0,4891617,4891.617,
2026-06-28 15:00:01,,,,,4891617,0,4891617,4891.617,
2026-06-28 16:00:01,,,,,4891617,0,4891617,4891.617,
2026-06-28 17:00:01,,,,,4891617,0,4891617,4891.617,
2026-06-28 18:00:01,,,,,4891617,0,4891617,4891.617,
2026-06-28 19:00:01,,,,,4891617,0,4891617,4891.617,
2026-06-28 20:00:01,,,,,4891617,0,4891617,4891.617,
2026-06-28 21:00:01,,,,,4891617,0,4891617,4891.617,
2026-06-28 22:00:01,,,,,4891617,0,4891617,4891.617,
2026-06-28 23:00:01,,,,,4891617,0,4891617,4891.617,
2026-06-29 00:00:01,,,,,4891617,0,4891617,4891.617,
2026-06-29 01:00:01,,,,,4891617,0,4891617,4891.617,
2026-06-29 02:00:01,,,,,4891617,0,4891617,4891.617,
2026-06-29 03:00:01,,,,,4891617,0,4891617,4891.617,
2026-06-29 03:36:01,12.38,,,,4891617,0,4891617,4891.617,
2026-06-29 03:37:07,,3.63,,,,,,,-49
2026-06-29 04:00:01,,,,,4891617,0,4891617,4891.617,
2026-06-29 05:00:01,,,,,4891617,0,4891617,4891.617,
2026-06-29 06:00:01,,,,,4891617,0,4891617,4891.617,
2026-06-29 07:00:01,,,,,4891617,0,4891617,4891.617,
2026-06-29 08:00:01,,,,,4891617,0,4891617,4891.617,
2026-06-29 09:00:01,,,,,4891617,0,4891617,4891.617,
2026-06-29 10:00:01,,,,,4891617,0,4891617,4891.617,
2026-06-29 11:00:01,,,,,4891617,0,4891617,4891.617,
2026-06-29 12:00:01,,,,,4891617,0,4891617,4891.617,
2026-06-29 13:00:01,,,,,4891618,1,4891618,4891.618,
2026-06-29 14:00:01,,,,,4891634,16,4891634,4891.634,
2026-06-29 15:00:01,,,,,4891640,6,4891640,4891.64,
2026-06-29 16:00:01,,,,,4891640,0,4891640,4891.64,
2026-06-29 17:00:01,,,,,4891640,0,4891640,4891.64,
2026-06-29 18:00:01,,,,,4891640,0,4891640,4891.64,
2026-06-29 19:00:01,,,,,4891641,1,4891641,4891.641,
2026-06-29 20:00:01,,,,,4891641,0,4891641,4891.641,
2026-06-29 21:00:01,,,,,4891641,0,4891641,4891.641,
2026-06-29 22:00:01,,,,,4891642,1,4891642,4891.642,
2026-06-29 23:00:01,,,,,4891642,0,4891642,4891.642,
2026-06-30 00:00:01,,,,,4891642,0,4891642,4891.642,
2026-06-30 01:00:01,,,,,4891642,0,4891642,4891.642,
2026-06-30 02:00:01,,,,,4891643,1,4891643,4891.643,
2026-06-30 03:00:01,,,,,4891643,0,4891643,4891.643,
2026-06-30 03:36:01,13.4,,,,4891643,0,4891643,4891.643,
2026-06-30 03:37:17,,3.62,,,,,,,-50
2026-06-30 04:00:01,,,,,4891643,0,4891643,4891.643,
2026-06-30 05:00:01,,,,,4891644,1,4891644,4891.644,
2026-06-30 06:00:01,,,,,4891644,0,4891644,4891.644,
2026-06-30 07:00:01,,,,,4891645,1,4891645,4891.645,
2026-06-30 08:00:01,,,,,4891645,0,4891645,4891.645,
2026-06-30 09:00:01,,,,,4891645,0,4891645,4891.645,
2026-06-30 10:00:01,,,,,4891646,1,4891646,4891.646,
2026-06-30 11:00:01,,,,,4891646,0,4891646,4891.646,
2026-06-30 12:00:01,,,,,4891646,0,4891646,4891.646,
2026-06-30 13:00:01,,,,,4891646,0,4891646,4891.646,
2026-06-30 14:00:01,,,,,4891647,1,4891647,4891.647,
2026-06-30 15:00:01,,,,,4891647,0,4891647,4891.647,
2026-06-30 16:00:01,,,,,4891647,0,4891647,4891.647,
2026-06-30 17:00:01,,,,,4891648,1,4891648,4891.648,
2026-06-30 18:00:01,,,,,4891648,0,4891648,4891.648,
2026-06-30 19:00:01,,,,,4891648,0,4891648,4891.648,
2026-06-30 20:00:01,,,,,4891649,1,4891649,4891.649,
2026-06-30 21:00:01,,,,,4891649,0,4891649,4891.649,
2026-06-30 22:00:01,,,,,4891649,0,4891649,4891.649,
2026-06-30 23:00:01,,,,,4891650,1,4891650,4891.65,
2026-07-01 00:00:01,,,,,4891650,0,4891650,4891.65,
2026-07-01 01:00:01,,,,,4891650,0,4891650,4891.65,
2026-07-01 02:00:01,,,,,4891651,1,4891651,4891.651,
2026-07-01 03:00:01,,,,,4891651,0,4891651,4891.651,
2026-07-01 03:36:01,14.26,,,,4891651,0,4891651,4891.651,
2026-07-01 03:37:13,,3.62,,,,,,,-49
2026-07-01 04:00:01,,,,,4891651,0,4891651,4891.651,
2026-07-01 05:00:01,,,,,4891651,0,4891651,4891.651,
2026-07-01 06:00:01,,,,,4891652,1,4891652,4891.652,
2026-07-01 07:00:01,,,,,4891652,0,4891652,4891.652,
2026-07-01 08:00:01,,,,,4891652,0,4891652,4891.652,
2026-07-01 09:00:01,,,,,4891655,3,4891655,4891.655,
2026-07-01 10:00:01,,,,,4891656,1,4891656,4891.656,
2026-07-01 11:00:01,,,,,4891657,1,4891657,4891.657,
2026-07-01 12:00:01,,,,,4891657,0,4891657,4891.657,
2026-07-01 13:00:01,,,,,4891658,1,4891658,4891.658,
2026-07-01 14:00:01,,,,,4891658,0,4891658,4891.658,
2026-07-01 15:00:01,,,,,4891659,1,4891659,4891.659,
2026-07-01 16:00:01,,,,,4891659,0,4891659,4891.659,
2026-07-01 17:00:01,,,,,4891659,0,4891659,4891.659,
2026-07-01 18:00:01,,,,,4891660,1,4891660,4891.66,
2026-07-01 19:00:01,,,,,4891660,0,4891660,4891.66,
2026-07-01 20:00:01,,,,,4891660,0,4891660,4891.66,
2026-07-01 21:00:01,,,,,4891661,1,4891661,4891.661,
2026-07-01 22:00:01,,,,,4891661,0,4891661,4891.661,
2026-07-01 23:00:01,,,,,4891661,0,4891661,4891.661,
2026-07-02 00:00:01,,,,,4891662,1,4891662,4891.662,
2026-07-02 01:00:01,,,,,4891662,0,4891662,4891.662,
2026-07-02 02:00:01,,,,,4891662,0,4891662,4891.662,
2026-07-02 03:00:01,,,,,4891662,0,4891662,4891.662,
2026-07-02 03:36:01,14.52,,,,4891662,0,4891662,4891.662,
2026-07-02 03:37:23,,3.62,,,,,,,-50
2026-07-02 04:00:01,,,,,4891663,1,4891663,4891.663,
2026-07-02 05:00:01,,,,,4891663,0,4891663,4891.663,
2026-07-02 06:00:01,,,,,4891663,0,4891663,4891.663,
2026-07-02 07:00:01,,,,,4891664,1,4891664,4891.664,
2026-07-02 08:00:01,,,,,4891664,0,4891664,4891.664,
2026-07-02 09:00:01,,,,,4891666,2,4891666,4891.666,
2026-07-02 10:00:01,,,,,4891668,2,4891668,4891.668,
2026-07-02 11:00:01,,,,,4891668,0,4891668,4891.668,
2026-07-02 12:00:01,,,,,4891668,0,4891668,4891.668,
2026-07-02 13:00:01,,,,,4891669,1,4891669,4891.669,
2026-07-02 14:00:01,,,,,4891670,1,4891670,4891.67,
2026-07-02 15:00:01,,,,,4891670,0,4891670,4891.67,
2026-07-02 16:00:01,,,,,4891671,1,4891671,4891.671,
2026-07-02 17:00:01,,,,,4891671,0,4891671,4891.671,
2026-07-02 18:00:01,,,,,4891671,0,4891671,4891.671,
2026-07-02 19:00:01,,,,,4891671,0,4891671,4891.671,
2026-07-02 20:00:01,,,,,4891671,0,4891671,4891.671,
2026-07-02 21:00:01,,,,,4891672,1,4891672,4891.672,
2026-07-02 22:00:01,,,,,4891672,0,4891672,4891.672,
2026-07-02 23:00:01,,,,,4891673,1,4891673,4891.673,
2026-07-03 00:00:01,,,,,4891673,0,4891673,4891.673,
2026-07-03 01:00:01,,,,,4891673,0,4891673,4891.673,
2026-07-03 02:00:01,,,,,4891673,0,4891673,4891.673,
2026-07-03 03:00:01,,,,,4891673,0,4891673,4891.673,
2026-07-03 03:36:01,13.78,,,,4891674,1,4891674,4891.674,
2026-07-03 03:37:13,,3.62,,,,,,,-49
2026-07-03 04:00:01,,,,,4891674,0,4891674,4891.674,
2026-07-03 05:00:01,,,,,4891674,0,4891674,4891.674,
2026-07-03 06:00:01,,,,,4891674,0,4891674,4891.674,
2026-07-03 07:00:01,,,,,4891675,1,4891675,4891.675,
2026-07-03 08:00:01,,,,,4891675,0,4891675,4891.675,
2026-07-03 09:00:01,,,,,4891676,1,4891676,4891.676,
2026-07-03 10:00:01,,,,,4891676,0,4891676,4891.676,
2026-07-03 11:00:01,,,,,4891677,1,4891677,4891.677,
2026-07-03 12:00:01,,,,,4891679,2,4891679,4891.679,
2026-07-03 13:00:01,,,,,4891679,0,4891679,4891.679,
2026-07-03 14:00:01,,,,,4891679,0,4891679,4891.679,
2026-07-03 15:00:01,,,,,4891680,1,4891680,4891.68,
2026-07-03 16:00:01,,,,,4891680,0,4891680,4891.68,
2026-07-03 17:00:01,,,,,4891680,0,4891680,4891.68,
2026-07-03 18:00:01,,,,,4891681,1,4891681,4891.681,
2026-07-03 19:00:01,,,,,4891681,0,4891681,4891.681,
2026-07-03 20:00:01,,,,,4891681,0,4891681,4891.681,
2026-07-03 21:00:01,,,,,4891681,0,4891681,4891.681,
2026-07-03 22:00:01,,,,,4891681,0,4891681,4891.681,
2026-07-03 23:00:01,,,,,4891682,1,4891682,4891.682,
2026-07-04 00:00:01,,,,,4891682,0,4891682,4891.682,
2026-07-04 01:00:01,,,,,4891682,0,4891682,4891.682,
2026-07-04 02:00:01,,,,,4891683,1,4891683,4891.683,
2026-07-04 03:00:01,,,,,4891683,0,4891683,4891.683,
2026-07-04 03:36:01,12.82,,,,4891683,0,4891683,4891.683,
2026-07-04 03:37:18,,3.62,,,,,,,-50
2026-07-04 04:00:01,,,,,4891683,0,4891683,4891.683,
2026-07-04 05:00:01,,,,,4891684,1,4891684,4891.684,
2026-07-04 06:00:01,,,,,4891684,0,4891684,4891.684,
2026-07-04 07:00:01,,,,,4891685,1,4891685,4891.685,
2026-07-04 08:00:01,,,,,4891685,0,4891685,4891.685,
2026-07-04 09:00:01,,,,,4891687,2,4891687,4891.687,
2026-07-04 10:00:01,,,,,4891688,1,4891688,4891.688,
2026-07-04 11:00:01,,,,,4891688,0,4891688,4891.688,
2026-07-04 12:00:01,,,,,4891688,0,4891688,4891.688,
2026-07-04 13:00:01,,,,,4891689,1,4891689,4891.689,
2026-07-04 14:00:01,,,,,4891689,0,4891689,4891.689,
2026-07-04 15:00:01,,,,,4891689,0,4891689,4891.689,
2026-07-04 16:00:01,,,,,4891689,0,4891689,4891.689,
2026-07-04 17:00:01,,,,,4891689,0,4891689,4891.689,
2026-07-04 18:00:01,,,,,4891690,1,4891690,4891.69,
2026-07-04 19:00:01,,,,,4891690,0,4891690,4891.69,
2026-07-04 20:00:01,,,,,4891690,0,4891690,4891.69,
2026-07-04 21:00:01,,,,,4891691,1,4891691,4891.691,
2026-07-04 22:00:01,,,,,4891691,0,4891691,4891.691,
2026-07-04 23:00:01,,,,,4891691,0,4891691,4891.691,
2026-07-05 00:00:01,,,,,4891692,1,4891692,4891.692,
2026-07-05 01:00:01,,,,,4891692,0,4891692,4891.692,
2026-07-05 02:00:01,,,,,4891692,0,4891692,4891.692,
2026-07-05 03:00:01,,,,,4891693,1,4891693,4891.693,
2026-07-05 03:36:01,12.37,,,,4891693,0,4891693,4891.693,
2026-07-05 03:37:08,,3.62,,,,,,,-49
2026-07-05 04:00:01,,,,,4891693,0,4891693,4891.693,
2026-07-05 05:00:01,,,,,4891693,0,4891693,4891.693,
2026-07-05 06:00:01,,,,,4891693,0,4891693,4891.693,
2026-07-05 07:00:01,,,,,4891694,1,4891694,4891.694,
2026-07-05 08:00:01,,,,,4891694,0,4891694,4891.694,
2026-07-05 09:00:01,,,,,4891696,2,4891696,4891.696,
2026-07-05 10:00:01,,,,,4891696,0,4891696,4891.696,
2026-07-05 11:00:01,,,,,4891696,0,4891696,4891.696,
2026-07-05 12:00:01,,,,,4891696,0,4891696,4891.696,
2026-07-05 13:00:01,,,,,4891697,1,4891697,4891.697,
2026-07-05 14:00:01,,,,,4891697,0,4891697,4891.697,
2026-07-05 15:00:01,,,,,4891697,0,4891697,4891.697,
2026-07-05 16:00:01,,,,,4891698,1,4891698,4891.698,
2026-07-05 17:00:01,,,,,4891698,0,4891698,4891.698,
2026-07-05 18:00:01,,,,,4891698,0,4891698,4891.698,
2026-07-05 19:00:01,,,,,4891699,1,4891699,4891.699,
2026-07-05 20:00:01,,,,,4891699,0,4891699,4891.699,
2026-07-05 21:00:01,,,,,4891699,0,4891699,4891.699,
2026-07-05 22:00:01,,,,,4891700,1,4891700,4891.7,
2026-07-05 23:00:01,,,,,4891700,0,4891700,4891.7,
2026-07-06 00:00:01,,,,,4891700,0,4891700,4891.7,
2026-07-06 01:00:01,,,,,4891701,1,4891701,4891.701,
2026-07-06 02:00:01,,,,,4891701,0,4891701,4891.701,
2026-07-06 03:00:01,,,,,4891701,0,4891701,4891.701,
2026-07-06 03:36:01,9.57,,,,4891702,1,4891702,4891.702,
2026-07-06 03:37:11,,3.61,,,,,,,-49
2026-07-06 04:00:01,,,,,4891702,0,4891702,4891.702,
2026-07-06 05:00:01,,,,,4891702,0,4891702,4891.702,
2026-07-06 06:00:01,,,,,4891702,0,4891702,4891.702,
2026-07-06 07:00:01,,,,,4891702,0,4891702,4891.702,
2026-07-06 08:00:01,,,,,4891703,1,4891703,4891.703,
2026-07-06 09:00:01,,,,,4891703,0,4891703,4891.703,
2026-07-06 10:00:01,,,,,4891703,0,4891703,4891.703,
2026-07-06 11:00:01,,,,,4891704,1,4891704,4891.704,
2026-07-06 12:00:01,,,,,4891704,0,4891704,4891.704,
2026-07-06 13:00:01,,,,,4891704,0,4891704,4891.704,
2026-07-06 14:00:01,,,,,4891705,1,4891705,4891.705,
2026-07-06 15:00:01,,,,,4891705,0,4891705,4891.705,
2026-07-06 16:00:01,,,,,4891705,0,4891705,4891.705,
2026-07-06 17:00:01,,,,,4891706,1,4891706,4891.706,
2026-07-06 18:00:01,,,,,4891706,0,4891706,4891.706,
2026-07-06 19:00:01,,,,,4891706,0,4891706,4891.706,
2026-07-06 20:00:01,,,,,4891707,1,4891707,4891.707,
2026-07-06 21:00:01,,,,,4891707,0,4891707,4891.707,
2026-07-06 22:00:01,,,,,4891707,0,4891707,4891.707,
2026-07-06 23:00:01,,,,,4891708,1,4891708,4891.708,
2026-07-07 00:00:01,,,,,4891708,0,4891708,4891.708,
2026-07-07 01:00:01,,,,,4891708,0,4891708,4891.708,
2026-07-07 02:00:01,,,,,4891708,0,4891708,4891.708,
2026-07-07 03:00:01,,,,,4891709,1,4891709,4891.709,
2026-07-07 03:36:01,9.24,,,,4891709,0,4891709,4891.709,
2026-07-07 03:37:15,,3.61,,,,,,,-50
2026-07-07 04:00:01,,,,,4891709,0,4891709,4891.709,
2026-07-07 05:00:01,,,,,4891709,0,4891709,4891.709,
2026-07-07 06:00:01,,,,,4891710,1,4891710,4891.71,
2026-07-07 07:00:01,,,,,4891710,0,4891710,4891.71,
2026-07-07 08:00:01,,,,,4891710,0,4891710,4891.71,
2026-07-07 09:00:01,,,,,4891711,1,4891711,4891.711,
2026-07-07 10:00:01,,,,,4891711,0,4891711,4891.711,
2026-07-07 11:00:01,,,,,4891711,0,4891711,4891.711,
2026-07-07 12:00:01,,,,,4891712,1,4891712,4891.712,
2026-07-07 13:00:01,,,,,4891712,0,4891712,4891.712,
2026-07-07 14:00:01,,,,,4891712,0,4891712,4891.712,
2026-07-07 15:00:01,,,,,4891713,1,4891713,4891.713,
2026-07-07 16:00:01,,,,,4891713,0,4891713,4891.713,
2026-07-07 17:00:01,,,,,4891713,0,4891713,4891.713,
2026-07-07 18:00:01,,,,,4891714,1,4891714,4891.714,
2026-07-07 19:00:01,,,,,4891714,0,4891714,4891.714,
2026-07-07 20:00:01,,,,,4891714,0,4891714,4891.714,
2026-07-07 21:00:01,,,,,4891714,0,4891714,4891.714,
2026-07-07 22:00:01,,,,,4891715,1,4891715,4891.715,
2026-07-07 23:00:01,,,,,4891715,0,4891715,4891.715,
2026-07-08 00:00:01,,,,,4891715,0,4891715,4891.715,
2026-07-08 01:00:01,,,,,4891716,1,4891716,4891.716,
2026-07-08 02:00:01,,,,,4891716,0,4891716,4891.716,
2026-07-08 03:00:01,,,,,4891717,1,4891717,4891.717,
2026-07-08 03:36:01,9.03,,,,4891717,0,4891717,4891.717,
2026-07-08 03:37:17,,3.61,,,,,,,-50
2026-07-08 04:00:01,,,,,4891717,0,4891717,4891.717,
2026-07-08 05:00:01,,,,,4891717,0,4891717,4891.717,
2026-07-08 06:00:01,,,,,4891718,1,4891718,4891.718,
2026-07-08 07:00:01,,,,,4891718,0,4891718,4891.718,
2026-07-08 08:00:01,,,,,4891718,0,4891718,4891.718,
2026-07-08 09:00:01,,,,,4891751,33,4891751,4891.751,
2026-07-08 10:00:01,,,,,4891751,0,4891751,4891.751,
2026-07-08 11:00:01,,,,,4891751,0,4891751,4891.751,
2026-07-08 12:00:01,,,,,4891751,0,4891751,4891.751,
2026-07-08 13:00:01,,,,,4891751,0,4891751,4891.751,
2026-07-08 14:00:01,,,,,4891755,4,4891755,4891.755,
2026-07-08 15:00:01,,,,,4891755,0,4891755,4891.755,
2026-07-08 16:00:01,,,,,4891756,1,4891756,4891.756,
2026-07-08 17:00:01,,,,,4891756,0,4891756,4891.756,
2026-07-08 18:00:01,,,,,4891756,0,4891756,4891.756,
2026-07-08 19:00:01,,,,,4891757,1,4891757,4891.757,
2026-07-08 20:00:01,,,,,4891757,0,4891757,4891.757,
2026-07-08 21:00:01,,,,,4891758,1,4891758,4891.758,
2026-07-08 22:00:01,,,,,4891758,0,4891758,4891.758,
2026-07-08 23:00:01,,,,,4891758,0,4891758,4891.758,
2026-07-09 00:00:01,,,,,4891759,1,4891759,4891.759,
2026-07-09 01:00:01,,,,,4891759,0,4891759,4891.759,
2026-07-09 02:00:01,,,,,4891759,0,4891759,4891.759,
2026-07-09 03:00:01,,,,,4891760,1,4891760,4891.76,
2026-07-09 03:36:01,9.6,,,,4891760,0,4891760,4891.76,
2026-07-09 03:37:13,,3.61,,,,,,,-49
2026-07-09 04:00:01,,,,,4891760,0,4891760,4891.76,
2026-07-09 05:00:01,,,,,4891760,0,4891760,4891.76,
2026-07-09 06:00:01,,,,,4891761,1,4891761,4891.761,
2026-07-09 07:00:01,,,,,4891761,0,4891761,4891.761,
2026-07-09 08:00:01,,,,,4891761,0,4891761,4891.761,
2026-07-09 09:00:01,,,,,4891762,1,4891762,4891.762,
2026-07-09 10:00:01,,,,,4891762,0,4891762,4891.762,
2026-07-09 11:00:01,,,,,4891762,0,4891762,4891.762,
2026-07-09 12:00:01,,,,,4891763,1,4891763,4891.763,
2026-07-09 13:00:01,,,,,4891763,0,4891763,4891.763,
2026-07-09 14:00:01,,,,,4891763,0,4891763,4891.763,
2026-07-09 15:00:01,,,,,4891764,1,4891764,4891.764,
2026-07-09 16:00:01,,,,,4891764,0,4891764,4891.764,
2026-07-09 17:00:01,,,,,4891764,0,4891764,4891.764,
2026-07-09 18:00:01,,,,,4891765,1,4891765,4891.765,
2026-07-09 19:00:01,,,,,4891765,0,4891765,4891.765,
2026-07-09 20:00:01,,,,,4891766,1,4891766,4891.766,
2026-07-09 21:00:01,,,,,4891766,0,4891766,4891.766,
2026-07-09 22:00:01,,,,,4891766,0,4891766,4891.766,
2026-07-09 23:00:01,,,,,4891767,1,4891767,4891.767,
2026-07-10 00:00:01,,,,,4891767,0,4891767,4891.767,
2026-07-10 01:00:01,,,,,4891767,0,4891767,4891.767,
2026-07-10 02:00:01,,,,,4891768,1,4891768,4891.768,
2026-07-10 03:00:01,,,,,4891768,0,4891768,4891.768,
2026-07-10 03:36:01,9.09,,,,4891768,0,4891768,4891.768,
2026-07-10 03:37:18,,3.61,,,,,,,-49
2026-07-10 04:00:01,,,,,4891768,0,4891768,4891.768,
2026-07-10 05:00:01,,,,,4891768,0,4891768,4891.768,
2026-07-10 06:00:01,,,,,4891769,1,4891769,4891.769,
2026-07-10 07:00:01,,,,,4891769,0,4891769,4891.769,
2026-07-10 08:00:01,,,,,4891769,0,4891769,4891.769,
2026-07-10 09:00:01,,,,,4891770,1,4891770,4891.77,
2026-07-10 10:00:01,,,,,4891770,0,4891770,4891.77,
2026-07-10 11:00:01,,,,,4891771,1,4891771,4891.771,
2026-07-10 12:00:01,,,,,4891803,32,4891803,4891.803,
2026-07-10 13:00:01,,,,,4891805,2,4891805,4891.805,
2026-07-10 14:00:01,,,,,4891805,0,4891805,4891.805,
2026-07-10 15:00:01,,,,,4891806,1,4891806,4891.806,
2026-07-10 16:00:01,,,,,4891806,0,4891806,4891.806,
2026-07-10 17:00:01,,,,,4891806,0,4891806,4891.806,
2026-07-10 18:00:01,,,,,4891807,1,4891807,4891.807,
2026-07-10 19:00:01,,,,,4891807,0,4891807,4891.807,
2026-07-10 20:00:01,,,,,4891807,0,4891807,4891.807,
2026-07-10 21:00:01,,,,,4891808,1,4891808,4891.808,
2026-07-10 22:00:01,,,,,4891808,0,4891808,4891.808,
2026-07-10 23:00:01,,,,,4891808,0,4891808,4891.808,
2026-07-11 00:00:01,,,,,4891809,1,4891809,4891.809,
2026-07-11 01:00:01,,,,,4891809,0,4891809,4891.809,
2026-07-11 02:00:01,,,,,4891809,0,4891809,4891.809,
2026-07-11 03:00:01,,,,,4891810,1,4891810,4891.81,
2026-07-11 03:36:01,9.81,,,,4891810,0,4891810,4891.81,
2026-07-11 03:37:13,,3.63,,,,,,,-50
2026-07-11 04:00:01,,,,,4891810,0,4891810,4891.81,
2026-07-11 05:00:01,,,,,4891810,0,4891810,4891.81,
2026-07-11 06:00:01,,,,,4891810,0,4891810,4891.81,
2026-07-11 07:00:01,,,,,4891811,1,4891811,4891.811,
2026-07-11 08:00:01,,,,,4891813,2,4891813,4891.813,
2026-07-11 09:00:01,,,,,4891814,1,4891814,4891.814,
2026-07-11 10:00:01,,,,,4891814,0,4891814,4891.814,
2026-07-11 11:00:01,,,,,4891814,0,4891814,4891.814,
2026-07-11 12:00:01,,,,,4891814,0,4891814,4891.814,
2026-07-11 13:00:01,,,,,4891814,0,4891814,4891.814,
2026-07-11 14:00:01,,,,,4891815,1,4891815,4891.815,
2026-07-11 15:00:01,,,,,4891815,0,4891815,4891.815,
2026-07-11 16:00:01,,,,,4891815,0,4891815,4891.815,
2026-07-11 17:00:01,,,,,4891816,1,4891816,4891.816,
2026-07-11 18:00:01,,,,,4891816,0,4891816,4891.816,
2026-07-11 19:00:01,,,,,4891816,0,4891816,4891.816,
2026-07-11 20:00:01,,,,,4891817,1,4891817,4891.817,
2026-07-11 21:00:01,,,,,4891817,0,4891817,4891.817,
2026-07-11 22:00:01,,,,,4891817,0,4891817,4891.817,
2026-07-11 23:00:01,,,,,4891817,0,4891817,4891.817,
2026-07-12 00:00:01,,,,,4891818,1,4891818,4891.818,
2026-07-12 01:00:01,,,,,4891818,0,4891818,4891.818,
2026-07-12 02:00:01,,,,,4891818,0,4891818,4891.818,
2026-07-12 03:00:01,,,,,4891819,1,4891819,4891.819,
2026-07-12 03:36:01,11.07,,,,4891819,0,4891819,4891.819,
2026-07-12 03:37:23,,3.62,,,,,,,-51
2026-07-12 04:00:01,,,,,4891819,0,4891819,4891.819,
2026-07-12 05:00:01,,,,,4891819,0,4891819,4891.819,
2026-07-12 06:00:01,,,,,4891820,1,4891820,4891.82,
2026-07-12 07:00:01,,,,,4891820,0,4891820,4891.82,
2026-07-12 08:00:01,,,,,4891821,1,4891821,4891.821,
2026-07-12 09:00:01,,,,,4891822,1,4891822,4891.822,
2026-07-12 10:00:01,,,,,4891822,0,4891822,4891.822,
2026-07-12 11:00:01,,,,,4891822,0,4891822,4891.822,
2026-07-12 12:00:01,,,,,4891823,1,4891823,4891.823,
2026-07-12 13:00:01,,,,,4891823,0,4891823,4891.823,
2026-07-12 14:00:01,,,,,4891823,0,4891823,4891.823,
2026-07-12 15:00:01,,,,,4891824,1,4891824,4891.824,
2026-07-12 16:00:01,,,,,4891824,0,4891824,4891.824,
2026-07-12 17:00:01,,,,,4891824,0,4891824,4891.824,
2026-07-12 18:00:01,,,,,4891825,1,4891825,4891.825,
2026-07-12 19:00:01,,,,,4891825,0,4891825,4891.825,
2026-07-12 20:00:01,,,,,4891825,0,4891825,4891.825,
2026-07-12 21:00:01,,,,,4891825,0,4891825,4891.825,
2026-07-12 22:00:01,,,,,4891825,0,4891825,4891.825,
2026-07-12 23:00:01,,,,,4891826,1,4891826,4891.826,
2026-07-13 00:00:01,,,,,4891826,0,4891826,4891.826,
2026-07-13 01:00:01,,,,,4891827,1,4891827,4891.827,
2026-07-13 02:00:01,,,,,4891827,0,4891827,4891.827,
2026-07-13 03:00:01,,,,,4891827,0,4891827,4891.827,
2026-07-13 03:36:01,10.82,,,,4891827,0,4891827,4891.827,
2026-07-13 03:37:08,,3.62,,,,,,,-50
2026-07-13 04:00:01,,,,,4891828,1,4891828,4891.828,
2026-07-13 05:00:01,,,,,4891828,0,4891828,4891.828,
2026-07-13 06:00:01,,,,,4891828,0,4891828,4891.828,
2026-07-13 07:00:01,,,,,4891832,4,4891832,4891.832,
2026-07-13 08:00:01,,,,,4891832,0,4891832,4891.832,
2026-07-13 09:00:01,,,,,4891833,1,4891833,4891.833,
2026-07-13 10:00:01,,,,,4891834,1,4891834,4891.834,
2026-07-13 11:00:01,,,,,4891839,5,4891839,4891.839,
2026-07-13 12:00:01,,,,,4891842,3,4891842,4891.842,
2026-07-13 13:00:01,,,,,4891845,3,4891845,4891.845,
2026-07-13 14:00:01,,,,,4891846,1,4891846,4891.846,
2026-07-13 15:00:01,,,,,4891848,2,4891848,4891.848,
2026-07-13 16:00:01,,,,,4891849,1,4891849,4891.849,
2026-07-13 17:00:01,,,,,4891849,0,4891849,4891.849,
2026-07-13 18:00:01,,,,,4891849,0,4891849,4891.849,
2026-07-13 19:00:01,,,,,4891849,0,4891849,4891.849,
2026-07-13 20:00:01,,,,,4891849,0,4891849,4891.849,
2026-07-13 21:00:01,,,,,4891850,1,4891850,4891.85,
2026-07-13 22:00:01,,,,,4891850,0,4891850,4891.85,
2026-07-13 23:00:01,,,,,4891850,0,4891850,4891.85,
2026-07-14 00:00:01,,,,,4891851,1,4891851,4891.851,
2026-07-14 01:00:01,,,,,4891851,0,4891851,4891.851,
2026-07-14 02:00:01,,,,,4891851,0,4891851,4891.851,
2026-07-14 03:00:01,,,,,4891852,1,4891852,4891.852,
2026-07-14 03:36:01,12.42,,,,4891852,0,4891852,4891.852,
2026-07-14 03:37:18,,3.62,,,,,,,-51
2026-07-14 04:00:01,,,,,4891852,0,4891852,4891.852,
2026-07-14 05:00:01,,,,,4891852,0,4891852,4891.852,
2026-07-14 06:00:01,,,,,4891853,1,4891853,4891.853,
2026-07-14 07:00:01,,,,,4891856,3,4891856,4891.856,
2026-07-14 08:00:01,,,,,4891856,0,4891856,4891.856,
2026-07-14 09:00:01,,,,,4891860,4,4891860,4891.86,
2026-07-14 10:00:01,,,,,4891860,0,4891860,4891.86,
2026-07-14 11:00:01,,,,,4891862,2,4891862,4891.862,
2026-07-14 12:00:01,,,,,4891863,1,4891863,4891.863,
2026-07-14 13:00:01,,,,,4891863,0,4891863,4891.863,
2026-07-14 14:00:01,,,,,4891863,0,4891863,4891.863,
2026-07-14 15:00:01,,,,,4891863,0,4891863,4891.863,
2026-07-14 16:00:01,,,,,4891863,0,4891863,4891.863,
2026-07-14 17:00:01,,,,,4891863,0,4891863,4891.863,
2026-07-14 18:00:01,,,,,4891863,0,4891863,4891.863,
2026-07-14 19:00:01,,,,,4891863,0,4891863,4891.863,
2026-07-14 20:00:01,,,,,4891863,0,4891863,4891.863,
2026-07-14 21:00:01,,,,,4891863,0,4891863,4891.863,
2026-07-14 22:00:01,,,,,4891863,0,4891863,4891.863,
2026-07-14 23:00:01,,,,,4891863,0,4891863,4891.863,
2026-07-15 00:00:01,,,,,4891863,0,4891863,4891.863,
2026-07-15 01:00:01,,,,,4891863,0,4891863,4891.863,
2026-07-15 02:00:01,,,,,4891863,0,4891863,4891.863,
2026-07-15 03:00:01,,,,,4891863,0,4891863,4891.863,
2026-07-15 03:36:01,11.86,,,,4891863,0,4891863,4891.863,
2026-07-15 03:37:13,,3.61,,,,,,,-50
2026-07-15 04:00:01,,,,,4891863,0,4891863,4891.863,
2026-07-15 05:00:01,,,,,4891863,0,4891863,4891.863,
2026-07-15 06:00:01,,,,,4891863,0,4891863,4891.863,
2026-07-15 07:00:01,,,,,4891863,0,4891863,4891.863,
2026-07-15 08:00:01,,,,,4891863,0,4891863,4891.863,
2026-07-15 09:00:01,,,,,4891863,0,4891863,4891.863,
2026-07-15 10:00:01,,,,,4891863,0,4891863,4891.863,
2026-07-15 11:00:01,,,,,4891863,0,4891863,4891.863,
2026-07-15 12:00:01,,,,,4891863,0,4891863,4891.863,
2026-07-15 13:00:01,,,,,4891863,0,4891863,4891.863,
2026-07-15 14:00:01,,,,,4891863,0,4891863,4891.863,
2026-07-15 15:00:01,,,,,4891863,0,4891863,4891.863,
2026-07-15 16:00:01,,,,,4891863,0,4891863,4891.863,
2026-07-15 17:00:01,,,,,4891863,0,4891863,4891.863,
2026-07-15 18:00:01,,,,,4891863,0,4891863,4891.863,
2026-07-15 19:00:01,,,,,4891863,0,4891863,4891.863,
2026-07-15 20:00:01,,,,,4891863,0,4891863,4891.863,
2026-07-15 21:00:01,,,,,4891863,0,4891863,4891.863,
2026-07-15 22:00:01,,,,,4891863,0,4891863,4891.863,
2026-07-15 23:00:01,,,,,4891863,0,4891863,4891.863,
2026-07-16 00:00:01,,,,,4891863,0,4891863,4891.863,
2026-07-16 01:00:01,,,,,4891863,0,4891863,4891.863,
2026-07-16 02:00:01,,,,,4891863,0,4891863,4891.863,
2026-07-16 03:00:01,,,,,4891863,0,4891863,4891.863,
2026-07-16 03:36:01,10.57,,,,4891863,0,4891863,4891.863,
2026-07-16 03:37:24,,3.62,,,,,,,-50
2026-07-16 04:00:01,,,,,4891863,0,4891863,4891.863,
2026-07-16 05:00:01,,,,,4891863,0,4891863,4891.863,
2026-07-16 06:00:01,,,,,4891863,0,4891863,4891.863,
2026-07-16 07:00:01,,,,,4891863,0,4891863,4891.863,
2026-07-16 08:00:01,,,,,4891863,0,4891863,4891.863,
2026-07-16 09:00:01,,,,,4891863,0,4891863,4891.863,
2026-07-16 10:00:01,,,,,4891863,0,4891863,4891.863,
2026-07-16 11:00:01,,,,,4891863,0,4891863,4891.863,
2026-07-16 12:00:01,,,,,4891863,0,4891863,4891.863,
2026-07-16 13:00:01,,,,,4891863,0,4891863,4891.863,
2026-07-16 14:00:01,,,,,4891863,0,4891863,4891.863,
2026-07-16 15:00:01,,,,,4891863,0,4891863,4891.863,
2026-07-16 16:00:01,,,,,4891863,0,4891863,4891.863,
2026-07-16 17:00:01,,,,,4891863,0,4891863,4891.863,
2026-07-16 18:00:01,,,,,4891863,0,4891863,4891.863,
2026-07-16 19:00:01,,,,,4891863,0,4891863,4891.863,
2026-07-16 20:00:01,,,,,4891863,0,4891863,4891.863,
2026-07-16 21:00:01,,,,,4891863,0,4891863,4891.863,
2026-07-16 22:00:01,,,,,4891863,0,4891863,4891.863,
2026-07-16 23:00:01,,,,,4891863,0,4891863,4891.863,
2026-07-17 00:00:01,,,,,4891863,0,4891863,4891.863,
2026-07-17 01:00:01,,,,,4891863,0,4891863,4891.863,
2026-07-17 02:00:01,,,,,4891863,0,4891863,4891.863,
2026-07-17 03:00:01,,,,,4891863,0,4891863,4891.863,
2026-07-17 03:36:01,10.09,,,,4891863,0,4891863,4891.863,
2026-07-17 03:37:13,,3.61,,,,,,,-50
2026-07-17 04:00:01,,,,,4891863,0,4891863,4891.863,
2026-07-17 05:00:01,,,,,4891863,0,4891863,4891.863,
2026-07-17 06:00:01,,,,,4891863,0,4891863,4891.863,
2026-07-17 07:00:01,,,,,4891863,0,4891863,4891.863,
2026-07-17 08:00:01,,,,,4891863,0,4891863,4891.863,
2026-07-17 09:00:01,,,,,4891863,0,4891863,4891.863,
2026-07-17 10:00:01,,,,,4891863,0,4891863,4891.863,
2026-07-17 11:00:01,,,,,4891863,0,4891863,4891.863,
2026-07-17 12:00:01,,,,,4891863,0,4891863,4891.863,
2026-07-17 13:00:01,,,,,4891863,0,4891863,4891.863,
2026-07-17 14:00:01,,,,,4891863,0,4891863,4891.863,
2026-07-17 15:00:01,,,,,4891863,0,4891863,4891.863,
2026-07-17 16:00:01,,,,,4891863,0,4891863,4891.863,
2026-07-17 17:00:01,,,,,4891863,0,4891863,4891.863,
2026-07-17 18:00:01,,,,,4891863,0,4891863,4891.863,
2026-07-17 19:00:01,,,,,4891863,0,4891863,4891.863,
2026-07-17 20:00:01,,,,,4891863,0,4891863,4891.863,
2026-07-17 21:00:01,,,,,4891863,0,4891863,4891.863,
2026-07-17 22:00:01,,,,,4891863,0,4891863,4891.863,
2026-07-17 23:00:01,,,,,4891863,0,4891863,4891.863,
2026-07-18 00:00:01,,,,,4891863,0,4891863,4891.863,
2026-07-18 01:00:01,,,,,4891863,0,4891863,4891.863,
2026-07-18 02:00:01,,,,,4891863,0,4891863,4891.863,
2026-07-18 03:00:01,,,,,4891863,0,4891863,4891.863,
2026-07-18 03:36:01,9.95,,,,4891863,0,4891863,4891.863,
2026-07-18 03:37:11,,3.6,,,,,,,-50
2026-07-18 04:00:01,,,,,4891863,0,4891863,4891.863,
2026-07-18 05:00:01,,,,,4891863,0,4891863,4891.863,
2026-07-18 06:00:01,,,,,4891863,0,4891863,4891.863,
2026-07-18 07:00:01,,,,,4891863,0,4891863,4891.863,
2026-07-18 08:00:01,,,,,4891863,0,4891863,4891.863,
2026-07-18 09:00:01,,,,,4891863,0,4891863,4891.863,
2026-07-18 10:00:01,,,,,4891863,0,4891863,4891.863,
2026-07-18 11:00:01,,,,,4891863,0,4891863,4891.863,
2026-07-18 12:00:01,,,,,4891863,0,4891863,4891.863,
2026-07-18 13:00:01,,,,,4891863,0,4891863,4891.863,
2026-07-18 14:00:01,,,,,4891863,0,4891863,4891.863,
2026-07-18 15:00:01,,,,,4891863,0,4891863,4891.863,
2026-07-18 16:00:01,,,,,4891863,0,4891863,4891.863,
2026-07-18 17:00:01,,,,,4891863,0,4891863,4891.863,
2026-07-18 18:00:01,,,,,4891863,0,4891863,4891.863,
2026-07-18 19:00:01,,,,,4891863,0,4891863,4891.863,
2026-07-18 20:00:01,,,,,4891863,0,4891863,4891.863,
2026-07-18 21:00:01,,,,,4891863,0,4891863,4891.863,
2026-07-18 22:00:01,,,,,4891863,0,4891863,4891.863,
2026-07-18 23:00:01,,,,,4891863,0,4891863,4891.863,
2026-07-19 00:00:01,,,,,4891863,0,4891863,4891.863,
2026-07-19 01:00:01,,,,,4891863,0,4891863,4891.863,
2026-07-19 02:00:01,,,,,4891863,0,4891863,4891.863,
2026-07-19 03:00:01,,,,,4891863,0,4891863,4891.863,
2026-07-19 03:36:01,9.63,,,,4891863,0,4891863,4891.863,
2026-07-19 03:37:13,,3.61,,,,,,,-50
2026-07-19 04:00:01,,,,,4891863,0,4891863,4891.863,
2026-07-19 05:00:01,,,,,4891863,0,4891863,4891.863,
2026-07-19 06:00:01,,,,,4891863,0,4891863,4891.863,
2026-07-19 07:00:01,,,,,4891863,0,4891863,4891.863,
2026-07-19 08:00:01,,,,,4891863,0,4891863,4891.863,
2026-07-19 09:00:01,,,,,4891863,0,4891863,4891.863,
2026-07-19 10:00:01,,,,,4891863,0,4891863,4891.863,
2026-07-19 11:00:01,,,,,4891863,0,4891863,4891.863,
2026-07-19 12:00:01,,,,,4891863,0,4891863,4891.863,
2026-07-19 13:00:01,,,,,4891863,0,4891863,4891.863,
2026-07-19 14:00:01,,,,,4891863,0,4891863,4891.863,
2026-07-19 15:00:01,,,,,4891863,0,4891863,4891.863,
2026-07-19 16:00:01,,,,,4891863,0,4891863,4891.863,
2026-07-19 17:00:01,,,,,4891863,0,4891863,4891.863,
2026-07-19 18:00:01,,,,,4891863,0,4891863,4891.863,
2026-07-19 19:00:01,,,,,4891863,0,4891863,4891.863,
2026-07-19 20:00:01,,,,,4891863,0,4891863,4891.863,
2026-07-19 21:00:01,,,,,4891863,0,4891863,4891.863,
2026-07-19 22:00:01,,,,,4891863,0,4891863,4891.863,
2026-07-19 23:00:01,,,,,4891863,0,4891863,4891.863,
2026-07-20 00:00:01,,,,,4891863,0,4891863,4891.863,
2026-07-20 01:00:01,,,,,4891863,0,4891863,4891.863,
2026-07-20 02:00:01,,,,,4891863,0,4891863,4891.863,
2026-07-20 03:00:01,,,,,4891863,0,4891863,4891.863,
2026-07-20 03:36:01,9.05,,,,4891863,0,4891863,4891.863,
2026-07-20 03:37:11,,3.6,,,,,,,-50
2026-07-20 04:00:01,,,,,4891863,0,4891863,4891.863,
2026-07-20 05:00:01,,,,,4891863,0,4891863,4891.863,
2026-07-20 06:00:01,,,,,4891863,0,4891863,4891.863,
2026-07-20 07:00:01,,,,,4891863,0,4891863,4891.863,
2026-07-20 08:00:01,,,,,4891863,0,4891863,4891.863,
2026-07-20 09:00:01,,,,,4891863,0,4891863,4891.863,
2026-07-20 10:00:01,,,,,4891863,0,4891863,4891.863,
2026-07-20 11:00:01,,,,,4891863,0,4891863,4891.863,
2026-07-20 12:00:01,,,,,4891863,0,4891863,4891.863,
2026-07-20 13:00:01,,,,,4891863,0,4891863,4891.863,
2026-07-20 14:00:01,,,,,4891863,0,4891863,4891.863,
2026-07-20 15:00:01,,,,,4891863,0,4891863,4891.863,
2026-07-20 16:00:01,,,,,4891863,0,4891863,4891.863,
2026-07-20 17:00:01,,,,,4891863,0,4891863,4891.863,
2026-07-20 18:00:01,,,,,4891863,0,4891863,4891.863,
2026-07-20 19:00:01,,,,,4891863,0,4891863,4891.863,
2026-07-20 20:00:01,,,,,4891863,0,4891863,4891.863,
2026-07-20 21:00:01,,,,,4891863,0,4891863,4891.863,
2026-07-20 22:00:01,,,,,4891863,0,4891863,4891.863,
2026-07-20 23:00:01,,,,,4891863,0,4891863,4891.863,
2026-07-21 00:00:01,,,,,4891863,0,4891863,4891.863,
2026-07-21 01:00:01,,,,,4891863,0,4891863,4891.863,
2026-07-21 02:00:01,,,,,4891863,0,4891863,4891.863,
2026-07-21 03:00:01,,,,,4891863,0,4891863,4891.863,
2026-07-21 03:36:01,9.22,,,,4891863,0,4891863,4891.863,
2026-07-21 03:37:13,,3.62,,,,,,,-50
2026-07-21 04:00:01,,,,,4891863,0,4891863,4891.863,
2026-07-21 05:00:01,,,,,4891863,0,4891863,4891.863,
2026-07-21 06:00:01,,,,,4891863,0,4891863,4891.863,
2026-07-21 07:00:01,,,,,4891863,0,4891863,4891.863,
2026-07-21 08:00:01,,,,,4891863,0,4891863,4891.863,
2026-07-21 09:00:01,,,,,4891863,0,4891863,4891.863,
2026-07-21 10:00:01,,,,,4891863,0,4891863,4891.863,
2026-07-21 11:00:01,,,,,4891863,0,4891863,4891.863,
2026-07-21 12:00:01,,,,,4891863,0,4891863,4891.863,
2026-07-21 13:00:01,,,,,4891863,0,4891863,4891.863,
2026-07-21 14:00:01,,,,,4891863,0,4891863,4891.863,
2026-07-21 15:00:01,,,,,4891863,0,4891863,4891.863,
2026-07-21 16:00:01,,,,,4891863,0,4891863,4891.863,
2026-07-21 17:00:01,,,,,4891863,0,4891863,4891.863,
2026-07-21 18:00:01,,,,,4891863,0,4891863,4891.863,
2026-07-21 19:00:01,,,,,4891863,0,4891863,4891.863,
2026-07-21 20:00:01,,,,,4891863,0,4891863,4891.863,
2026-07-21 21:00:01,,,,,4891863,0,4891863,4891.863,
2026-07-21 22:00:01,,,,,4891863,0,4891863,4891.863,
2026-07-21 23:00:01,,,,,4891863,0,4891863,4891.863,
2026-07-22 00:00:01,,,,,4891863,0,4891863,4891.863,
2026-07-22 01:00:01,,,,,4891863,0,4891863,4891.863,
2026-07-22 02:00:01,,,,,4891863,0,4891863,4891.863,
2026-07-22 03:00:01,,,,,4891863,0,4891863,4891.863,
2026-07-22 03:36:01,9.73,,,,4891863,0,4891863,4891.863,
2026-07-22 03:37:11,,3.62,,,,,,,-50
2026-07-22 04:00:01,,,,,4891863,0,4891863,4891.863,
2026-07-22 05:00:01,,,,,4891863,0,4891863,4891.863,
2026-07-22 06:00:01,,,,,4891863,0,4891863,4891.863,
2026-07-22 07:00:01,,,,,4891863,0,4891863,4891.863,
2026-07-22 08:00:01,,,,,4891863,0,4891863,4891.863,
2026-07-22 09:00:01,,,,,4891863,0,4891863,4891.863,
2026-07-22 10:00:01,,,,,4891863,0,4891863,4891.863,
2026-07-22 11:00:01,,,,,4891863,0,4891863,4891.863,
2026-07-22 12:00:01,,,,,4891863,0,4891863,4891.863,
2026-07-22 13:00:01,,,,,4891863,0,4891863,4891.863,
2026-07-22 14:00:01,,,,,4891863,0,4891863,4891.863,
2026-07-22 15:00:01,,,,,4891863,0,4891863,4891.863,
2026-07-22 16:00:01,,,,,4891863,0,4891863,4891.863,
2026-07-22 17:00:01,,,,,4891863,0,4891863,4891.863,
2026-07-22 18:00:01,,,,,4891863,0,4891863,4891.863,
2026-07-22 19:00:01,,,,,4891863,0,4891863,4891.863,
2026-07-22 20:00:01,,,,,4891863,0,4891863,4891.863,
2026-07-22 21:00:01,,,,,4891863,0,4891863,4891.863,
2026-07-22 22:00:01,,,,,4891863,0,4891863,4891.863,
2026-07-22 23:00:01,,,,,4891863,0,4891863,4891.863,
2026-07-23 00:00:01,,,,,4891863,0,4891863,4891.863,
2026-07-23 01:00:01,,,,,4891863,0,4891863,4891.863,
2026-07-23 02:00:01,,,,,4891863,0,4891863,4891.863,
2026-07-23 03:00:01,,,,,4891863,0,4891863,4891.863,
2026-07-23 03:36:01,10.84,,,,4891863,0,4891863,4891.863,
2026-07-23 03:37:13,,3.62,,,,,,,-50
2026-07-23 04:00:01,,,,,4891863,0,4891863,4891.863,
2026-07-23 05:00:01,,,,,4891863,0,4891863,4891.863,
2026-07-23 06:00:01,,,,,4891863,0,4891863,4891.863,
2026-07-23 07:00:01,,,,,4891863,0,4891863,4891.863,
2026-07-23 08:00:01,,,,,4891863,0,4891863,4891.863,
2026-07-23 09:00:01,,,,,4891863,0,4891863,4891.863,
2026-07-23 10:00:01,,,,,4891863,0,4891863,4891.863,
2026-07-23 11:00:01,,,,,4891863,0,4891863,4891.863,
2026-07-23 12:00:01,,,,,4891863,0,4891863,4891.863,
2026-07-23 13:00:01,,,,,4891863,0,4891863,4891.863,
2026-07-23 14:00:01,,,,,4891863,0,4891863,4891.863,
2026-07-23 15:00:01,,,,,4891863,0,4891863,4891.863,
2026-07-23 16:00:01,,,,,4891863,0,4891863,4891.863,
2026-07-23 17:00:01,,,,,4891863,0,4891863,4891.863,
2026-07-23 18:00:01,,,,,4891863,0,4891863,4891.863,
2026-07-23 19:00:01,,,,,4891863,0,4891863,4891.863,
2026-07-23 20:00:01,,,,,4891863,0,4891863,4891.863,
2026-07-23 21:00:01,,,,,4891863,0,4891863,4891.863,
2026-07-23 22:00:01,,,,,4891863,0,4891863,4891.863,
2026-07-23 23:00:01,,,,,4891863,0,4891863,4891.863,
2026-07-24 00:00:01,,,,,4891863,0,4891863,4891.863,
2026-07-24 01:00:01,,,,,4891863,0,4891863,4891.863,
2026-07-24 02:00:01,,,,,4891863,0,4891863,4891.863,
2026-07-24 03:00:01,,,,,4891863,0,4891863,4891.863,
2026-07-24 03:36:01,9.57,,,,4891863,0,4891863,4891.863,
2026-07-24 03:37:16,,3.6,,,,,,,-51
2026-07-24 04:00:01,,,,,4891863,0,4891863,4891.863,
2026-07-24 05:00:01,,,,,4891863,0,4891863,4891.863,
2026-07-24 06:00:01,,,,,4891863,0,4891863,4891.863,
2026-07-24 07:00:01,,,,,4891863,0,4891863,4891.863,
2026-07-24 08:00:01,,,,,4891863,0,4891863,4891.863,
2026-07-24 09:00:01,,,,,4891863,0,4891863,4891.863,
2026-07-24 10:00:01,,,,,4891863,0,4891863,4891.863,
2026-07-24 11:00:01,,,,,4891863,0,4891863,4891.863,
2026-07-24 12:00:01,,,,,4891863,0,4891863,4891.863,
2026-07-24 13:00:01,,,,,4891863,0,4891863,4891.863,
2026-07-24 14:00:01,,,,,4891863,0,4891863,4891.863,
2026-07-24 15:00:01,,,,,4891863,0,4891863,4891.863,
2026-07-24 16:00:01,,,,,4891863,0,4891863,4891.863,
2026-07-24 17:00:01,,,,,4891863,0,4891863,4891.863,
2026-07-24 18:00:01,,,,,4891863,0,4891863,4891.863,
2026-07-24 19:00:01,,,,,4891863,0,4891863,4891.863,
2026-07-24 20:00:01,,,,,4891863,0,4891863,4891.863,
2026-07-24 21:00:01,,,,,4891863,0,4891863,4891.863,
2026-07-24 22:00:01,,,,,4891863,0,4891863,4891.863,
2026-07-24 23:00:01,,,,,4891863,0,4891863,4891.863,
2026-07-25 00:00:01,,,,,4891863,0,4891863,4891.863,
2026-07-25 01:00:01,,,,,4891863,0,4891863,4891.863,
2026-07-25 02:00:01,,,,,4891863,0,4891863,4891.863,
2026-07-25 03:00:01,,,,,4891863,0,4891863,4891.863,
2026-07-25 03:36:01,8.67,,,,4891863,0,4891863,4891.863,
2026-07-25 03:37:14,,3.61,,,,,,,-51
2026-07-25 04:00:01,,,,,4891863,0,4891863,4891.863,
2026-07-25 05:00:01,,,,,4891863,0,4891863,4891.863,
2026-07-25 06:00:01,,,,,4891863,0,4891863,4891.863,
2026-07-25 07:00:01,,,,,4891863,0,4891863,4891.863,
2026-07-25 08:00:01,,,,,4891863,0,4891863,4891.863,
2026-07-25 09:00:01,,,,,4891863,0,4891863,4891.863,
2026-07-25 10:00:01,,,,,4891863,0,4891863,4891.863,
2026-07-25 11:00:01,,,,,4891863,0,4891863,4891.863,
2026-07-25 12:00:01,,,,,4891863,0,4891863,4891.863,
2026-07-25 13:00:01,,,,,4891863,0,4891863,4891.863,
2026-07-25 14:00:01,,,,,4891863,0,4891863,4891.863,
2026-07-25 15:00:01,,,,,4891863,0,4891863,4891.863,
2026-07-25 16:00:01,,,,,4891863,0,4891863,4891.863,
2026-07-25 17:00:01,,,,,4891863,0,4891863,4891.863,
2026-07-25 18:00:01,,,,,4891863,0,4891863,4891.863,
2026-07-25 19:00:01,,,,,4891863,0,4891863,4891.863,
2026-07-25 20:00:01,,,,,4891863,0,4891863,4891.863,
2026-07-25 21:00:01,,,,,4891863,0,4891863,4891.863,
2026-07-25 22:00:01,,,,,4891863,0,4891863,4891.863,
2026-07-25 23:00:01,,,,,4891863,0,4891863,4891.863,
2026-07-26 00:00:01,,,,,4891863,0,4891863,4891.863,
2026-07-26 01:00:01,,,,,4891863,0,4891863,4891.863,
2026-07-26 02:00:01,,,,,4891863,0,4891863,4891.863,
2026-07-26 03:00:01,,,,,4891863,0,4891863,4891.863,
2026-07-26 03:36:01,10.87,,,,4891863,0,4891863,4891.863,
2026-07-26 03:37:16,,3.61,,,,,,,-51
2026-07-26 04:00:01,,,,,4891863,0,4891863,4891.863,
2026-07-26 05:00:01,,,,,4891863,0,4891863,4891.863,
2026-07-26 06:00:01,,,,,4891863,0,4891863,4891.863,
2026-07-26 07:00:01,,,,,4891863,0,4891863,4891.863,
2026-07-26 08:00:01,,,,,4891863,0,4891863,4891.863,
2026-07-26 09:00:01,,,,,4891863,0,4891863,4891.863,
2026-07-26 10:00:01,,,,,4891863,0,4891863,4891.863,
2026-07-26 11:00:01,,,,,4891863,0,4891863,4891.863,
2026-07-26 12:00:01,,,,,4891863,0,4891863,4891.863,
2026-07-26 13:00:01,,,,,4891863,0,4891863,4891.863,
2026-07-26 14:00:01,,,,,4891863,0,4891863,4891.863,
2026-07-26 15:00:01,,,,,4891863,0,4891863,4891.863,
2026-07-26 16:00:01,,,,,4891863,0,4891863,4891.863,
2026-07-26 17:00:01,,,,,4891863,0,4891863,4891.863,
2026-07-26 18:00:01,,,,,4891863,0,4891863,4891.863,
2026-07-26 19:00:01,,,,,4891863,0,4891863,4891.863,
2026-07-26 20:00:01,,,,,4891863,0,4891863,4891.863,
2026-07-26 21:00:01,,,,,4891863,0,4891863,4891.863,
2026-07-26 22:00:01,,,,,4891863,0,4891863,4891.863,
2026-07-26 23:00:01,,,,,4891863,0,4891863,4891.863,
2026-07-27 00:00:01,,,,,4891863,0,4891863,4891.863,
2026-07-27 01:00:01,,,,,4891863,0,4891863,4891.863,
2026-07-27 02:00:01,,,,,4891863,0,4891863,4891.863,
2026-07-27 03:00:01,,,,,4891863,0,4891863,4891.863,
2026-07-27 03:36:01,11.28,,,,4891863,0,4891863,4891.863,
2026-07-27 03:37:08,,3.61,,,,,,,-51
2026-07-27 04:00:01,,,,,4891863,0,4891863,4891.863,
2026-07-27 05:00:01,,,,,4891863,0,4891863,4891.863,
2026-07-27 06:00:01,,,,,4891863,0,4891863,4891.863,
2026-07-27 07:00:01,,,,,4891863,0,4891863,4891.863,
2026-07-27 08:00:01,,,,,4891863,0,4891863,4891.863,
2026-07-27 09:00:01,,,,,4891863,0,4891863,4891.863,
2026-07-27 10:00:01,,,,,4891863,0,4891863,4891.863,
2026-07-27 11:00:01,,,,,4891863,0,4891863,4891.863,
2026-07-27 12:00:01,,,,,4891863,0,4891863,4891.863,
2026-07-27 13:00:01,,,,,4891863,0,4891863,4891.863,
2026-07-27 14:00:01,,,,,4891863,0,4891863,4891.863,
2026-07-27 15:00:01,,,,,4891863,0,4891863,4891.863,
2026-07-27 16:00:01,,,,,4891863,0,4891863,4891.863,
2026-07-27 17:00:01,,,,,4891863,0,4891863,4891.863,
2026-07-27 18:00:01,,,,,4891863,0,4891863,4891.863,
2026-07-27 19:00:01,,,,,4891863,0,4891863,4891.863,
2026-07-27 20:00:01,,,,,4891863,0,4891863,4891.863,
2026-07-27 21:00:01,,,,,4891863,0,4891863,4891.863,
2026-07-27 22:00:01,,,,,4891863,0,4891863,4891.863,
2026-07-27 23:00:01,,,,,4891863,0,4891863,4891.863,
2026-07-28 00:00:01,,,,,4891863,0,4891863,4891.863,
2026-07-28 01:00:01,,,,,4891863,0,4891863,4891.863,
2026-07-28 02:00:01,,,,,4891863,0,4891863,4891.863,
2026-07-28 03:00:01,,,,,4891863,0,4891863,4891.863,
2026-07-28 03:36:01,9.7,,,,4891863,0,4891863,4891.863,
2026-07-28 03:37:16,,3.61,,,,,,,-50
2026-07-28 04:00:01,,,,,4891863,0,4891863,4891.863,
2026-07-28 05:00:01,,,,,4891863,0,4891863,4891.863,
2026-07-28 06:00:01,,,,,4891863,0,4891863,4891.863,
2026-07-28 07:00:01,,,,,4891863,0,4891863,4891.863,
2026-07-28 08:00:01,,,,,4891863,0,4891863,4891.863,
2026-07-28 09:00:01,,,,,4891863,0,4891863,4891.863,
2026-07-28 10:00:01,,,,,4891863,0,4891863,4891.863,
2026-07-28 11:00:01,,,,,4891863,0,4891863,4891.863,
2026-07-28 12:00:01,,,,,4891863,0,4891863,4891.863,
2026-07-28 13:00:01,,,,,4891863,0,4891863,4891.863,
2026-07-28 14:00:01,,,,,4891863,0,4891863,4891.863,
2026-07-28 15:00:01,,,,,4891863,0,4891863,4891.863,
2026-07-28 16:00:01,,,,,4891863,0,4891863,4891.863,
2026-07-28 17:00:01,,,,,4891863,0,4891863,4891.863,
2026-07-28 18:00:01,,,,,4891863,0,4891863,4891.863,
2026-07-28 19:00:01,,,,,4891863,0,4891863,4891.863,
2026-07-28 20:00:01,,,,,4891863,0,4891863,4891.863,
2026-07-28 21:00:01,,,,,4891863,0,4891863,4891.863,
2026-07-28 22:00:01,,,,,4891863,0,4891863,4891.863,
2026-07-28 23:00:01,,,,,4891863,0,4891863,4891.863,
2026-07-29 00:00:01,,,,,4891863,0,4891863,4891.863,
2026-07-29 01:00:01,,,,,4891863,0,4891863,4891.863,
2026-07-29 02:00:01,,,,,4891863,0,4891863,4891.863,
2026-07-29 03:00:01,,,,,4891863,0,4891863,4891.863,
2026-07-29 03:36:01,12.2,,,,4891863,0,4891863,4891.863,
2026-07-29 03:38:30,,3.62,,,,,,,-52
2026-07-29 04:00:01,,,,,4891863,0,4891863,4891.863,
2026-07-29 05:00:01,,,,,4891863,0,4891863,4891.863,
2026-07-29 06:00:01,,,,,4891863,0,4891863,4891.863,
2026-07-29 07:00:01,,,,,4891863,0,4891863,4891.863,
2026-07-29 08:00:01,,,,,4891863,0,4891863,4891.863,
2026-07-29 09:00:01,,,,,4891863,0,4891863,4891.863,
2026-07-29 10:00:01,,,,,4891863,0,4891863,4891.863,
2026-07-29 11:00:01,,,,,4891863,0,4891863,4891.863,
2026-07-29 12:00:01,,,,,4891863,0,4891863,4891.863,
2026-07-29 13:00:01,,,,,4891863,0,4891863,4891.863,
2026-07-29 14:00:01,,,,,4891863,0,4891863,4891.863,
2026-07-29 15:00:01,,,,,4891863,0,4891863,4891.863,
2026-07-29 16:00:01,,,,,4891863,0,4891863,4891.863,
2026-07-29 17:00:01,,,,,4891863,0,4891863,4891.863,
2026-07-29 18:00:01,,,,,4891863,0,4891863,4891.863,
2026-07-29 19:00:01,,,,,4891863,0,4891863,4891.863,
2026-07-29 20:00:01,,,,,4891863,0,4891863,4891.863,
2026-07-29 21:00:01,,,,,4891863,0,4891863,4891.863,
2026-07-29 22:00:01,,,,,4891863,0,4891863,4891.863,
2026-07-29 23:00:01,,,,,4891863,0,4891863,4891.863,
2026-07-30 00:00:01,,,,,4891863,0,4891863,4891.863,
2026-07-30 01:00:01,,,,,4891863,0,4891863,4891.863,
2026-07-30 02:00:01,,,,,4891863,0,4891863,4891.863,
2026-07-30 03:00:01,,,,,4891863,0,4891863,4891.863,
2026-07-30 03:36:01,10.38,,,,4891863,0,4891863,4891.863,
2026-07-30 03:37:19,,3.6,,,,,,,-50
2026-07-30 04:00:01,,,,,4891863,0,4891863,4891.863,
2026-07-30 05:00:01,,,,,4891863,0,4891863,4891.863,
2026-07-30 06:00:01,,,,,4891863,0,4891863,4891.863,
2026-07-30 07:00:01,,,,,4891863,0,4891863,4891.863,
2026-07-30 08:00:01,,,,,4891863,0,4891863,4891.863,
2026-07-30 09:00:01,,,,,4891863,0,4891863,4891.863,
2026-07-30 10:00:01,,,,,4891863,0,4891863,4891.863,
2026-07-30 11:00:01,,,,,4891863,0,4891863,4891.863,
2026-07-30 12:00:01,,,,,4891863,0,4891863,4891.863,
2026-07-30 13:00:01,,,,,4891863,0,4891863,4891.863,
2026-07-30 14:00:01,,,,,4891863,0,4891863,4891.863,
2026-07-30 15:00:01,,,,,4891863,0,4891863,4891.863,
2026-07-30 16:00:01,,,,,4891863,0,4891863,4891.863,
2026-07-30 17:00:01,,,,,4891863,0,4891863,4891.863,
2026-07-30 18:00:01,,,,,4891863,0,4891863,4891.863,
2026-07-30 19:00:01,,,,,4891863,0,4891863,4891.863,
2026-07-30 20:00:01,,,,,4891863,0,4891863,4891.863,
2026-07-30 21:00:01,,,,,4891863,0,4891863,4891.863,
2026-07-30 22:00:01,,,,,4891863,0,4891863,4891.863,
2026-07-30 23:00:01,,,,,4891863,0,4891863,4891.863,
2026-07-31 00:00:01,,,,,4891863,0,4891863,4891.863,
2026-07-31 01:00:01,,,,,4891863,0,4891863,4891.863,
2026-07-31 02:00:01,,,,,4891863,0,4891863,4891.863,
2026-07-31 03:00:01,,,,,4891863,0,4891863,4891.863,
2026-07-31 03:36:01,8.52,,,,4891863,0,4891863,4891.863,
2026-07-31 03:38:37,,3.61,,,,,,,-51
2026-07-31 04:00:01,,,,,4891863,0,4891863,4891.863,
2026-07-31 05:00:01,,,,,4891863,0,4891863,4891.863,
2026-07-31 06:00:01,,,,,4891863,0,4891863,4891.863,
2026-07-31 07:00:01,,,,,4891863,0,4891863,4891.863,
2026-07-31 08:00:01,,,,,4891863,0,4891863,4891.863,
2026-07-31 09:00:01,,,,,4891863,0,4891863,4891.863,
2026-07-31 10:00:01,,,,,4891863,0,4891863,4891.863,
2026-07-31 11:00:01,,,,,4891863,0,4891863,4891.863,
2026-07-31 12:00:01,,,,,4891863,0,4891863,4891.863,
2026-07-31 13:00:01,,,,,4891863,0,4891863,4891.863,
2026-07-31 14:00:01,,,,,4891863,0,4891863,4891.863,
2026-07-31 15:00:01,,,,,4891863,0,4891863,4891.863,
2026-07-31 16:00:01,,,,,4891863,0,4891863,4891.863,
2026-07-31 17:00:01,,,,,4891863,0,4891863,4891.863,
2026-07-31 18:00:01,,,,,4891863,0,4891863,4891.863,
2026-07-31 19:00:01,,,,,4891863,0,4891863,4891.863,
2026-07-31 20:00:01,,,,,4891863,0,4891863,4891.863,
2026-07-31 21:00:01,,,,,4891863,0,4891863,4891.863,
2026-07-31 22:00:01,,,,,4891863,0,4891863,4891.863,
2026-07-31 23:00:01,,,,,4891863,0,4891863,4891.863,
2026-08-01 00:00:01,,,,,4891863,0,4891863,4891.863,
2026-08-01 01:00:01,,,,,4891863,0,4891863,4891.863,
2026-08-01 02:00:01,,,,,4891863,0,4891863,4891.863,
2026-08-01 03:00:01,,,,,4891863,0,4891863,4891.863,
2026-08-01 03:36:01,8.46,,,,4891863,0,4891863,4891.863,
2026-08-01 03:37:11,,3.6,,,,,,,-51
2026-08-01 04:00:01,,,,,4891863,0,4891863,4891.863,
2026-08-01 05:00:01,,,,,4891863,0,4891863,4891.863,
2026-08-01 06:00:01,,,,,4891863,0,4891863,4891.863,
2026-08-01 07:00:01,,,,,4891863,0,4891863,4891.863,
2026-08-01 08:00:01,,,,,4891863,0,4891863,4891.863,
2026-08-01 09:00:01,,,,,4891863,0,4891863,4891.863,
2026-08-01 10:00:01,,,,,4891863,0,4891863,4891.863,
2026-08-01 11:00:01,,,,,4891863,0,4891863,4891.863,
2026-08-01 12:00:01,,,,,4891863,0,4891863,4891.863,
2026-08-01 13:00:01,,,,,4891863,0,4891863,4891.863,
2026-08-01 14:00:01,,,,,4891863,0,4891863,4891.863,
2026-08-01 15:00:01,,,,,4891863,0,4891863,4891.863,
2026-08-01 16:00:01,,,,,4891863,0,4891863,4891.863,
2026-08-01 17:00:01,,,,,4891863,0,4891863,4891.863,
2026-08-01 18:00:01,,,,,4891863,0,4891863,4891.863,
2026-08-01 19:00:01,,,,,4891863,0,4891863,4891.863,
2026-08-01 20:00:01,,,,,4891863,0,4891863,4891.863,
2026-08-01 21:00:01,,,,,4891863,0,4891863,4891.863,
2026-08-01 22:00:01,,,,,4891863,0,4891863,4891.863,
2026-08-01 23:00:01,,,,,4891863,0,4891863,4891.863,
2026-08-02 00:00:01,,,,,4891863,0,4891863,4891.863,
2026-08-02 01:00:01,,,,,4891863,0,4891863,4891.863,
2026-08-02 02:00:01,,,,,4891863,0,4891863,4891.863,
2026-08-02 03:00:01,,,,,4891863,0,4891863,4891.863,
2026-08-02 03:36:01,8.91,,,,4891863,0,4891863,4891.863,
2026-08-02 03:37:08,,3.61,,,,,,,-50
2026-08-02 04:00:01,,,,,4891863,0,4891863,4891.863,
2026-08-02 05:00:01,,,,,4891863,0,4891863,4891.863,
2026-08-02 06:00:01,,,,,4891863,0,4891863,4891.863,
2026-08-02 07:00:01,,,,,4891863,0,4891863,4891.863,
2026-08-02 08:00:01,,,,,4891863,0,4891863,4891.863,
2026-08-02 09:00:01,,,,,4891863,0,4891863,4891.863,
2026-08-02 10:00:01,,,,,4891863,0,4891863,4891.863,
2026-08-02 11:00:01,,,,,4891863,0,4891863,4891.863,
2026-08-02 12:00:01,,,,,4891863,0,4891863,4891.863,
2026-08-02 13:00:01,,,,,4891863,0,4891863,4891.863,
2026-08-02 14:00:01,,,,,4891863,0,4891863,4891.863,
2026-08-02 15:00:01,,,,,4891863,0,4891863,4891.863,
2026-08-02 16:00:01,,,,,4891863,0,4891863,4891.863,
2026-08-02 17:00:01,,,,,4891863,0,4891863,4891.863,
2026-08-02 18:00:01,,,,,4891863,0,4891863,4891.863,
2026-08-02 19:00:01,,,,,4891863,0,4891863,4891.863,
2026-08-02 20:00:01,,,,,4891863,0,4891863,4891.863,
2026-08-02 21:00:01,,,,,4891863,0,4891863,4891.863,
2026-08-02 22:00:01,,,,,4891863,0,4891863,4891.863,
2026-08-02 23:00:01,,,,,4891863,0,4891863,4891.863,
2026-08-03 00:00:01,,,,,4891863,0,4891863,4891.863,
2026-08-03 01:00:01,,,,,4891863,0,4891863,4891.863,
2026-08-03 02:00:01,,,,,4891863,0,4891863,4891.863,
2026-08-03 03:00:01,,,,,4891863,0,4891863,4891.863,
2026-08-03 03:36:01,11,,,,4891863,0,4891863,4891.863,
2026-08-03 03:37:13,,3.62,,,,,,,-50
2026-08-03 04:00:01,,,,,4891863,0,4891863,4891.863,
2026-08-03 05:00:01,,,,,4891863,0,4891863,4891.863,
2026-08-03 06:00:01,,,,,4891863,0,4891863,4891.863,
2026-08-03 07:00:01,,,,,4891863,0,4891863,4891.863,
2026-08-03 08:00:01,,,,,4891863,0,4891863,4891.863,
2026-08-03 09:00:01,,,,,4891863,0,4891863,4891.863,
2026-08-03 10:00:01,,,,,4891863,0,4891863,4891.863,
2026-08-03 11:00:01,,,,,4891863,0,4891863,4891.863,
2026-08-03 12:00:01,,,,,4891863,0,4891863,4891.863,
2026-08-03 13:00:01,,,,,4891863,0,4891863,4891.863,
2026-08-03 14:00:01,,,,,4891863,0,4891863,4891.863,
2026-08-03 15:00:01,,,,,4891863,0,4891863,4891.863,
2026-08-03 16:00:01,,,,,4891863,0,4891863,4891.863,
2026-08-03 17:00:01,,,,,4891863,0,4891863,4891.863,
2026-08-03 18:00:01,,,,,4891863,0,4891863,4891.863,
2026-08-03 19:00:01,,,,,4891863,0,4891863,4891.863,
2026-08-03 20:00:01,,,,,4891863,0,4891863,4891.863,
2026-08-03 21:00:01,,,,,4891863,0,4891863,4891.863,
2026-08-03 22:00:01,,,,,4891863,0,4891863,4891.863,
2026-08-03 23:00:01,,,,,4891863,0,4891863,4891.863,
2026-08-04 00:00:01,,,,,4891863,0,4891863,4891.863,
2026-08-04 01:00:01,,,,,4891863,0,4891863,4891.863,
2026-08-04 02:00:01,,,,,4891863,0,4891863,4891.863,
2026-08-04 03:00:01,,,,,4891863,0,4891863,4891.863,
2026-08-04 03:36:01,11.53,,,,4891863,0,4891863,4891.863,
2026-08-04 03:37:18,,3.61,,,,,,,-51
2026-08-04 04:00:01,,,,,4891863,0,4891863,4891.863,
2026-08-04 05:00:01,,,,,4891863,0,4891863,4891.863,
2026-08-04 06:00:01,,,,,4891863,0,4891863,4891.863,
2026-08-04 07:00:01,,,,,4891863,0,4891863,4891.863,
2026-08-04 08:00:01,,,,,4891863,0,4891863,4891.863,
2026-08-04 09:00:01,,,,,4891863,0,4891863,4891.863,
2026-08-04 10:00:01,,,,,4891863,0,4891863,4891.863,
2026-08-04 11:00:01,,,,,4891863,0,4891863,4891.863,
2026-08-04 12:00:01,,,,,4891863,0,4891863,4891.863,
2026-08-04 13:00:01,,,,,4891863,0,4891863,4891.863,
2026-08-04 14:00:01,,,,,4891863,0,4891863,4891.863,
2026-08-04 15:00:01,,,,,4891863,0,4891863,4891.863,
2026-08-04 16:00:01,,,,,4891863,0,4891863,4891.863,
2026-08-04 17:00:01,,,,,4891863,0,4891863,4891.863,
2026-08-04 18:00:01,,,,,4891863,0,4891863,4891.863,
2026-08-04 19:00:01,,,,,4891863,0,4891863,4891.863,
2026-08-04 20:00:01,,,,,4891863,0,4891863,4891.863,
2026-08-04 21:00:01,,,,,4891863,0,4891863,4891.863,
2026-08-04 22:00:01,,,,,4891863,0,4891863,4891.863,
2026-08-04 23:00:01,,,,,4891863,0,4891863,4891.863,
2026-08-05 00:00:01,,,,,4891863,0,4891863,4891.863,
2026-08-05 01:00:01,,,,,4891863,0,4891863,4891.863,
2026-08-05 02:00:01,,,,,4891863,0,4891863,4891.863,
2026-08-05 03:00:01,,,,,4891863,0,4891863,4891.863,
2026-08-05 03:36:01,11.03,,,,4891863,0,4891863,4891.863,
2026-08-05 03:37:18,,3.62,,,,,,,-50
2026-08-05 04:00:01,,,,,4891863,0,4891863,4891.863,
2026-08-05 05:00:01,,,,,4891863,0,4891863,4891.863,
2026-08-05 06:00:01,,,,,4891863,0,4891863,4891.863,
2026-08-05 07:00:01,,,,,4891863,0,4891863,4891.863,
2026-08-05 08:00:01,,,,,4891863,0,4891863,4891.863,
2026-08-05 09:00:01,,,,,4891863,0,4891863,4891.863,
2026-08-05 10:00:01,,,,,4891863,0,4891863,4891.863,
2026-08-05 11:00:01,,,,,4891863,0,4891863,4891.863,
2026-08-05 12:00:01,,,,,4891863,0,4891863,4891.863,
2026-08-05 13:00:01,,,,,4891863,0,4891863,4891.863,
2026-08-05 14:00:01,,,,,4891863,0,4891863,4891.863,
2026-08-05 15:00:01,,,,,4891863,0,4891863,4891.863,
2026-08-05 16:00:01,,,,,4891863,0,4891863,4891.863,
2026-08-05 17:00:01,,,,,4891863,0,4891863,4891.863,
2026-08-05 18:00:01,,,,,4891863,0,4891863,4891.863,
2026-08-05 19:00:01,,,,,4891863,0,4891863,4891.863,
2026-08-05 20:00:01,,,,,4891863,0,4891863,4891.863,
2026-08-05 21:00:01,,,,,4891863,0,4891863,4891.863,
2026-08-05 22:00:01,,,,,4891863,0,4891863,4891.863,
2026-08-05 23:00:01,,,,,4891863,0,4891863,4891.863,
2026-08-06 00:00:01,,,,,4891863,0,4891863,4891.863,
2026-08-06 01:00:01,,,,,4891863,0,4891863,4891.863,
2026-08-06 02:00:01,,,,,4891863,0,4891863,4891.863,
2026-08-06 03:00:01,,,,,4891863,0,4891863,4891.863,
2026-08-06 03:36:01,10.93,,,,4891863,0,4891863,4891.863,
2026-08-06 03:37:08,,3.6,,,,,,,-50
2026-08-06 04:00:01,,,,,4891863,0,4891863,4891.863,
2026-08-06 05:00:01,,,,,4891863,0,4891863,4891.863,
2026-08-06 06:00:01,,,,,4891863,0,4891863,4891.863,
2026-08-06 07:00:01,,,,,4891863,0,4891863,4891.863,
2026-08-06 08:00:01,,,,,4891863,0,4891863,4891.863,
2026-08-06 09:00:01,,,,,4891863,0,4891863,4891.863,
2026-08-06 10:00:01,,,,,4891863,0,4891863,4891.863,
2026-08-06 11:00:01,,,,,4891863,0,4891863,4891.863,
2026-08-06 12:00:01,,,,,4891863,0,4891863,4891.863,
2026-08-06 13:00:01,,,,,4891932,69,4891932,4891.932,
2026-08-06 14:00:01,,,,,4891932,0,4891932,4891.932,
2026-08-06 15:00:01,,,,,4891949,17,4891949,4891.949,
2026-08-06 16:00:01,,,,,4891951,2,4891951,4891.951,
2026-08-06 17:00:01,,,,,4891951,0,4891951,4891.951,
2026-08-06 18:00:01,,,,,4891951,0,4891951,4891.951,
2026-08-06 19:00:01,,,,,4891951,0,4891951,4891.951,
2026-08-06 20:00:01,,,,,4891951,0,4891951,4891.951,
2026-08-06 21:00:01,,,,,4891951,0,4891951,4891.951,
2026-08-06 22:00:01,,,,,4891951,0,4891951,4891.951,
2026-08-06 23:00:01,,,,,4891951,0,4891951,4891.951,
2026-08-07 00:00:01,,,,,4891952,1,4891952,4891.952,
2026-08-07 01:00:01,,,,,4891952,0,4891952,4891.952,
2026-08-07 02:00:01,,,,,4891952,0,4891952,4891.952,
2026-08-07 03:00:01,,,,,4891952,0,4891952,4891.952,
2026-08-07 03:36:01,11.1,,,,4891952,0,4891952,4891.952,
2026-08-07 03:37:19,,3.61,,,,,,,-51
2026-08-07 04:00:01,,,,,4891952,0,4891952,4891.952,
2026-08-07 05:00:01,,,,,4891953,1,4891953,4891.953,
2026-08-07 06:00:01,,,,,4892361,408,4892361,4892.361,
2026-08-07 07:00:01,,,,,4892383,22,4892383,4892.383,
2026-08-07 08:00:01,,,,,4892383,0,4892383,4892.383,
2026-08-07 09:00:01,,,,,4892383,0,4892383,4892.383,
2026-08-07 10:00:01,,,,,4892384,1,4892384,4892.384,
2026-08-07 11:00:01,,,,,4892384,0,4892384,4892.384,
2026-08-07 12:00:01,,,,,4892384,0,4892384,4892.384,
2026-08-07 13:00:01,,,,,4892384,0,4892384,4892.384,
2026-08-07 14:00:01,,,,,4892384,0,4892384,4892.384,
2026-08-07 15:00:01,,,,,4892385,1,4892385,4892.385,
2026-08-07 16:00:01,,,,,4892385,0,4892385,4892.385,
2026-08-07 17:00:01,,,,,4892386,1,4892386,4892.386,
2026-08-07 18:00:01,,,,,4892386,0,4892386,4892.386,
2026-08-07 19:00:01,,,,,4892386,0,4892386,4892.386,
2026-08-07 20:00:01,,,,,4892386,0,4892386,4892.386,
2026-08-07 21:00:01,,,,,4892386,0,4892386,4892.386,
2026-08-07 22:00:01,,,,,4892386,0,4892386,4892.386,
2026-08-07 23:00:01,,,,,4892386,0,4892386,4892.386,
2026-08-08 00:00:01,,,,,4892386,0,4892386,4892.386,
2026-08-08 01:00:01,,,,,4892386,0,4892386,4892.386,
2026-08-08 02:00:01,,,,,4892386,0,4892386,4892.386,
2026-08-08 03:00:01,,,,,4892386,0,4892386,4892.386,
2026-08-08 03:36:01,12,,,,4892386,0,4892386,4892.386,
2026-08-08 03:37:08,,3.62,,,,,,,-50
2026-08-08 04:00:01,,,,,4892386,0,4892386,4892.386,
2026-08-08 05:00:01,,,,,4892386,0,4892386,4892.386,
2026-08-08 06:00:01,,,,,4892386,0,4892386,4892.386,
2026-08-08 07:00:01,,,,,4892386,0,4892386,4892.386,
2026-08-08 08:00:01,,,,,4892386,0,4892386,4892.386,
2026-08-08 09:00:01,,,,,4892386,0,4892386,4892.386,
2026-08-08 10:00:01,,,,,4892386,0,4892386,4892.386,
2026-08-08 11:00:01,,,,,4892386,0,4892386,4892.386,
2026-08-08 12:00:01,,,,,4892386,0,4892386,4892.386,
2026-08-08 13:00:01,,,,,4892386,0,4892386,4892.386,
2026-08-08 14:00:01,,,,,4892386,0,4892386,4892.386,
2026-08-08 15:00:01,,,,,4892386,0,4892386,4892.386,
2026-08-08 16:00:01,,,,,4892386,0,4892386,4892.386,
2026-08-08 17:00:01,,,,,4892386,0,4892386,4892.386,
2026-08-08 18:00:01,,,,,4892386,0,4892386,4892.386,
2026-08-08 19:00:01,,,,,4892386,0,4892386,4892.386,
2026-08-08 20:00:01,,,,,4892386,0,4892386,4892.386,
2026-08-08 21:00:01,,,,,4892386,0,4892386,4892.386,
2026-08-08 22:00:01,,,,,4892386,0,4892386,4892.386,
2026-08-08 23:00:01,,,,,4892386,0,4892386,4892.386,
2026-08-09 00:00:01,,,,,4892386,0,4892386,4892.386,
2026-08-09 01:00:01,,,,,4892386,0,4892386,4892.386,
2026-08-09 02:00:01,,,,,4892386,0,4892386,4892.386,
2026-08-09 03:00:01,,,,,4892386,0,4892386,4892.386,
2026-08-09 03:36:01,10.57,,,,4892386,0,4892386,4892.386,
2026-08-09 03:37:16,,3.61,,,,,,,-50
2026-08-09 04:00:01,,,,,4892386,0,4892386,4892.386,
2026-08-09 05:00:01,,,,,4892386,0,4892386,4892.386,
2026-08-09 06:00:01,,,,,4892386,0,4892386,4892.386,
2026-08-09 07:00:01,,,,,4892386,0,4892386,4892.386,
2026-08-09 08:00:01,,,,,4892386,0,4892386,4892.386,
2026-08-09 09:00:01,,,,,4892386,0,4892386,4892.386,
2026-08-09 10:00:01,,,,,4892386,0,4892386,4892.386,
2026-08-09 11:00:01,,,,,4892386,0,4892386,4892.386,
2026-08-09 12:00:01,,,,,4892386,0,4892386,4892.386,
2026-08-09 13:00:01,,,,,4892386,0,4892386,4892.386,
2026-08-09 14:00:01,,,,,4892386,0,4892386,4892.386,
2026-08-09 15:00:01,,,,,4892386,0,4892386,4892.386,
2026-08-09 16:00:01,,,,,4892386,0,4892386,4892.386,
2026-08-09 17:00:01,,,,,4892386,0,4892386,4892.386,
2026-08-09 18:00:01,,,,,4892386,0,4892386,4892.386,
2026-08-09 19:00:01,,,,,4892386,0,4892386,4892.386,
2026-08-09 20:00:01,,,,,4892386,0,4892386,4892.386,
2026-08-09 21:00:01,,,,,4892386,0,4892386,4892.386,
2026-08-09 22:00:01,,,,,4892386,0,4892386,4892.386,
2026-08-09 23:00:01,,,,,4892386,0,4892386,4892.386,
2026-08-10 00:00:01,,,,,4892386,0,4892386,4892.386,
2026-08-10 01:00:01,,,,,4892386,0,4892386,4892.386,
2026-08-10 02:00:01,,,,,4892386,0,4892386,4892.386,
2026-08-10 03:00:01,,,,,4892386,0,4892386,4892.386,
2026-08-10 03:36:01,10.67,,,,4892386,0,4892386,4892.386,
2026-08-10 03:37:08,,3.62,,,,,,,-49
2026-08-10 04:00:01,,,,,4892386,0,4892386,4892.386,
2026-08-10 05:00:01,,,,,4892386,0,4892386,4892.386,
2026-08-10 06:00:01,,,,,4892386,0,4892386,4892.386,
2026-08-10 07:00:01,,,,,4892386,0,4892386,4892.386,
2026-08-10 08:00:01,,,,,4892386,0,4892386,4892.386,
2026-08-10 09:00:01,,,,,4892386,0,4892386,4892.386,
2026-08-10 10:00:01,,,,,4892386,0,4892386,4892.386,
2026-08-10 11:00:01,,,,,4892386,0,4892386,4892.386,
2026-08-10 12:00:01,,,,,4892387,1,4892387,4892.387,
2026-08-10 13:00:01,,,,,4892394,7,4892394,4892.394,
2026-08-10 14:00:01,,,,,4892394,0,4892394,4892.394,
2026-08-10 15:00:01,,,,,4892394,0,4892394,4892.394,
2026-08-10 16:00:01,,,,,4892394,0,4892394,4892.394,
2026-08-10 17:00:01,,,,,4892394,0,4892394,4892.394,
2026-08-10 18:00:01,,,,,4892394,0,4892394,4892.394,
2026-08-10 19:00:01,,,,,4892394,0,4892394,4892.394,
2026-08-10 20:00:01,,,,,4892394,0,4892394,4892.394,
2026-08-10 21:00:01,,,,,4892394,0,4892394,4892.394,
2026-08-10 22:00:01,,,,,4892394,0,4892394,4892.394,
2026-08-10 23:00:01,,,,,4892394,0,4892394,4892.394,
2026-08-11 00:00:01,,,,,4892394,0,4892394,4892.394,
2026-08-11 01:00:01,,,,,4892394,0,4892394,4892.394,
2026-08-11 02:00:01,,,,,4892394,0,4892394,4892.394,
2026-08-11 03:00:01,,,,,4892394,0,4892394,4892.394,
2026-08-11 03:36:01,11.56,,,,4892394,0,4892394,4892.394,
2026-08-11 03:37:11,,3.61,,,,,,,-51
2026-08-11 04:00:01,,,,,4892394,0,4892394,4892.394,
2026-08-11 05:00:01,,,,,4892394,0,4892394,4892.394,
2026-08-11 06:00:01,,,,,4892394,0,4892394,4892.394,
2026-08-11 07:00:01,,,,,4892394,0,4892394,4892.394,
2026-08-11 08:00:01,,,,,4892394,0,4892394,4892.394,
2026-08-11 09:00:01,,,,,4892394,0,4892394,4892.394,
2026-08-11 10:00:01,,,,,4892394,0,4892394,4892.394,
2026-08-11 11:00:01,,,,,4892394,0,4892394,4892.394,
2026-08-11 12:00:01,,,,,4892394,0,4892394,4892.394,
2026-08-11 13:00:01,,,,,4892394,0,4892394,4892.394,
2026-08-11 14:00:01,,,,,4892394,0,4892394,4892.394,
2026-08-11 15:00:01,,,,,4892394,0,4892394,4892.394,
2026-08-11 16:00:01,,,,,4892394,0,4892394,4892.394,
2026-08-11 17:00:01,,,,,4892394,0,4892394,4892.394,
2026-08-11 18:00:01,,,,,4892394,0,4892394,4892.394,
2026-08-11 19:00:01,,,,,4892394,0,4892394,4892.394,
2026-08-11 20:00:01,,,,,4892394,0,4892394,4892.394,
2026-08-11 21:00:01,,,,,4892394,0,4892394,4892.394,
2026-08-11 22:00:01,,,,,4892394,0,4892394,4892.394,
2026-08-11 23:00:01,,,,,4892394,0,4892394,4892.394,
2026-08-12 00:00:01,,,,,4892394,0,4892394,4892.394,
2026-08-12 01:00:01,,,,,4892394,0,4892394,4892.394,
2026-08-12 02:00:01,,,,,4892394,0,4892394,4892.394,
2026-08-12 03:00:01,,,,,4892394,0,4892394,4892.394,
2026-08-12 03:36:01,12.42,,,,4892394,0,4892394,4892.394,
2026-08-12 03:37:08,,3.63,,,,,,,-50
2026-08-12 04:00:01,,,,,4892394,0,4892394,4892.394,
2026-08-12 05:00:01,,,,,4892394,0,4892394,4892.394,
2026-08-12 06:00:01,,,,,4892394,0,4892394,4892.394,
2026-08-12 07:00:01,,,,,4892394,0,4892394,4892.394,
2026-08-12 08:00:01,,,,,4892394,0,4892394,4892.394,
2026-08-12 09:00:01,,,,,4892394,0,4892394,4892.394,
2026-08-12 10:00:01,,,,,4892394,0,4892394,4892.394,
2026-08-12 11:00:01,,,,,4892394,0,4892394,4892.394,
2026-08-12 12:00:01,,,,,4892394,0,4892394,4892.394,
2026-08-12 13:00:01,,,,,4892394,0,4892394,4892.394,
2026-08-12 14:00:01,,,,,4892394,0,4892394,4892.394,
2026-08-12 15:00:01,,,,,4892394,0,4892394,4892.394,
2026-08-12 16:00:01,,,,,4892394,0,4892394,4892.394,
2026-08-12 17:00:01,,,,,4892394,0,4892394,4892.394,
2026-08-12 18:00:01,,,,,4892394,0,4892394,4892.394,
2026-08-12 19:00:01,,,,,4892394,0,4892394,4892.394,
2026-08-12 20:00:01,,,,,4892394,0,4892394,4892.394,
2026-08-12 21:00:01,,,,,4892394,0,4892394,4892.394,
2026-08-12 22:00:01,,,,,4892394,0,4892394,4892.394,
2026-08-12 23:00:01,,,,,4892394,0,4892394,4892.394,
2026-08-13 00:00:01,,,,,4892394,0,4892394,4892.394,
2026-08-13 01:00:01,,,,,4892394,0,4892394,4892.394,
2026-08-13 02:00:01,,,,,4892394,0,4892394,4892.394,
2026-08-13 03:00:01,,,,,4892394,0,4892394,4892.394,
2026-08-13 03:36:01,12.82,,,,4892394,0,4892394,4892.394,
2026-08-13 03:37:16,,3.61,,,,,,,-51
2026-08-13 04:00:01,,,,,4892394,0,4892394,4892.394,
2026-08-13 05:00:01,,,,,4892394,0,4892394,4892.394,
2026-08-13 06:00:01,,,,,4892394,0,4892394,4892.394,
2026-08-13 07:00:01,,,,,4892394,0,4892394,4892.394,
2026-08-13 08:00:01,,,,,4892394,0,4892394,4892.394,
2026-08-13 09:00:01,,,,,4892394,0,4892394,4892.394,
2026-08-13 10:00:01,,,,,4892394,0,4892394,4892.394,
2026-08-13 11:00:01,,,,,4892394,0,4892394,4892.394,
2026-08-13 12:00:01,,,,,4892394,0,4892394,4892.394,
2026-08-13 13:00:01,,,,,4892394,0,4892394,4892.394,
2026-08-13 14:00:01,,,,,4892394,0,4892394,4892.394,
2026-08-13 15:00:01,,,,,4892394,0,4892394,4892.394,
2026-08-13 16:00:01,,,,,4892394,0,4892394,4892.394,
2026-08-13 17:00:01,,,,,4892394,0,4892394,4892.394,
2026-08-13 18:00:01,,,,,4892394,0,4892394,4892.394,
2026-08-13 19:00:01,,,,,4892394,0,4892394,4892.394,
2026-08-13 20:00:01,,,,,4892394,0,4892394,4892.394,
2026-08-13 21:00:01,,,,,4892394,0,4892394,4892.394,
2026-08-13 22:00:01,,,,,4892394,0,4892394,4892.394,
2026-08-13 23:00:01,,,,,4892394,0,4892394,4892.394,
2026-08-14 00:00:01,,,,,4892394,0,4892394,4892.394,
2026-08-14 01:00:01,,,,,4892394,0,4892394,4892.394,
2026-08-14 02:00:01,,,,,4892394,0,4892394,4892.394,
2026-08-14 03:00:01,,,,,4892394,0,4892394,4892.394,
2026-08-14 03:36:01,12.35,,,,4892394,0,4892394,4892.394,
2026-08-14 03:37:07,,3.62,,,,,,,-51
2026-08-14 04:00:01,,,,,4892394,0,4892394,4892.394,
2026-08-14 05:00:01,,,,,4892394,0,4892394,4892.394,
2026-08-14 06:00:01,,,,,4892394,0,4892394,4892.394,
2026-08-14 07:00:01,,,,,4892423,29,4892423,4892.423,
2026-08-14 08:00:01,,,,,4892429,6,4892429,4892.429,
2026-08-14 09:00:01,,,,,4892429,0,4892429,4892.429,
2026-08-14 10:00:01,,,,,4892429,0,4892429,4892.429,
2026-08-14 11:00:01,,,,,4892429,0,4892429,4892.429,
2026-08-14 12:00:01,,,,,4892438,9,4892438,4892.438,
2026-08-14 13:00:01,,,,,4892456,18,4892456,4892.456,
2026-08-14 14:00:01,,,,,4892456,0,4892456,4892.456,
2026-08-14 15:00:01,,,,,4892456,0,4892456,4892.456,
2026-08-14 16:00:01,,,,,4892456,0,4892456,4892.456,
2026-08-14 17:00:01,,,,,4892456,0,4892456,4892.456,
2026-08-14 18:00:01,,,,,4892456,0,4892456,4892.456,
2026-08-14 19:00:01,,,,,4892456,0,4892456,4892.456,
2026-08-14 20:00:01,,,,,4892456,0,4892456,4892.456,
2026-08-14 21:00:01,,,,,4892456,0,4892456,4892.456,
2026-08-14 22:00:01,,,,,4892456,0,4892456,4892.456,
2026-08-14 23:00:01,,,,,4892456,0,4892456,4892.456,
2026-08-15 00:00:01,,,,,4892456,0,4892456,4892.456,
2026-08-15 01:00:01,,,,,4892457,1,4892457,4892.457,
2026-08-15 02:00:01,,,,,4892457,0,4892457,4892.457,
2026-08-15 03:00:01,,,,,4892457,0,4892457,4892.457,
2026-08-15 03:36:01,13.34,,,,4892457,0,4892457,4892.457,
2026-08-15 03:37:24,,3.61,,,,,,,-51
2026-08-15 04:00:01,,,,,4892457,0,4892457,4892.457,
2026-08-15 05:00:01,,,,,4892457,0,4892457,4892.457,
2026-08-15 06:00:01,,,,,4892457,0,4892457,4892.457,
2026-08-15 07:00:01,,,,,4892457,0,4892457,4892.457,
2026-08-15 08:00:01,,,,,4892457,0,4892457,4892.457,
2026-08-15 09:00:01,,,,,4892457,0,4892457,4892.457,
2026-08-15 10:00:01,,,,,4892458,1,4892458,4892.458,
2026-08-15 11:00:01,,,,,4892458,0,4892458,4892.458,
2026-08-15 12:00:01,,,,,4892458,0,4892458,4892.458,
2026-08-15 13:00:01,,,,,4892458,0,4892458,4892.458,
2026-08-15 14:00:01,,,,,4892458,0,4892458,4892.458,
2026-08-15 15:00:01,,,,,4892458,0,4892458,4892.458,
2026-08-15 16:00:01,,,,,4892458,0,4892458,4892.458,
2026-08-15 17:00:01,,,,,4892458,0,4892458,4892.458,
2026-08-15 18:00:01,,,,,4892458,0,4892458,4892.458,
2026-08-15 19:00:01,,,,,4892459,1,4892459,4892.459,
2026-08-15 20:00:01,,,,,4892459,0,4892459,4892.459,
2026-08-15 21:00:01,,,,,4892459,0,4892459,4892.459,
2026-08-15 22:00:01,,,,,4892459,0,4892459,4892.459,
2026-08-15 23:00:01,,,,,4892459,0,4892459,4892.459,
2026-08-16 00:00:01,,,,,4892459,0,4892459,4892.459,
2026-08-16 01:00:01,,,,,4892459,0,4892459,4892.459,
2026-08-16 02:00:01,,,,,4892459,0,4892459,4892.459,
2026-08-16 03:00:01,,,,,4892459,0,4892459,4892.459,
2026-08-16 03:36:01,12.6,,,,4892459,0,4892459,4892.459,
2026-08-16 03:37:13,,3.62,,,,,,,-50
2026-08-16 04:00:01,,,,,4892459,0,4892459,4892.459,
2026-08-16 05:00:01,,,,,4892460,1,4892460,4892.46,
2026-08-16 06:00:01,,,,,4892460,0,4892460,4892.46,
2026-08-16 07:00:01,,,,,4892460,0,4892460,4892.46,
2026-08-16 08:00:01,,,,,4892460,0,4892460,4892.46,
2026-08-16 09:00:01,,,,,4892460,0,4892460,4892.46,
2026-08-16 10:00:01,,,,,4892460,0,4892460,4892.46,
2026-08-16 11:00:01,,,,,4892460,0,4892460,4892.46,
2026-08-16 12:00:01,,,,,4892460,0,4892460,4892.46,
2026-08-16 13:00:01,,,,,4892460,0,4892460,4892.46,
2026-08-16 14:00:01,,,,,4892460,0,4892460,4892.46,
2026-08-16 15:00:01,,,,,4892461,1,4892461,4892.461,
2026-08-16 16:00:01,,,,,4892461,0,4892461,4892.461,
2026-08-16 17:00:01,,,,,4892461,0,4892461,4892.461,
2026-08-16 18:00:01,,,,,4892461,0,4892461,4892.461,
2026-08-16 19:00:01,,,,,4892461,0,4892461,4892.461,
2026-08-16 20:00:01,,,,,4892461,0,4892461,4892.461,
2026-08-16 21:00:01,,,,,4892461,0,4892461,4892.461,
2026-08-16 22:00:01,,,,,4892461,0,4892461,4892.461,
2026-08-16 23:00:01,,,,,4892461,0,4892461,4892.461,
2026-08-17 00:00:01,,,,,4892461,0,4892461,4892.461,
2026-08-17 01:00:01,,,,,4892462,1,4892462,4892.462,
2026-08-17 02:00:01,,,,,4892462,0,4892462,4892.462,
2026-08-17 03:00:01,,,,,4892462,0,4892462,4892.462,
2026-08-17 03:36:01,13.48,,,,4892462,0,4892462,4892.462,
2026-08-17 03:37:18,,3.62,,,,,,,-51
2026-08-17 04:00:01,,,,,4892462,0,4892462,4892.462,
2026-08-17 05:00:01,,,,,4892462,0,4892462,4892.462,
2026-08-17 06:00:01,,,,,4892463,1,4892463,4892.463,
2026-08-17 07:00:01,,,,,4892463,0,4892463,4892.463,
2026-08-17 08:00:01,,,,,4892463,0,4892463,4892.463,
2026-08-17 09:00:01,,,,,4892463,0,4892463,4892.463,
2026-08-17 10:00:01,,,,,4892463,0,4892463,4892.463,
2026-08-17 11:00:01,,,,,4892463,0,4892463,4892.463,
2026-08-17 12:00:01,,,,,4892463,0,4892463,4892.463,
2026-08-17 13:00:01,,,,,4892463,0,4892463,4892.463,
2026-08-17 14:00:01,,,,,4892463,0,4892463,4892.463,
2026-08-17 15:00:01,,,,,4892463,0,4892463,4892.463,
2026-08-17 16:00:01,,,,,4892463,0,4892463,4892.463,
2026-08-17 17:00:01,,,,,4892463,0,4892463,4892.463,
2026-08-17 18:00:01,,,,,4892463,0,4892463,4892.463,
2026-08-17 19:00:01,,,,,4892463,0,4892463,4892.463,
2026-08-17 20:00:01,,,,,4892464,1,4892464,4892.464,
2026-08-17 21:00:01,,,,,4892464,0,4892464,4892.464,
2026-08-17 22:00:01,,,,,4892464,0,4892464,4892.464,
2026-08-17 23:00:01,,,,,4892464,0,4892464,4892.464,
2026-08-18 00:00:01,,,,,4892464,0,4892464,4892.464,
2026-08-18 01:00:01,,,,,4892464,0,4892464,4892.464,
2026-08-18 02:00:01,,,,,4892464,0,4892464,4892.464,
2026-08-18 03:00:01,,,,,4892464,0,4892464,4892.464,
2026-08-18 03:36:01,14.09,,,,4892464,0,4892464,4892.464,
2026-08-18 03:37:08,,3.62,,,,,,,-50
2026-08-18 04:00:01,,,,,4892464,0,4892464,4892.464,
2026-08-18 05:00:01,,,,,4892464,0,4892464,4892.464,
2026-08-18 06:00:01,,,,,4892465,1,4892465,4892.465,
2026-08-18 07:00:01,,,,,4892465,0,4892465,4892.465,
2026-08-18 08:00:01,,,,,4892498,33,4892498,4892.498,
2026-08-18 09:00:01,,,,,4892498,0,4892498,4892.498,
2026-08-18 10:00:01,,,,,4892498,0,4892498,4892.498,
2026-08-18 11:00:01,,,,,4892498,0,4892498,4892.498,
2026-08-18 12:00:01,,,,,4892498,0,4892498,4892.498,
2026-08-18 13:00:01,,,,,4892498,0,4892498,4892.498,
2026-08-18 14:00:01,,,,,4892498,0,4892498,4892.498,
2026-08-18 15:00:01,,,,,4892498,0,4892498,4892.498,
2026-08-18 16:00:01,,,,,4892498,0,4892498,4892.498,
2026-08-18 17:00:01,,,,,4892498,0,4892498,4892.498,
2026-08-18 18:00:01,,,,,4892498,0,4892498,4892.498,
2026-08-18 19:00:01,,,,,4892498,0,4892498,4892.498,
2026-08-18 20:00:01,,,,,4892498,0,4892498,4892.498,
2026-08-18 21:00:01,,,,,4892498,0,4892498,4892.498,
2026-08-18 22:00:01,,,,,4892499,1,4892499,4892.499,
2026-08-18 23:00:01,,,,,4892499,0,4892499,4892.499,
2026-08-19 00:00:01,,,,,4892499,0,4892499,4892.499,
2026-08-19 01:00:01,,,,,4892499,0,4892499,4892.499,
2026-08-19 02:00:01,,,,,4892499,0,4892499,4892.499,
2026-08-19 03:00:01,,,,,4892499,0,4892499,4892.499,
2026-08-19 03:36:01,13.68,,,,4892499,0,4892499,4892.499,
2026-08-19 03:37:23,,3.63,,,,,,,-51
2026-08-19 04:00:01,,,,,4892499,0,4892499,4892.499,
2026-08-19 05:00:01,,,,,4892499,0,4892499,4892.499,
2026-08-19 06:00:01,,,,,4892499,0,4892499,4892.499,
2026-08-19 07:00:01,,,,,4892499,0,4892499,4892.499,
2026-08-19 08:00:01,,,,,4892499,0,4892499,4892.499,
2026-08-19 09:00:01,,,,,4892500,1,4892500,4892.5,
2026-08-19 10:00:01,,,,,4892500,0,4892500,4892.5,
2026-08-19 11:00:01,,,,,4892500,0,4892500,4892.5,
2026-08-19 12:00:01,,,,,4892500,0,4892500,4892.5,
2026-08-19 13:00:01,,,,,4892500,0,4892500,4892.5,
2026-08-19 14:00:01,,,,,4892500,0,4892500,4892.5,
2026-08-19 15:00:01,,,,,4892501,1,4892501,4892.501,
2026-08-19 16:00:01,,,,,4892501,0,4892501,4892.501,
2026-08-19 17:00:01,,,,,4892501,0,4892501,4892.501,
2026-08-19 18:00:01,,,,,4892501,0,4892501,4892.501,
2026-08-19 19:00:01,,,,,4892501,0,4892501,4892.501,
2026-08-19 20:00:01,,,,,4892501,0,4892501,4892.501,
2026-08-19 21:00:01,,,,,4892501,0,4892501,4892.501,
2026-08-19 22:00:01,,,,,4892501,0,4892501,4892.501,
2026-08-19 23:00:01,,,,,4892501,0,4892501,4892.501,
2026-08-20 00:00:01,,,,,4892501,0,4892501,4892.501,
2026-08-20 01:00:01,,,,,4892501,0,4892501,4892.501,
2026-08-20 02:00:01,,,,,4892501,0,4892501,4892.501,
2026-08-20 03:00:01,,,,,4892502,1,4892502,4892.502,
2026-08-20 03:36:01,15.33,,,,4892502,0,4892502,4892.502,
2026-08-20 03:37:07,,3.63,,,,,,,-50
2026-08-20 04:00:01,,,,,4892502,0,4892502,4892.502,
2026-08-20 05:00:01,,,,,4892502,0,4892502,4892.502,
2026-08-20 06:00:01,,,,,4892502,0,4892502,4892.502,
2026-08-20 07:00:01,,,,,4892502,0,4892502,4892.502,
2026-08-20 08:00:01,,,,,4892502,0,4892502,4892.502,
2026-08-20 09:00:01,,,,,4892502,0,4892502,4892.502,
2026-08-20 10:00:01,,,,,4892577,75,4892577,4892.577,
2026-08-20 11:00:01,,,,,4892593,16,4892593,4892.593,
2026-08-20 12:00:01,,,,,4892596,3,4892596,4892.596,
2026-08-20 13:00:01,,,,,4892623,27,4892623,4892.623,
2026-08-20 14:00:01,,,,,4892674,51,4892674,4892.674,
2026-08-20 15:00:01,,,,,4892674,0,4892674,4892.674,
2026-08-20 16:00:01,,,,,4892674,0,4892674,4892.674,
2026-08-20 17:00:01,,,,,4892674,0,4892674,4892.674,
2026-08-20 18:00:01,,,,,4892674,0,4892674,4892.674,
2026-08-20 19:00:01,,,,,4892674,0,4892674,4892.674,
2026-08-20 20:00:01,,,,,4892674,0,4892674,4892.674,
2026-08-20 21:00:01,,,,,4892674,0,4892674,4892.674,
2026-08-20 22:00:01,,,,,4892674,0,4892674,4892.674,
2026-08-20 23:00:01,,,,,4892674,0,4892674,4892.674,
2026-08-21 00:00:01,,,,,4892674,0,4892674,4892.674,
2026-08-21 01:00:01,,,,,4892674,0,4892674,4892.674,
2026-08-21 02:00:01,,,,,4892675,1,4892675,4892.675,
2026-08-21 03:00:01,,,,,4892675,0,4892675,4892.675,
2026-08-21 03:36:01,15.72,,,,4892675,0,4892675,4892.675,
2026-08-21 03:37:23,,3.64,,,,,,,-51
2026-08-21 04:00:01,,,,,4892675,0,4892675,4892.675,
2026-08-21 05:00:01,,,,,4892675,0,4892675,4892.675,
2026-08-21 06:00:01,,,,,4892675,0,4892675,4892.675,
2026-08-21 07:00:01,,,,,4892675,0,4892675,4892.675,
2026-08-21 08:00:01,,,,,4892675,0,4892675,4892.675,
2026-08-21 09:00:01,,,,,4892675,0,4892675,4892.675,
2026-08-21 10:00:01,,,,,4892675,0,4892675,4892.675,
2026-08-21 11:00:01,,,,,4892691,16,4892691,4892.691,
2026-08-21 12:00:01,,,,,4892691,0,4892691,4892.691,
2026-08-21 13:00:01,,,,,4892691,0,4892691,4892.691,
2026-08-21 14:00:01,,,,,4892691,0,4892691,4892.691,
2026-08-21 15:00:01,,,,,4892691,0,4892691,4892.691,
2026-08-21 16:00:01,,,,,4892691,0,4892691,4892.691,
2026-08-21 17:00:01,,,,,4892691,0,4892691,4892.691,
2026-08-21 18:00:01,,,,,4892691,0,4892691,4892.691,
2026-08-21 19:00:01,,,,,4892691,0,4892691,4892.691,
2026-08-21 20:00:01,,,,,4892692,1,4892692,4892.692,
2026-08-21 21:00:01,,,,,4892692,0,4892692,4892.692,
2026-08-21 22:00:01,,,,,4892692,0,4892692,4892.692,
2026-08-21 23:00:01,,,,,4892692,0,4892692,4892.692,
2026-08-22 00:00:01,,,,,4892692,0,4892692,4892.692,
2026-08-22 01:00:01,,,,,4892692,0,4892692,4892.692,
2026-08-22 02:00:01,,,,,4892692,0,4892692,4892.692,
2026-08-22 03:00:01,,,,,4892692,0,4892692,4892.692,
2026-08-22 03:36:01,15.28,,,,4892692,0,4892692,4892.692,
2026-08-22 03:37:13,,3.62,,,,,,,-50
2026-08-22 04:00:01,,,,,4892692,0,4892692,4892.692,
2026-08-22 05:00:01,,,,,4892692,0,4892692,4892.692,
2026-08-22 06:00:01,,,,,4892692,0,4892692,4892.692,
2026-08-22 07:00:01,,,,,4892692,0,4892692,4892.692,
2026-08-22 08:00:01,,,,,4892692,0,4892692,4892.692,
2026-08-22 09:00:01,,,,,4892692,0,4892692,4892.692,
2026-08-22 10:00:01,,,,,4892692,0,4892692,4892.692,
2026-08-22 11:00:01,,,,,4892693,1,4892693,4892.693,
2026-08-22 12:00:01,,,,,4892693,0,4892693,4892.693,
2026-08-22 13:00:01,,,,,4892693,0,4892693,4892.693,
2026-08-22 14:00:01,,,,,4892693,0,4892693,4892.693,
2026-08-22 15:00:01,,,,,4892693,0,4892693,4892.693,
2026-08-22 16:00:01,,,,,4892693,0,4892693,4892.693,
2026-08-22 17:00:01,,,,,4892693,0,4892693,4892.693,
2026-08-22 18:00:01,,,,,4892693,0,4892693,4892.693,
2026-08-22 19:00:01,,,,,4892693,0,4892693,4892.693,
2026-08-22 20:00:01,,,,,4892693,0,4892693,4892.693,
2026-08-22 21:00:01,,,,,4892693,0,4892693,4892.693,
2026-08-22 22:00:01,,,,,4892693,0,4892693,4892.693,
2026-08-22 23:00:01,,,,,4892693,0,4892693,4892.693,
2026-08-23 00:00:01,,,,,4892693,0,4892693,4892.693,
2026-08-23 01:00:01,,,,,4892694,1,4892694,4892.694,
2026-08-23 02:00:01,,,,,4892694,0,4892694,4892.694,
2026-08-23 03:00:01,,,,,4892694,0,4892694,4892.694,
2026-08-23 03:36:01,13.23,,,,4892694,0,4892694,4892.694,
2026-08-23 03:37:23,,3.62,,,,,,,-51
2026-08-23 04:00:01,,,,,4892694,0,4892694,4892.694,
2026-08-23 05:00:01,,,,,4892694,0,4892694,4892.694,
2026-08-23 06:00:01,,,,,4892694,0,4892694,4892.694,
2026-08-23 07:00:01,,,,,4892694,0,4892694,4892.694,
2026-08-23 08:00:01,,,,,4892694,0,4892694,4892.694,
2026-08-23 09:00:01,,,,,4892694,0,4892694,4892.694,
2026-08-23 10:00:01,,,,,4892694,0,4892694,4892.694,
2026-08-23 11:00:01,,,,,4892694,0,4892694,4892.694,
2026-08-23 12:00:01,,,,,4892694,0,4892694,4892.694,
2026-08-23 13:00:01,,,,,4892694,0,4892694,4892.694,
2026-08-23 14:00:01,,,,,4892694,0,4892694,4892.694,
2026-08-23 15:00:01,,,,,4892694,0,4892694,4892.694,
2026-08-23 16:00:01,,,,,4892694,0,4892694,4892.694,
2026-08-23 17:00:01,,,,,4892694,0,4892694,4892.694,
2026-08-23 18:00:01,,,,,4892694,0,4892694,4892.694,
2026-08-23 19:00:01,,,,,4892695,1,4892695,4892.695,
2026-08-23 20:00:01,,,,,4892695,0,4892695,4892.695,
2026-08-23 21:00:01,,,,,4892695,0,4892695,4892.695,
2026-08-23 22:00:01,,,,,4892695,0,4892695,4892.695,
2026-08-23 23:00:01,,,,,4892695,0,4892695,4892.695,
2026-08-24 00:00:01,,,,,4892695,0,4892695,4892.695,
2026-08-24 01:00:01,,,,,4892695,0,4892695,4892.695,
2026-08-24 02:00:01,,,,,4892695,0,4892695,4892.695,
2026-08-24 03:00:01,,,,,4892695,0,4892695,4892.695,
2026-08-24 03:36:01,12.32,,,,4892695,0,4892695,4892.695,
2026-08-24 03:37:12,,3.62,,,,,,,-50
2026-08-24 04:00:01,,,,,4892695,0,4892695,4892.695,
2026-08-24 05:00:01,,,,,4892695,0,4892695,4892.695,
2026-08-24 06:00:01,,,,,4892695,0,4892695,4892.695,
2026-08-24 07:00:01,,,,,4892695,0,4892695,4892.695,
2026-08-24 08:00:01,,,,,4892695,0,4892695,4892.695,
2026-08-24 09:00:01,,,,,4892696,1,4892696,4892.696,
2026-08-24 10:00:01,,,,,4892696,0,4892696,4892.696,
2026-08-24 11:00:01,,,,,4892720,24,4892720,4892.72,
2026-08-24 12:00:01,,,,,4892720,0,4892720,4892.72,
2026-08-24 13:00:01,,,,,4892720,0,4892720,4892.72,
2026-08-24 14:00:01,,,,,4892770,50,4892770,4892.77,
2026-08-24 15:00:01,,,,,4892770,0,4892770,4892.77,
2026-08-24 16:00:01,,,,,4892770,0,4892770,4892.77,
2026-08-24 17:00:01,,,,,4892770,0,4892770,4892.77,
2026-08-24 18:00:01,,,,,4892770,0,4892770,4892.77,
2026-08-24 19:00:01,,,,,4892770,0,4892770,4892.77,
2026-08-24 20:00:01,,,,,4892770,0,4892770,4892.77,
2026-08-24 21:00:01,,,,,4892770,0,4892770,4892.77,
2026-08-24 22:00:01,,,,,4892770,0,4892770,4892.77,
2026-08-24 23:00:01,,,,,4892770,0,4892770,4892.77,
2026-08-25 00:00:01,,,,,4892770,0,4892770,4892.77,
2026-08-25 01:00:01,,,,,4892770,0,4892770,4892.77,
2026-08-25 02:00:01,,,,,4892770,0,4892770,4892.77,
2026-08-25 03:00:01,,,,,4892770,0,4892770,4892.77,
2026-08-25 03:36:01,14.58,,,,4892770,0,4892770,4892.77,
2026-08-25 03:38:27,,3.62,,,,,,,-50
2026-08-25 04:00:01,,,,,4892770,0,4892770,4892.77,
2026-08-25 05:00:01,,,,,4892770,0,4892770,4892.77,
2026-08-25 06:00:01,,,,,4892771,1,4892771,4892.771,
2026-08-25 07:00:01,,,,,4892771,0,4892771,4892.771,
2026-08-25 08:00:01,,,,,4892771,0,4892771,4892.771,
2026-08-25 09:00:01,,,,,4892771,0,4892771,4892.771,
2026-08-25 10:00:01,,,,,4892771,0,4892771,4892.771,
2026-08-25 11:00:01,,,,,4892771,0,4892771,4892.771,
2026-08-25 12:00:01,,,,,4892771,0,4892771,4892.771,
2026-08-25 13:00:01,,,,,4892771,0,4892771,4892.771,
2026-08-25 14:00:01,,,,,4892771,0,4892771,4892.771,
2026-08-25 15:00:01,,,,,4892771,0,4892771,4892.771,
2026-08-25 16:00:01,,,,,4892771,0,4892771,4892.771,
2026-08-25 17:00:01,,,,,4892771,0,4892771,4892.771,
2026-08-25 18:00:01,,,,,4892771,0,4892771,4892.771,
2026-08-25 19:00:01,,,,,4892771,0,4892771,4892.771,
2026-08-25 20:00:01,,,,,4892771,0,4892771,4892.771,
2026-08-25 21:00:01,,,,,4892771,0,4892771,4892.771,
2026-08-25 22:00:01,,,,,4892771,0,4892771,4892.771,
2026-08-25 23:00:01,,,,,4892771,0,4892771,4892.771,
2026-08-26 00:00:01,,,,,4892772,1,4892772,4892.772,
2026-08-26 01:00:01,,,,,4892772,0,4892772,4892.772,
2026-08-26 02:00:01,,,,,4892772,0,4892772,4892.772,
2026-08-26 03:00:01,,,,,4892772,0,4892772,4892.772,
2026-08-26 03:36:01,15.7,,,,4892772,0,4892772,4892.772,
2026-08-26 03:37:15,,3.62,,,,,,,-50
2026-08-26 04:00:01,,,,,4892772,0,4892772,4892.772,
2026-08-26 05:00:01,,,,,4892772,0,4892772,4892.772,
2026-08-26 06:00:01,,,,,4892772,0,4892772,4892.772,
2026-08-26 07:00:01,,,,,4892772,0,4892772,4892.772,
2026-08-26 08:00:01,,,,,4892772,0,4892772,4892.772,
2026-08-26 09:00:01,,,,,4892772,0,4892772,4892.772,
2026-08-26 10:00:01,,,,,4892772,0,4892772,4892.772,
2026-08-26 11:00:01,,,,,4892772,0,4892772,4892.772,
2026-08-26 12:00:01,,,,,4892772,0,4892772,4892.772,
2026-08-26 13:00:01,,,,,4892772,0,4892772,4892.772,
2026-08-26 14:00:01,,,,,4892772,0,4892772,4892.772,
2026-08-26 15:00:01,,,,,4892772,0,4892772,4892.772,
2026-08-26 16:00:01,,,,,4892772,0,4892772,4892.772,
2026-08-26 17:00:01,,,,,4892772,0,4892772,4892.772,
2026-08-26 18:00:01,,,,,4892773,1,4892773,4892.773,
2026-08-26 19:00:01,,,,,4892773,0,4892773,4892.773,
2026-08-26 20:00:01,,,,,4892773,0,4892773,4892.773,
2026-08-26 21:00:01,,,,,4892773,0,4892773,4892.773,
2026-08-26 22:00:01,,,,,4892773,0,4892773,4892.773,
2026-08-26 23:00:01,,,,,4892773,0,4892773,4892.773,
2026-08-27 00:00:01,,,,,4892773,0,4892773,4892.773,
2026-08-27 01:00:01,,,,,4892773,0,4892773,4892.773,
2026-08-27 02:00:01,,,,,4892773,0,4892773,4892.773,
2026-08-27 03:00:01,,,,,4892773,0,4892773,4892.773,
2026-08-27 03:36:01,14.1,,,,4892773,0,4892773,4892.773,
2026-08-27 03:37:06,,3.61,,,,,,,-50
2026-08-27 04:00:01,,,,,4892773,0,4892773,4892.773,
2026-08-27 05:00:01,,,,,4892773,0,4892773,4892.773,
2026-08-27 06:00:01,,,,,4892773,0,4892773,4892.773,
2026-08-27 07:00:01,,,,,4892773,0,4892773,4892.773,
2026-08-27 08:00:01,,,,,4892773,0,4892773,4892.773,
2026-08-27 09:00:01,,,,,4892773,0,4892773,4892.773,
2026-08-27 10:00:01,,,,,4892773,0,4892773,4892.773,
2026-08-27 11:00:01,,,,,4892774,1,4892774,4892.774,
2026-08-27 12:00:01,,,,,4892774,0,4892774,4892.774,
2026-08-27 13:00:01,,,,,4892774,0,4892774,4892.774,
2026-08-27 14:00:01,,,,,4892774,0,4892774,4892.774,
2026-08-27 15:00:01,,,,,4892774,0,4892774,4892.774,
2026-08-27 16:00:01,,,,,4892774,0,4892774,4892.774,
2026-08-27 17:00:01,,,,,4892774,0,4892774,4892.774,
2026-08-27 18:00:01,,,,,4892774,0,4892774,4892.774,
2026-08-27 19:00:01,,,,,4892774,0,4892774,4892.774,
2026-08-27 20:00:01,,,,,4892774,0,4892774,4892.774,
2026-08-27 21:00:01,,,,,4892774,0,4892774,4892.774,
2026-08-27 22:00:01,,,,,4892774,0,4892774,4892.774,
2026-08-27 23:00:01,,,,,4892774,0,4892774,4892.774,
2026-08-28 00:00:01,,,,,4892774,0,4892774,4892.774,
2026-08-28 01:00:01,,,,,4892774,0,4892774,4892.774,
2026-08-28 02:00:01,,,,,4892774,0,4892774,4892.774,
2026-08-28 03:00:01,,,,,4892775,1,4892775,4892.775,
2026-08-28 03:36:01,13.01,,,,4892775,0,4892775,4892.775,
2026-08-28 03:37:10,,3.62,,,,,,,-50
2026-08-28 04:00:01,,,,,4892775,0,4892775,4892.775,
2026-08-28 05:00:01,,,,,4892775,0,4892775,4892.775,
2026-08-28 06:00:01,,,,,4892775,0,4892775,4892.775,
2026-08-28 07:00:01,,,,,4892775,0,4892775,4892.775,
2026-08-28 08:00:01,,,,,4892775,0,4892775,4892.775,
2026-08-28 09:00:01,,,,,4892775,0,4892775,4892.775,
2026-08-28 10:00:01,,,,,4892775,0,4892775,4892.775,
2026-08-28 11:00:01,,,,,4892775,0,4892775,4892.775,
2026-08-28 12:00:01,,,,,4892775,0,4892775,4892.775,
2026-08-28 13:00:01,,,,,4892775,0,4892775,4892.775,
2026-08-28 14:00:01,,,,,4892775,0,4892775,4892.775,
2026-08-28 15:00:01,,,,,4892775,0,4892775,4892.775,
2026-08-28 16:00:01,,,,,4892775,0,4892775,4892.775,
2026-08-28 17:00:01,,,,,4892775,0,4892775,4892.775,
2026-08-28 18:00:01,,,,,4892775,0,4892775,4892.775,
2026-08-28 19:00:01,,,,,4892775,0,4892775,4892.775,
2026-08-28 20:00:01,,,,,4892776,1,4892776,4892.776,
2026-08-28 21:00:01,,,,,4892776,0,4892776,4892.776,
2026-08-28 22:00:01,,,,,4892776,0,4892776,4892.776,
2026-08-28 23:00:01,,,,,4892776,0,4892776,4892.776,
2026-08-29 00:00:01,,,,,4892776,0,4892776,4892.776,
2026-08-29 01:00:01,,,,,4892776,0,4892776,4892.776,
2026-08-29 02:00:01,,,,,4892776,0,4892776,4892.776,
2026-08-29 03:00:01,,,,,4892776,0,4892776,4892.776,
2026-08-29 03:36:01,12.87,,,,4892776,0,4892776,4892.776,
2026-08-29 03:37:16,,3.62,,,,,,,-50
2026-08-29 04:00:01,,,,,4892776,0,4892776,4892.776,
2026-08-29 05:00:01,,,,,4892777,1,4892777,4892.777,
2026-08-29 06:00:01,,,,,4892777,0,4892777,4892.777,
2026-08-29 07:00:01,,,,,4892777,0,4892777,4892.777,
2026-08-29 08:00:01,,,,,4892777,0,4892777,4892.777,
2026-08-29 09:00:01,,,,,4892777,0,4892777,4892.777,
2026-08-29 10:00:01,,,,,4892777,0,4892777,4892.777,
2026-08-29 11:00:01,,,,,4892777,0,4892777,4892.777,
2026-08-29 12:00:01,,,,,4892777,0,4892777,4892.777,
2026-08-29 13:00:01,,,,,4892777,0,4892777,4892.777,
2026-08-29 14:00:01,,,,,4892777,0,4892777,4892.777,
2026-08-29 15:00:01,,,,,4892777,0,4892777,4892.777,
2026-08-29 16:00:01,,,,,4892777,0,4892777,4892.777,
2026-08-29 17:00:01,,,,,4892777,0,4892777,4892.777,
2026-08-29 18:00:01,,,,,4892777,0,4892777,4892.777,
2026-08-29 19:00:01,,,,,4892777,0,4892777,4892.777,
2026-08-29 20:00:01,,,,,4892777,0,4892777,4892.777,
2026-08-29 21:00:01,,,,,4892777,0,4892777,4892.777,
2026-08-29 22:00:01,,,,,4892778,1,4892778,4892.778,
2026-08-29 23:00:01,,,,,4892778,0,4892778,4892.778,
2026-08-30 00:00:01,,,,,4892778,0,4892778,4892.778,
2026-08-30 01:00:01,,,,,4892778,0,4892778,4892.778,
2026-08-30 02:00:01,,,,,4892778,0,4892778,4892.778,
2026-08-30 03:00:01,,,,,4892778,0,4892778,4892.778,
2026-08-30 03:36:01,13.86,,,,4892778,0,4892778,4892.778,
2026-08-30 03:37:08,,3.62,,,,,,,-50
2026-08-30 04:00:01,,,,,4892778,0,4892778,4892.778,
2026-08-30 05:00:01,,,,,4892778,0,4892778,4892.778,
2026-08-30 06:00:01,,,,,4892778,0,4892778,4892.778,
2026-08-30 07:00:01,,,,,4892793,15,4892793,4892.793,
2026-08-30 08:00:01,,,,,4892793,0,4892793,4892.793,
2026-08-30 09:00:01,,,,,4892823,30,4892823,4892.823,
2026-08-30 10:00:01,,,,,4892823,0,4892823,4892.823,
2026-08-30 11:00:01,,,,,4892823,0,4892823,4892.823,
2026-08-30 12:00:01,,,,,4892823,0,4892823,4892.823,
2026-08-30 13:00:01,,,,,4892823,0,4892823,4892.823,
2026-08-30 14:00:01,,,,,4892823,0,4892823,4892.823,
2026-08-30 15:00:01,,,,,4892823,0,4892823,4892.823,
2026-08-30 16:00:01,,,,,4892823,0,4892823,4892.823,
2026-08-30 17:00:01,,,,,4892823,0,4892823,4892.823,
2026-08-30 18:00:01,,,,,4892823,0,4892823,4892.823,
2026-08-30 19:00:01,,,,,4892823,0,4892823,4892.823,
2026-08-30 20:00:01,,,,,4892823,0,4892823,4892.823,
2026-08-30 21:00:01,,,,,4892823,0,4892823,4892.823,
2026-08-30 22:00:01,,,,,4892823,0,4892823,4892.823,
2026-08-30 23:00:01,,,,,4892823,0,4892823,4892.823,
2026-08-31 00:00:01,,,,,4892824,1,4892824,4892.824,
2026-08-31 01:00:01,,,,,4892824,0,4892824,4892.824,
2026-08-31 02:00:01,,,,,4892824,0,4892824,4892.824,
2026-08-31 03:00:01,,,,,4892824,0,4892824,4892.824,
2026-08-31 03:36:01,14.5,,,,4892824,0,4892824,4892.824,
2026-08-31 03:37:11,,3.61,,,,,,,-50
2026-08-31 04:00:01,,,,,4892824,0,4892824,4892.824,
2026-08-31 05:00:01,,,,,4892824,0,4892824,4892.824,
2026-08-31 06:00:01,,,,,4892824,0,4892824,4892.824,
2026-08-31 07:00:01,,,,,4892824,0,4892824,4892.824,
2026-08-31 08:00:01,,,,,4892824,0,4892824,4892.824,
2026-08-31 09:00:01,,,,,4892824,0,4892824,4892.824,
2026-08-31 10:00:01,,,,,4892824,0,4892824,4892.824,
2026-08-31 11:00:01,,,,,4892824,0,4892824,4892.824,
2026-08-31 12:00:01,,,,,4892824,0,4892824,4892.824,
2026-08-31 13:00:01,,,,,4892824,0,4892824,4892.824,
2026-08-31 14:00:01,,,,,4892824,0,4892824,4892.824,
2026-08-31 15:00:01,,,,,4892824,0,4892824,4892.824,
2026-08-31 16:00:01,,,,,4892824,0,4892824,4892.824,
2026-08-31 17:00:01,,,,,4892824,0,4892824,4892.824,
2026-08-31 18:00:01,,,,,4892824,0,4892824,4892.824,
2026-08-31 19:00:01,,,,,4892824,0,4892824,4892.824,
2026-08-31 20:00:01,,,,,4892824,0,4892824,4892.824,
2026-08-31 21:00:01,,,,,4892824,0,4892824,4892.824,
2026-08-31 22:00:01,,,,,4892824,0,4892824,4892.824,
2026-08-31 23:00:01,,,,,4892824,0,4892824,4892.824,
2026-09-01 00:00:01,,,,,4892825,1,4892825,4892.825,
2026-09-01 01:00:01,,,,,4892825,0,4892825,4892.825,
2026-09-01 02:00:01,,,,,4892825,0,4892825,4892.825,
2026-09-01 03:00:01,,,,,4892825,0,4892825,4892.825,
2026-09-01 03:36:01,15.41,,,,4892825,0,4892825,4892.825,
2026-09-01 03:37:07,,3.63,,,,,,,-50
2026-09-01 04:00:01,,,,,4892825,0,4892825,4892.825,
2026-09-01 05:00:01,,,,,4892825,0,4892825,4892.825,
2026-09-01 06:00:01,,,,,4893237,412,4893237,4893.237,
2026-09-01 07:00:01,,,,,4893358,121,4893358,4893.358,
2026-09-01 08:00:01,,,,,4893360,2,4893360,4893.36,
2026-09-01 09:00:01,,,,,4893360,0,4893360,4893.36,
2026-09-01 10:00:01,,,,,4893360,0,4893360,4893.36,
2026-09-01 11:00:01,,,,,4893360,0,4893360,4893.36,
2026-09-01 12:00:01,,,,,4893360,0,4893360,4893.36,
2026-09-01 13:00:01,,,,,4893360,0,4893360,4893.36,
2026-09-01 14:00:01,,,,,4893360,0,4893360,4893.36,
2026-09-01 15:00:01,,,,,4893360,0,4893360,4893.36,
2026-09-01 16:00:01,,,,,4893360,0,4893360,4893.36,
2026-09-01 17:00:01,,,,,4893360,0,4893360,4893.36,
2026-09-01 18:00:01,,,,,4893360,0,4893360,4893.36,
2026-09-01 19:00:01,,,,,4893360,0,4893360,4893.36,
2026-09-01 20:00:01,,,,,4893361,1,4893361,4893.361,
2026-09-01 21:00:01,,,,,4893361,0,4893361,4893.361,
2026-09-01 22:00:01,,,,,4893361,0,4893361,4893.361,
2026-09-01 23:00:01,,,,,4893361,0,4893361,4893.361,
2026-09-02 00:00:01,,,,,4893361,0,4893361,4893.361,
2026-09-02 01:00:01,,,,,4893361,0,4893361,4893.361,
2026-09-02 02:00:01,,,,,4894258,897,4894258,4894.258,
2026-09-02 03:00:01,,,,,4895580,1322,4895580,4895.58,
2026-09-02 03:36:01,17.52,,,,4896377,797,4896377,4896.377,
2026-09-02 03:37:17,,3.63,,,,,,,-50
2026-09-02 04:00:01,,,,,4896912,535,4896912,4896.912,
2026-09-02 05:00:01,,,,,4898197,1285,4898197,4898.197,
2026-09-02 06:00:01,,,,,4899053,856,4899053,4899.053,
2026-09-02 07:00:01,,,,,4899121,68,4899121,4899.121,
2026-09-02 08:00:01,,,,,4899130,9,4899130,4899.13,
2026-09-02 09:00:01,,,,,4899130,0,4899130,4899.13,
2026-09-02 10:00:01,,,,,4899130,0,4899130,4899.13,
2026-09-02 11:00:01,,,,,4899130,0,4899130,4899.13,
2026-09-02 12:00:01,,,,,4899130,0,4899130,4899.13,
2026-09-02 13:00:01,,,,,4899130,0,4899130,4899.13,
2026-09-02 14:00:01,,,,,4899130,0,4899130,4899.13,
2026-09-02 15:00:01,,,,,4899130,0,4899130,4899.13,
2026-09-02 16:00:01,,,,,4899130,0,4899130,4899.13,
2026-09-02 17:00:01,,,,,4899130,0,4899130,4899.13,
2026-09-02 18:00:01,,,,,4899130,0,4899130,4899.13,
2026-09-02 19:00:01,,,,,4899130,0,4899130,4899.13,
2026-09-02 20:00:01,,,,,4899130,0,4899130,4899.13,
2026-09-02 21:00:01,,,,,4899130,0,4899130,4899.13,
2026-09-02 22:00:01,,,,,4899130,0,4899130,4899.13,
2026-09-02 23:00:01,,,,,4899130,0,4899130,4899.13,
2026-09-03 00:00:01,,,,,4899130,0,4899130,4899.13,
2026-09-03 01:00:01,,,,,4899130,0,4899130,4899.13,
2026-09-03 02:00:01,,,,,4899130,0,4899130,4899.13,
2026-09-03 03:00:01,,,,,4899130,0,4899130,4899.13,
2026-09-03 03:36:01,19.84,,,,4899130,0,4899130,4899.13,
2026-09-03 03:37:08,,3.62,,,,,,,-51
2026-09-03 04:00:01,,,,,4899130,0,4899130,4899.13,
2026-09-03 05:00:01,,,,,4899130,0,4899130,4899.13,
2026-09-03 06:00:01,,,,,4899196,66,4899196,4899.196,
2026-09-03 07:00:01,,,,,4899478,282,4899478,4899.478,
2026-09-03 08:00:01,,,,,4899602,124,4899602,4899.602,
2026-09-03 09:00:01,,,,,4899602,0,4899602,4899.602,
2026-09-03 10:00:01,,,,,4899602,0,4899602,4899.602,
2026-09-03 11:00:01,,,,,4899606,4,4899606,4899.606,
2026-09-03 12:00:01,,,,,4899607,1,4899607,4899.607,
2026-09-03 13:00:01,,,,,4899612,5,4899612,4899.612,
2026-09-03 14:00:01,,,,,4899612,0,4899612,4899.612,
2026-09-03 15:00:01,,,,,4899612,0,4899612,4899.612,
2026-09-03 16:00:01,,,,,4899612,0,4899612,4899.612,
2026-09-03 17:00:01,,,,,4899612,0,4899612,4899.612,
2026-09-03 18:00:01,,,,,4899612,0,4899612,4899.612,
2026-09-03 19:00:01,,,,,4899612,0,4899612,4899.612,
2026-09-03 20:00:01,,,,,4899612,0,4899612,4899.612,
2026-09-03 21:00:01,,,,,4899612,0,4899612,4899.612,
2026-09-03 22:00:01,,,,,4899612,0,4899612,4899.612,
2026-09-03 23:00:01,,,,,4899612,0,4899612,4899.612,
2026-09-04 00:00:01,,,,,4899612,0,4899612,4899.612,
2026-09-04 01:00:01,,,,,4899612,0,4899612,4899.612,
2026-09-04 02:00:01,,,,,4899612,0,4899612,4899.612,
2026-09-04 03:00:01,,,,,4899612,0,4899612,4899.612,
2026-09-04 03:36:01,16.2,,,,4899612,0,4899612,4899.612,
2026-09-04 03:37:17,,3.62,,,,,,,-51
2026-09-04 04:00:01,,,,,4899612,0,4899612,4899.612,
2026-09-04 05:00:01,,,,,4899612,0,4899612,4899.612,
2026-09-04 06:00:01,,,,,4899612,0,4899612,4899.612,
2026-09-04 07:00:01,,,,,4899612,0,4899612,4899.612,
2026-09-04 08:00:01,,,,,4899612,0,4899612,4899.612,
2026-09-04 09:00:01,,,,,4899612,0,4899612,4899.612,
2026-09-04 10:00:01,,,,,4899612,0,4899612,4899.612,
2026-09-04 11:00:01,,,,,4899612,0,4899612,4899.612,
2026-09-04 12:00:01,,,,,4899612,0,4899612,4899.612,
2026-09-04 13:00:01,,,,,4899612,0,4899612,4899.612,
2026-09-04 14:00:01,,,,,4899612,0,4899612,4899.612,
2026-09-04 15:00:01,,,,,4899612,0,4899612,4899.612,
2026-09-04 16:00:01,,,,,4899612,0,4899612,4899.612,
2026-09-04 17:00:01,,,,,4899612,0,4899612,4899.612,
2026-09-04 18:00:01,,,,,4899612,0,4899612,4899.612,
2026-09-04 19:00:01,,,,,4899612,0,4899612,4899.612,
2026-09-04 20:00:01,,,,,4899612,0,4899612,4899.612,
2026-09-04 21:00:01,,,,,4899612,0,4899612,4899.612,
2026-09-04 22:00:01,,,,,4899612,0,4899612,4899.612,
2026-09-04 23:00:01,,,,,4899612,0,4899612,4899.612,
2026-09-05 00:00:01,,,,,4899612,0,4899612,4899.612,
2026-09-05 01:00:01,,,,,4899612,0,4899612,4899.612,
2026-09-05 02:00:01,,,,,4899612,0,4899612,4899.612,
2026-09-05 03:00:01,,,,,4899612,0,4899612,4899.612,
2026-09-05 03:36:01,16.57,,,,4899612,0,4899612,4899.612,
2026-09-05 03:37:08,,3.63,,,,,,,-50
2026-09-05 04:00:01,,,,,4899612,0,4899612,4899.612,
2026-09-05 05:00:01,,,,,4899612,0,4899612,4899.612,
2026-09-05 06:00:01,,,,,4899612,0,4899612,4899.612,
2026-09-05 07:00:01,,,,,4899612,0,4899612,4899.612,
2026-09-05 08:00:01,,,,,4899612,0,4899612,4899.612,
2026-09-05 09:00:01,,,,,4899612,0,4899612,4899.612,
2026-09-05 10:00:01,,,,,4899613,1,4899613,4899.613,
2026-09-05 11:00:01,,,,,4899613,0,4899613,4899.613,
2026-09-05 12:00:01,,,,,4899613,0,4899613,4899.613,
2026-09-05 13:00:01,,,,,4899613,0,4899613,4899.613,
2026-09-05 14:00:01,,,,,4899613,0,4899613,4899.613,
2026-09-05 15:00:01,,,,,4899613,0,4899613,4899.613,
2026-09-05 16:00:01,,,,,4899613,0,4899613,4899.613,
2026-09-05 17:00:01,,,,,4899613,0,4899613,4899.613,
2026-09-05 18:00:01,,,,,4899613,0,4899613,4899.613,
2026-09-05 19:00:01,,,,,4899613,0,4899613,4899.613,
2026-09-05 20:00:01,,,,,4899613,0,4899613,4899.613,
2026-09-05 21:00:01,,,,,4899613,0,4899613,4899.613,
2026-09-05 22:00:01,,,,,4899613,0,4899613,4899.613,
2026-09-05 23:00:01,,,,,4899613,0,4899613,4899.613,
2026-09-06 00:00:01,,,,,4899613,0,4899613,4899.613,
2026-09-06 01:00:01,,,,,4899613,0,4899613,4899.613,
2026-09-06 02:00:01,,,,,4899613,0,4899613,4899.613,
2026-09-06 03:00:01,,,,,4899613,0,4899613,4899.613,
2026-09-06 03:36:01,15.76,,,,4899613,0,4899613,4899.613,
2026-09-06 03:36:45,,,"a00064-01001",,,,,,
2026-09-06 03:36:55,,,"a00011-00000",,,,,,
2026-09-06 03:37:07,,,"a00064-00559",,,,,,
2026-09-06 03:37:49,,3.63,,,,,,,-51
2026-09-06 04:00:01,,,,,4899613,0,4899613,4899.613,
2026-09-06 05:00:01,,,,,4899613,0,4899613,4899.613,
2026-09-06 06:00:01,,,,,4899613,0,4899613,4899.613,
2026-09-06 07:00:01,,,,,4899613,0,4899613,4899.613,
2026-09-06 08:00:01,,,,,4899613,0,4899613,4899.613,
2026-09-06 09:00:01,,,,,4899613,0,4899613,4899.613,
2026-09-06 10:00:01,,,,,4899613,0,4899613,4899.613,
2026-09-06 11:00:01,,,,,4899613,0,4899613,4899.613,
2026-09-06 12:00:01,,,,,4899613,0,4899613,4899.613,
2026-09-06 13:00:01,,,,,4899613,0,4899613,4899.613,
2026-09-06 14:00:01,,,,,4899613,0,4899613,4899.613,
2026-09-06 15:00:01,,,,,4899613,0,4899613,4899.613,
2026-09-06 16:00:01,,,,,4899613,0,4899613,4899.613,
2026-09-06 17:00:01,,,,,4899613,0,4899613,4899.613,
2026-09-06 18:00:01,,,,,4899613,0,4899613,4899.613,
2026-09-06 19:00:01,,,,,4899614,1,4899614,4899.614,
2026-09-06 20:00:01,,,,,4899614,0,4899614,4899.614,
2026-09-06 21:00:01,,,,,4899614,0,4899614,4899.614,
2026-09-06 22:00:01,,,,,4899614,0,4899614,4899.614,
2026-09-06 23:00:01,,,,,4899614,0,4899614,4899.614,
2026-09-07 00:00:01,,,,,4899614,0,4899614,4899.614,
2026-09-07 01:00:01,,,,,4899614,0,4899614,4899.614,
2026-09-07 02:00:01,,,,,4899614,0,4899614,4899.614,
2026-09-07 03:00:01,,,,,4899614,0,4899614,4899.614,
2026-09-07 03:36:01,15.38,,,,4899614,0,4899614,4899.614,
2026-09-07 03:37:07,,3.62,,,,,,,-50
2026-09-07 04:00:01,,,,,4899614,0,4899614,4899.614,
2026-09-07 05:00:01,,,,,4899614,0,4899614,4899.614,
2026-09-07 06:00:01,,,,,4899614,0,4899614,4899.614,
2026-09-07 07:00:01,,,,,4899614,0,4899614,4899.614,
2026-09-07 08:00:01,,,,,4899614,0,4899614,4899.614,
2026-09-07 09:00:01,,,,,4899614,0,4899614,4899.614,
2026-09-07 10:00:01,,,,,4899614,0,4899614,4899.614,
2026-09-07 11:00:01,,,,,4899614,0,4899614,4899.614,
2026-09-07 12:00:01,,,,,4899614,0,4899614,4899.614,
2026-09-07 13:00:01,,,,,4899614,0,4899614,4899.614,
2026-09-07 14:00:01,,,,,4899614,0,4899614,4899.614,
2026-09-07 15:00:01,,,,,4899614,0,4899614,4899.614,
2026-09-07 16:00:01,,,,,4899614,0,4899614,4899.614,
2026-09-07 17:00:01,,,,,4899614,0,4899614,4899.614,
2026-09-07 18:00:01,,,,,4899614,0,4899614,4899.614,
2026-09-07 19:00:01,,,,,4899614,0,4899614,4899.614,
2026-09-07 20:00:01,,,,,4899614,0,4899614,4899.614,
2026-09-07 21:00:01,,,,,4899614,0,4899614,4899.614,
2026-09-07 22:00:01,,,,,4899614,0,4899614,4899.614,
2026-09-07 23:00:01,,,,,4899614,0,4899614,4899.614,
2026-09-08 00:00:01,,,,,4899614,0,4899614,4899.614,
2026-09-08 01:00:01,,,,,4899614,0,4899614,4899.614,
2026-09-08 02:00:01,,,,,4899614,0,4899614,4899.614,
2026-09-08 03:00:01,,,,,4899614,0,4899614,4899.614,
2026-09-08 03:36:01,15.26,,,,4899614,0,4899614,4899.614,
2026-09-08 03:37:23,,3.62,,,,,,,-51
2026-09-08 04:00:01,,,,,4899614,0,4899614,4899.614,
2026-09-08 05:00:01,,,,,4899615,1,4899615,4899.615,
2026-09-08 06:00:01,,,,,4899615,0,4899615,4899.615,
2026-09-08 07:00:01,,,,,4899615,0,4899615,4899.615,
2026-09-08 08:00:01,,,,,4899615,0,4899615,4899.615,
2026-09-08 09:00:01,,,,,4899615,0,4899615,4899.615,
2026-09-08 10:00:01,,,,,4899616,1,4899616,4899.616,
2026-09-08 11:00:01,,,,,4899616,0,4899616,4899.616,
2026-09-08 12:00:01,,,,,4899616,0,4899616,4899.616,
2026-09-08 13:00:01,,,,,4899616,0,4899616,4899.616,
2026-09-08 14:00:01,,,,,4899616,0,4899616,4899.616,
2026-09-08 15:00:01,,,,,4899616,0,4899616,4899.616,
2026-09-08 16:00:01,,,,,4899616,0,4899616,4899.616,
2026-09-08 17:00:01,,,,,4899616,0,4899616,4899.616,
2026-09-08 18:00:01,,,,,4899616,0,4899616,4899.616,
2026-09-08 19:00:01,,,,,4899616,0,4899616,4899.616,
2026-09-08 20:00:01,,,,,4899616,0,4899616,4899.616,
2026-09-08 21:00:01,,,,,4899616,0,4899616,4899.616,
2026-09-08 22:00:01,,,,,4899616,0,4899616,4899.616,
2026-09-08 23:00:01,,,,,4899616,0,4899616,4899.616,
2026-09-09 00:00:01,,,,,4899616,0,4899616,4899.616,
2026-09-09 01:00:01,,,,,4899616,0,4899616,4899.616,
2026-09-09 02:00:01,,,,,4899616,0,4899616,4899.616,
2026-09-09 03:00:01,,,,,4899616,0,4899616,4899.616,
2026-09-09 03:36:01,14.55,,,,4899616,0,4899616,4899.616,
2026-09-09 03:37:12,,3.62,,,,,,,-50
2026-09-09 04:00:01,,,,,4899616,0,4899616,4899.616,
2026-09-09 05:00:01,,,,,4899616,0,4899616,4899.616,
2026-09-09 06:00:01,,,,,4899642,26,4899642,4899.642,
2026-09-09 07:00:01,,,,,4899661,19,4899661,4899.661,
2026-09-09 08:00:01,,,,,4899669,8,4899669,4899.669,
2026-09-09 09:00:01,,,,,4899669,0,4899669,4899.669,
2026-09-09 10:00:01,,,,,4899669,0,4899669,4899.669,
2026-09-09 11:00:01,,,,,4899669,0,4899669,4899.669,
2026-09-09 12:00:01,,,,,4899669,0,4899669,4899.669,
2026-09-09 13:00:01,,,,,4899669,0,4899669,4899.669,
2026-09-09 14:00:01,,,,,4899669,0,4899669,4899.669,
2026-09-09 15:00:01,,,,,4899669,0,4899669,4899.669,
2026-09-09 16:00:01,,,,,4899669,0,4899669,4899.669,
2026-09-09 17:00:01,,,,,4899669,0,4899669,4899.669,
2026-09-09 18:00:01,,,,,4899669,0,4899669,4899.669,
2026-09-09 19:00:01,,,,,4899670,1,4899670,4899.67,
2026-09-09 20:00:01,,,,,4899670,0,4899670,4899.67,
2026-09-09 21:00:01,,,,,4899670,0,4899670,4899.67,
2026-09-09 22:00:01,,,,,4899670,0,4899670,4899.67,
2026-09-09 23:00:01,,,,,4899670,0,4899670,4899.67,
2026-09-10 00:00:01,,,,,4899670,0,4899670,4899.67,
2026-09-10 01:00:01,,,,,4899670,0,4899670,4899.67,
2026-09-10 02:00:01,,,,,4899670,0,4899670,4899.67,
2026-09-10 03:00:01,,,,,4899670,0,4899670,4899.67,
2026-09-10 03:36:01,14.82,,,,4899670,0,4899670,4899.67,
2026-09-10 03:37:08,,3.62,,,,,,,-50
2026-09-10 04:00:01,,,,,4899670,0,4899670,4899.67,
2026-09-10 05:00:01,,,,,4899670,0,4899670,4899.67,
2026-09-10 06:00:01,,,,,4899670,0,4899670,4899.67,
2026-09-10 07:00:01,,,,,4899670,0,4899670,4899.67,
2026-09-10 08:00:01,,,,,4899670,0,4899670,4899.67,
2026-09-10 09:00:01,,,,,4899670,0,4899670,4899.67,
2026-09-10 10:00:01,,,,,4899670,0,4899670,4899.67,
2026-09-10 11:00:01,,,,,4899670,0,4899670,4899.67,
2026-09-10 12:00:01,,,,,4899670,0,4899670,4899.67,
2026-09-10 13:00:01,,,,,4899673,3,4899673,4899.673,
2026-09-10 14:00:01,,,,,4899673,0,4899673,4899.673,
2026-09-10 15:00:01,,,,,4899673,0,4899673,4899.673,
2026-09-10 16:00:01,,,,,4899673,0,4899673,4899.673,
2026-09-10 17:00:01,,,,,4899673,0,4899673,4899.673,
2026-09-10 18:00:01,,,,,4899741,68,4899741,4899.741,
2026-09-10 19:00:01,,,,,4899768,27,4899768,4899.768,
2026-09-10 20:00:01,,,,,4899768,0,4899768,4899.768,
2026-09-10 21:00:01,,,,,4899768,0,4899768,4899.768,
2026-09-10 22:00:01,,,,,4899768,0,4899768,4899.768,
2026-09-10 23:00:01,,,,,4899768,0,4899768,4899.768,
2026-09-11 00:00:01,,,,,4899768,0,4899768,4899.768,
2026-09-11 01:00:01,,,,,4899768,0,4899768,4899.768,
2026-09-11 02:00:01,,,,,4899768,0,4899768,4899.768,
2026-09-11 03:00:01,,,,,4899768,0,4899768,4899.768,
2026-09-11 03:36:01,14.1,,,,4899768,0,4899768,4899.768,
2026-09-11 03:37:10,,3.62,,,,,,,-50
2026-09-11 04:00:01,,,,,4899768,0,4899768,4899.768,
2026-09-11 05:00:01,,,,,4899768,0,4899768,4899.768,
2026-09-11 06:00:01,,,,,4899768,0,4899768,4899.768,
2026-09-11 07:00:01,,,,,4899768,0,4899768,4899.768,
2026-09-11 08:00:01,,,,,4899768,0,4899768,4899.768,
2026-09-11 09:00:01,,,,,4899768,0,4899768,4899.768,
2026-09-11 10:00:01,,,,,4899768,0,4899768,4899.768,
2026-09-11 11:00:01,,,,,4899768,0,4899768,4899.768,
2026-09-11 12:00:01,,,,,4899768,0,4899768,4899.768,
2026-09-11 13:00:01,,,,,4899768,0,4899768,4899.768,
2026-09-11 14:00:01,,,,,4899768,0,4899768,4899.768,
2026-09-11 15:00:01,,,,,4899768,0,4899768,4899.768,
2026-09-11 16:00:01,,,,,4899768,0,4899768,4899.768,
2026-09-11 17:00:01,,,,,4899768,0,4899768,4899.768,
2026-09-11 18:00:01,,,,,4899768,0,4899768,4899.768,
2026-09-11 19:00:01,,,,,4899769,1,4899769,4899.769,
2026-09-11 20:00:01,,,,,4899769,0,4899769,4899.769,
2026-09-11 21:00:01,,,,,4899769,0,4899769,4899.769,
2026-09-11 22:00:01,,,,,4899769,0,4899769,4899.769,
2026-09-11 23:00:01,,,,,4899769,0,4899769,4899.769,
2026-09-12 00:00:01,,,,,4899769,0,4899769,4899.769,
2026-09-12 01:00:01,,,,,4899769,0,4899769,4899.769,
2026-09-12 02:00:01,,,,,4899769,0,4899769,4899.769,
2026-09-12 03:00:01,,,,,4899769,0,4899769,4899.769,
2026-09-12 03:36:01,15.22,,,,4899769,0,4899769,4899.769,
2026-09-12 03:37:16,,3.64,,,,,,,-50
2026-09-12 04:00:01,,,,,4899769,0,4899769,4899.769,
2026-09-12 05:00:01,,,,,4899769,0,4899769,4899.769,
2026-09-12 06:00:01,,,,,4899769,0,4899769,4899.769,
2026-09-12 07:00:01,,,,,4899866,97,4899866,4899.866,
2026-09-12 08:00:01,,,,,4899866,0,4899866,4899.866,
2026-09-12 09:00:01,,,,,4899866,0,4899866,4899.866,
2026-09-12 10:00:01,,,,,4899866,0,4899866,4899.866,
2026-09-12 11:00:01,,,,,4899866,0,4899866,4899.866,
2026-09-12 12:00:01,,,,,4899866,0,4899866,4899.866,
2026-09-12 13:00:01,,,,,4899866,0,4899866,4899.866,
2026-09-12 14:00:01,,,,,4899866,0,4899866,4899.866,
2026-09-12 15:00:01,,,,,4899866,0,4899866,4899.866,
2026-09-12 16:00:01,,,,,4899866,0,4899866,4899.866,
2026-09-12 17:00:01,,,,,4899866,0,4899866,4899.866,
2026-09-12 18:00:01,,,,,4899866,0,4899866,4899.866,
2026-09-12 19:00:01,,,,,4899866,0,4899866,4899.866,
2026-09-12 20:00:01,,,,,4899866,0,4899866,4899.866,
2026-09-12 21:00:01,,,,,4899866,0,4899866,4899.866,
2026-09-12 22:00:01,,,,,4899867,1,4899867,4899.867,
2026-09-12 23:00:01,,,,,4900173,306,4900173,4900.173,
2026-09-13 00:00:01,,,,,4901535,1362,4901535,4901.535,
2026-09-13 01:00:01,,,,,4902871,1336,4902871,4902.871,
2026-09-13 02:00:01,,,,,4904044,1173,4904044,4904.044,
2026-09-13 03:00:01,,,,,4905387,1343,4905387,4905.387,
2026-09-13 03:36:01,17.9,,,,4906211,824,4906211,4906.211,
2026-09-13 03:37:13,,3.62,,,,,,,-50
2026-09-13 04:00:01,,,,,4906761,550,4906761,4906.761,
2026-09-13 05:00:01,,,,,4908069,1308,4908069,4908.069,
2026-09-13 06:00:01,,,,,4908382,313,4908382,4908.382,
2026-09-13 07:00:01,,,,,4908382,0,4908382,4908.382,
2026-09-13 08:00:01,,,,,4908382,0,4908382,4908.382,
2026-09-13 09:00:01,,,,,4908382,0,4908382,4908.382,
2026-09-13 10:00:01,,,,,4908382,0,4908382,4908.382,
2026-09-13 11:00:01,,,,,4908382,0,4908382,4908.382,
2026-09-13 12:00:01,,,,,4908382,0,4908382,4908.382,
2026-09-13 13:00:01,,,,,4908382,0,4908382,4908.382,
2026-09-13 14:00:01,,,,,4908382,0,4908382,4908.382,
2026-09-13 15:00:01,,,,,4908382,0,4908382,4908.382,
2026-09-13 16:00:01,,,,,4908382,0,4908382,4908.382,
2026-09-13 17:00:01,,,,,4908382,0,4908382,4908.382,
2026-09-13 18:00:01,,,,,4908382,0,4908382,4908.382,
2026-09-13 19:00:01,,,,,4908382,0,4908382,4908.382,
2026-09-13 20:00:01,,,,,4908382,0,4908382,4908.382,
2026-09-13 21:00:01,,,,,4908382,0,4908382,4908.382,
2026-09-13 22:00:01,,,,,4908382,0,4908382,4908.382,
2026-09-13 23:00:01,,,,,4908383,1,4908383,4908.383,
2026-09-14 00:00:01,,,,,4908383,0,4908383,4908.383,
2026-09-14 01:00:01,,,,,4908383,0,4908383,4908.383,
2026-09-14 02:00:01,,,,,4908383,0,4908383,4908.383,
2026-09-14 03:00:01,,,,,4908383,0,4908383,4908.383,
2026-09-14 03:36:01,19.75,,,,4908383,0,4908383,4908.383,
2026-09-14 03:37:23,,3.62,,,,,,,-50
2026-09-14 04:00:01,,,,,4908383,0,4908383,4908.383,
2026-09-14 05:00:01,,,,,4908383,0,4908383,4908.383,
2026-09-14 06:00:01,,,,,4908383,0,4908383,4908.383,
2026-09-14 07:00:01,,,,,4908419,36,4908419,4908.419,
2026-09-14 08:00:01,,,,,4908473,54,4908473,4908.473,
2026-09-14 09:00:01,,,,,4908492,19,4908492,4908.492,
2026-09-14 10:00:01,,,,,4908492,0,4908492,4908.492,
2026-09-14 11:00:01,,,,,4908492,0,4908492,4908.492,
2026-09-14 12:00:01,,,,,4908492,0,4908492,4908.492,
2026-09-14 13:00:01,,,,,4908492,0,4908492,4908.492,
2026-09-14 14:00:01,,,,,4908492,0,4908492,4908.492,
2026-09-14 15:00:01,,,,,4908581,89,4908581,4908.581,
2026-09-14 16:00:01,,,,,4908960,379,4908960,4908.96,
2026-09-14 17:00:01,,,,,4909137,177,4909137,4909.137,
2026-09-14 18:00:01,,,,,4909137,0,4909137,4909.137,
2026-09-14 19:00:01,,,,,4909137,0,4909137,4909.137,
2026-09-14 20:00:01,,,,,4909137,0,4909137,4909.137,
2026-09-14 21:00:01,,,,,4909137,0,4909137,4909.137,
2026-09-14 22:00:01,,,,,4909137,0,4909137,4909.137,
2026-09-14 23:00:01,,,,,4909137,0,4909137,4909.137,
2026-09-15 00:00:01,,,,,4909137,0,4909137,4909.137,
2026-09-15 01:00:01,,,,,4909137,0,4909137,4909.137,
2026-09-15 02:00:01,,,,,4909137,0,4909137,4909.137,
2026-09-15 03:00:01,,,,,4909137,0,4909137,4909.137,
2026-09-15 03:36:01,19.53,,,,4909137,0,4909137,4909.137,
2026-09-15 03:37:13,,3.63,,,,,,,-50
2026-09-15 04:00:01,,,,,4909137,0,4909137,4909.137,
2026-09-15 05:00:01,,,,,4909137,0,4909137,4909.137,
2026-09-15 06:00:01,,,,,4909137,0,4909137,4909.137,
2026-09-15 07:00:01,,,,,4909150,13,4909150,4909.15,
2026-09-15 08:00:01,,,,,4909150,0,4909150,4909.15,
2026-09-15 09:00:01,,,,,4909150,0,4909150,4909.15,
2026-09-15 10:00:01,,,,,4909150,0,4909150,4909.15,
2026-09-15 11:00:01,,,,,4909150,0,4909150,4909.15,
2026-09-15 12:00:01,,,,,4909150,0,4909150,4909.15,
2026-09-15 13:00:01,,,,,4909150,0,4909150,4909.15,
2026-09-15 14:00:01,,,,,4909150,0,4909150,4909.15,
2026-09-15 15:00:01,,,,,4909150,0,4909150,4909.15,
2026-09-15 16:00:01,,,,,4909328,178,4909328,4909.328,
2026-09-15 17:00:01,,,,,4909490,162,4909490,4909.49,
2026-09-15 18:00:01,,,,,4909539,49,4909539,4909.539,
2026-09-15 19:00:01,,,,,4909539,0,4909539,4909.539,
2026-09-15 20:00:01,,,,,4909539,0,4909539,4909.539,
2026-09-15 21:00:01,,,,,4909539,0,4909539,4909.539,
2026-09-15 22:00:01,,,,,4909539,0,4909539,4909.539,
2026-09-15 23:00:01,,,,,4909849,310,4909849,4909.849,
2026-09-16 00:00:01,,,,,4911213,1364,4911213,4911.213,
2026-09-16 01:00:01,,,,,4912552,1339,4912552,4912.552,
2026-09-16 02:00:01,,,,,4913743,1191,4913743,4913.743,
2026-09-16 03:00:01,,,,,4915096,1353,4915096,4915.096,
2026-09-16 03:36:01,17.39,,,,4915920,824,4915920,4915.92,
2026-09-16 03:37:10,,3.63,,,,,,,-53
2026-09-16 04:00:01,,,,,4916471,551,4916471,4916.471,
2026-09-16 05:00:01,,,,,4917765,1294,4917765,4917.765,
2026-09-16 06:00:01,,,,,4917976,211,4917976,4917.976,
2026-09-16 07:00:01,,,,,4917976,0,4917976,4917.976,
2026-09-16 08:00:01,,,,,4918085,109,4918085,4918.085,
2026-09-16 09:00:01,,,,,4918138,53,4918138,4918.138,
2026-09-16 10:00:01,,,,,4918196,58,4918196,4918.196,
2026-09-16 11:00:01,,,,,4918196,0,4918196,4918.196,
2026-09-16 12:00:01,,,,,4918196,0,4918196,4918.196,
2026-09-16 13:00:01,,,,,4918196,0,4918196,4918.196,
2026-09-16 14:00:01,,,,,4918196,0,4918196,4918.196,
2026-09-16 15:00:01,,,,,4918196,0,4918196,4918.196,
2026-09-16 16:00:01,,,,,4918196,0,4918196,4918.196,
2026-09-16 17:00:01,,,,,4918196,0,4918196,4918.196,
2026-09-16 18:00:01,,,,,4918196,0,4918196,4918.196,
2026-09-16 19:00:01,,,,,4918196,0,4918196,4918.196,
2026-09-16 20:00:01,,,,,4918196,0,4918196,4918.196,
2026-09-16 21:00:01,,,,,4918196,0,4918196,4918.196,
2026-09-16 22:00:01,,,,,4918196,0,4918196,4918.196,
2026-09-16 23:00:01,,,,,4918196,0,4918196,4918.196,
2026-09-17 00:00:01,,,,,4918196,0,4918196,4918.196,
2026-09-17 01:00:01,,,,,4918196,0,4918196,4918.196,
2026-09-17 02:00:01,,,,,4918196,0,4918196,4918.196,
2026-09-17 03:00:01,,,,,4918196,0,4918196,4918.196,
2026-09-17 03:36:01,15.87,,,,4918196,0,4918196,4918.196,
2026-09-17 03:37:07,,3.62,,,,,,,-51
2026-09-17 04:00:01,,,,,4918198,2,4918198,4918.198,
2026-09-17 05:00:01,,,,,4918198,0,4918198,4918.198,
2026-09-17 06:00:01,,,,,4918240,42,4918240,4918.24,
2026-09-17 07:00:01,,,,,4918301,61,4918301,4918.301,
2026-09-17 08:00:01,,,,,4918301,0,4918301,4918.301,
2026-09-17 09:00:01,,,,,4918303,2,4918303,4918.303,
2026-09-17 10:00:01,,,,,4918343,40,4918343,4918.343,
2026-09-17 11:00:01,,,,,4918392,49,4918392,4918.392,
2026-09-17 12:00:01,,,,,4918442,50,4918442,4918.442,
2026-09-17 13:00:01,,,,,4918459,17,4918459,4918.459,
2026-09-17 14:00:01,,,,,4918459,0,4918459,4918.459,
2026-09-17 15:00:01,,,,,4918459,0,4918459,4918.459,
2026-09-17 16:00:01,,,,,4918459,0,4918459,4918.459,
2026-09-17 17:00:01,,,,,4918459,0,4918459,4918.459,
2026-09-17 18:00:01,,,,,4918459,0,4918459,4918.459,
2026-09-17 19:00:01,,,,,4918459,0,4918459,4918.459,
2026-09-17 20:00:01,,,,,4918459,0,4918459,4918.459,
2026-09-17 21:00:01,,,,,4918459,0,4918459,4918.459,
2026-09-17 22:00:01,,,,,4918459,0,4918459,4918.459,
2026-09-17 23:00:01,,,,,4918769,310,4918769,4918.769,
2026-09-18 00:00:01,,,,,4920135,1366,4920135,4920.135,
2026-09-18 01:00:01,,,,,4921487,1352,4921487,4921.487,
2026-09-18 02:00:01,,,,,4922708,1221,4922708,4922.708,
2026-09-18 03:00:01,,,,,4924075,1367,4924075,4924.075,
2026-09-18 03:36:01,16.34,,,,4924906,831,4924906,4924.906,
2026-09-18 03:37:18,,3.63,,,,,,,-51
2026-09-18 04:00:01,,,,,4925460,554,4925460,4925.46,
2026-09-18 05:00:01,,,,,4926763,1303,4926763,4926.763,
2026-09-18 06:00:01,,,,,4927494,731,4927494,4927.494,
2026-09-18 07:00:01,,,,,4927508,14,4927508,4927.508,
2026-09-18 08:00:01,,,,,4927508,0,4927508,4927.508,
2026-09-18 09:00:01,,,,,4927523,15,4927523,4927.523,
2026-09-18 10:00:01,,,,,4927523,0,4927523,4927.523,
2026-09-18 11:00:01,,,,,4927523,0,4927523,4927.523,
2026-09-18 12:00:01,,,,,4927529,6,4927529,4927.529,
2026-09-18 13:00:01,,,,,4927529,0,4927529,4927.529,
2026-09-18 14:00:01,,,,,4927529,0,4927529,4927.529,
2026-09-18 15:00:01,,,,,4927529,0,4927529,4927.529,
2026-09-18 16:00:01,,,,,4927529,0,4927529,4927.529,
2026-09-18 17:00:01,,,,,4927529,0,4927529,4927.529,
2026-09-18 18:00:01,,,,,4927529,0,4927529,4927.529,
2026-09-18 19:00:01,,,,,4927529,0,4927529,4927.529,
2026-09-18 20:00:01,,,,,4927529,0,4927529,4927.529,
2026-09-18 21:00:01,,,,,4927529,0,4927529,4927.529,
2026-09-18 22:00:01,,,,,4927529,0,4927529,4927.529,
2026-09-18 23:00:01,,,,,4927529,0,4927529,4927.529,
2026-09-19 00:00:01,,,,,4927529,0,4927529,4927.529,
2026-09-19 01:00:01,,,,,4927529,0,4927529,4927.529,
2026-09-19 02:00:01,,,,,4927529,0,4927529,4927.529,
2026-09-19 03:00:01,,,,,4927529,0,4927529,4927.529,
2026-09-19 03:36:01,17.26,,,,4927529,0,4927529,4927.529,
2026-09-19 03:37:13,,3.63,,,,,,,-50
2026-09-19 04:00:01,,,,,4927529,0,4927529,4927.529,
2026-09-19 05:00:01,,,,,4927530,1,4927530,4927.53,
2026-09-19 06:00:01,,,,,4927530,0,4927530,4927.53,
2026-09-19 07:00:01,,,,,4927530,0,4927530,4927.53,
2026-09-19 08:00:01,,,,,4927530,0,4927530,4927.53,
2026-09-19 09:00:01,,,,,4927530,0,4927530,4927.53,
2026-09-19 10:00:01,,,,,4927530,0,4927530,4927.53,
2026-09-19 11:00:01,,,,,4927530,0,4927530,4927.53,
2026-09-19 12:00:01,,,,,4927530,0,4927530,4927.53,
2026-09-19 13:00:01,,,,,4927530,0,4927530,4927.53,
2026-09-19 14:00:01,,,,,4927530,0,4927530,4927.53,
2026-09-19 15:00:01,,,,,4927530,0,4927530,4927.53,
2026-09-19 16:00:01,,,,,4927530,0,4927530,4927.53,
2026-09-19 17:00:01,,,,,4927531,1,4927531,4927.531,
2026-09-19 18:00:01,,,,,4927531,0,4927531,4927.531,
2026-09-19 19:00:01,,,,,4927531,0,4927531,4927.531,
2026-09-19 20:00:01,,,,,4927531,0,4927531,4927.531,
2026-09-19 21:00:01,,,,,4927531,0,4927531,4927.531,
2026-09-19 22:00:01,,,,,4927531,0,4927531,4927.531,
2026-09-19 23:00:01,,,,,4927531,0,4927531,4927.531,
2026-09-20 00:00:01,,,,,4927531,0,4927531,4927.531,
2026-09-20 01:00:01,,,,,4927531,0,4927531,4927.531,
2026-09-20 02:00:01,,,,,4927531,0,4927531,4927.531,
2026-09-20 03:00:01,,,,,4928265,734,4928265,4928.265,
2026-09-20 03:36:01,17.4,,,,4928878,613,4928878,4928.878,
2026-09-20 03:37:18,,3.62,,,,,,,-51
2026-09-20 04:00:01,,,,,4928948,70,4928948,4928.948,
2026-09-20 05:00:01,,,,,4929366,418,4929366,4929.366,
2026-09-20 06:00:01,,,,,4929384,18,4929384,4929.384,
2026-09-20 07:00:01,,,,,4929384,0,4929384,4929.384,
2026-09-20 08:00:01,,,,,4929384,0,4929384,4929.384,
2026-09-20 09:00:01,,,,,4929384,0,4929384,4929.384,
2026-09-20 10:00:01,,,,,4929384,0,4929384,4929.384,
2026-09-20 11:00:01,,,,,4929384,0,4929384,4929.384,
2026-09-20 12:00:01,,,,,4929384,0,4929384,4929.384,
2026-09-20 13:00:01,,,,,4929384,0,4929384,4929.384,
2026-09-20 14:00:01,,,,,4929384,0,4929384,4929.384,
2026-09-20 15:00:01,,,,,4929384,0,4929384,4929.384,
2026-09-20 16:00:01,,,,,4929386,2,4929386,4929.386,
2026-09-20 17:00:01,,,,,4929386,0,4929386,4929.386,
2026-09-20 18:00:01,,,,,4929386,0,4929386,4929.386,
2026-09-20 19:00:01,,,,,4929386,0,4929386,4929.386,
2026-09-20 20:00:01,,,,,4929386,0,4929386,4929.386,
2026-09-20 21:00:01,,,,,4929386,0,4929386,4929.386,
2026-09-20 22:00:01,,,,,4930046,660,4930046,4930.046,
2026-09-20 23:00:01,,,,,4931371,1325,4931371,4931.371,
2026-09-21 00:00:01,,,,,4932735,1364,4932735,4932.735,
2026-09-21 01:00:01,,,,,4934008,1273,4934008,4934.008,
2026-09-21 02:00:01,,,,,4935350,1342,4935350,4935.35,
2026-09-21 03:00:01,,,,,4936705,1355,4936705,4936.705,
2026-09-21 03:36:01,21.66,,,,4937519,814,4937519,4937.519,
2026-09-21 03:37:08,,3.63,,,,,,,-51
2026-09-21 04:00:01,,,,,4938058,539,4938058,4938.058,
2026-09-21 05:00:01,,,,,4939244,1186,4939244,4939.244,
2026-09-21 06:00:01,,,,,4940184,940,4940184,4940.184,
2026-09-21 07:00:01,,,,,4940282,98,4940282,4940.282,
2026-09-21 08:00:01,,,,,4940282,0,4940282,4940.282,
2026-09-21 09:00:01,,,,,4940282,0,4940282,4940.282,
2026-09-21 10:00:01,,,,,4940282,0,4940282,4940.282,
2026-09-21 11:00:01,,,,,4940282,0,4940282,4940.282,
2026-09-21 12:00:01,,,,,4940282,0,4940282,4940.282,
2026-09-21 13:00:01,,,,,4940283,1,4940283,4940.283,
2026-09-21 14:00:01,,,,,4940324,41,4940324,4940.324,
2026-09-21 15:00:01,,,,,4940341,17,4940341,4940.341,
2026-09-21 16:00:01,,,,,4940341,0,4940341,4940.341,
2026-09-21 17:00:01,,,,,4940341,0,4940341,4940.341,
2026-09-21 18:00:01,,,,,4940341,0,4940341,4940.341,
2026-09-21 19:00:01,,,,,4940341,0,4940341,4940.341,
2026-09-21 20:00:01,,,,,4940341,0,4940341,4940.341,
2026-09-21 21:00:01,,,,,4940341,0,4940341,4940.341,
2026-09-21 22:00:01,,,,,4940996,655,4940996,4940.996,
2026-09-21 23:00:01,,,,,4942319,1323,4942319,4942.319,
2026-09-22 00:00:01,,,,,4943689,1370,4943689,4943.689,
2026-09-22 01:00:01,,,,,4944966,1277,4944966,4944.966,
2026-09-22 02:00:01,,,,,4946315,1349,4946315,4946.315,
2026-09-22 03:00:01,,,,,4947683,1368,4947683,4947.683,
2026-09-22 03:36:01,21.29,,,,4948504,821,4948504,4948.504,
2026-09-22 03:37:10,,3.63,,,,,,,-51
2026-09-22 04:00:01,,,,,4949046,542,4949046,4949.046,
2026-09-22 05:00:01,,,,,4950331,1285,4950331,4950.331,
2026-09-22 06:00:01,,,,,4950816,485,4950816,4950.816,
2026-09-22 07:00:01,,,,,4950816,0,4950816,4950.816,
2026-09-22 08:00:01,,,,,4950880,64,4950880,4950.88,
2026-09-22 09:00:01,,,,,4950932,52,4950932,4950.932,
2026-09-22 10:00:01,,,,,4950932,0,4950932,4950.932,
2026-09-22 11:00:01,,,,,4951014,82,4951014,4951.014,
2026-09-22 12:00:01,,,,,4951018,4,4951018,4951.018,
2026-09-22 13:00:01,,,,,4951023,5,4951023,4951.023,
2026-09-22 14:00:01,,,,,4951036,13,4951036,4951.036,
2026-09-22 15:00:01,,,,,4951036,0,4951036,4951.036,
2026-09-22 16:00:01,,,,,4951036,0,4951036,4951.036,
2026-09-22 17:00:01,,,,,4951036,0,4951036,4951.036,
2026-09-22 18:00:01,,,,,4951036,0,4951036,4951.036,
2026-09-22 19:00:01,,,,,4951036,0,4951036,4951.036,
2026-09-22 20:00:01,,,,,4951036,0,4951036,4951.036,
2026-09-22 21:00:01,,,,,4951346,310,4951346,4951.346,
2026-09-22 22:00:01,,,,,4952720,1374,4952720,4952.72,
2026-09-22 23:00:01,,,,,4954101,1381,4954101,4954.101,
2026-09-23 00:00:01,,,,,4955396,1295,4955396,4955.396,
2026-09-23 01:00:01,,,,,4956547,1151,4956547,4956.547,
2026-09-23 02:00:01,,,,,4957929,1382,4957929,4957.929,
2026-09-23 03:00:01,,,,,4959311,1382,4959311,4959.311,
2026-09-23 03:36:01,20.07,,,,4960110,799,4960110,4960.11,
2026-09-23 03:37:13,,3.64,,,,,,,-50
2026-09-23 04:00:01,,,,,4960664,554,4960664,4960.664,
2026-09-23 05:00:01,,,,,4961969,1305,4961969,4961.969,
2026-09-23 06:00:01,,,,,4963196,1227,4963196,4963.196,
2026-09-23 07:00:01,,,,,4963521,325,4963521,4963.521,
2026-09-23 08:00:01,,,,,4963531,10,4963531,4963.531,
2026-09-23 09:00:01,,,,,4963531,0,4963531,4963.531,
2026-09-23 10:00:01,,,,,4963531,0,4963531,4963.531,
2026-09-23 11:00:01,,,,,4963531,0,4963531,4963.531,
2026-09-23 12:00:01,,,,,4963531,0,4963531,4963.531,
2026-09-23 13:00:01,,,,,4963531,0,4963531,4963.531,
2026-09-23 14:00:01,,,,,4963531,0,4963531,4963.531,
2026-09-23 15:00:01,,,,,4963531,0,4963531,4963.531,
2026-09-23 16:00:01,,,,,4963531,0,4963531,4963.531,
2026-09-23 17:00:01,,,,,4963531,0,4963531,4963.531,
2026-09-23 18:00:01,,,,,4963532,1,4963532,4963.532,
2026-09-23 19:00:01,,,,,4963532,0,4963532,4963.532,
2026-09-23 20:00:01,,,,,4963532,0,4963532,4963.532,
2026-09-23 21:00:01,,,,,4963842,310,4963842,4963.842,
2026-09-23 22:00:01,,,,,4965213,1371,4965213,4965.213,
2026-09-23 23:00:01,,,,,4966574,1361,4966574,4966.574,
2026-09-24 00:00:01,,,,,4967890,1316,4967890,4967.89,
2026-09-24 01:00:01,,,,,4969267,1377,4969267,4969.267,
2026-09-24 02:00:01,,,,,4970614,1347,4970614,4970.614,
2026-09-24 03:00:01,,,,,4971343,729,4971343,4971.343,
2026-09-24 03:36:01,22.22,,,,4971710,367,4971710,4971.71,
2026-09-24 03:37:24,,3.64,,,,,,,-51
2026-09-24 04:00:01,,,,,4971732,22,4971732,4971.732,
2026-09-24 05:00:01,,,,,4971732,0,4971732,4971.732,
2026-09-24 06:00:01,,,,,4971800,68,4971800,4971.8,
2026-09-24 07:00:01,,,,,4972278,478,4972278,4972.278,
2026-09-24 08:00:01,,,,,4972617,339,4972617,4972.617,
2026-09-24 09:00:01,,,,,4972665,48,4972665,4972.665,
2026-09-24 10:00:01,,,,,4972672,7,4972672,4972.672,
2026-09-24 11:00:01,,,,,4972711,39,4972711,4972.711,
2026-09-24 12:00:01,,,,,4972719,8,4972719,4972.719,
2026-09-24 13:00:01,,,,,4972719,0,4972719,4972.719,
2026-09-24 14:00:01,,,,,4972719,0,4972719,4972.719,
2026-09-24 15:00:01,,,,,4972719,0,4972719,4972.719,
2026-09-24 16:00:01,,,,,4972719,0,4972719,4972.719,
2026-09-24 17:00:01,,,,,4972719,0,4972719,4972.719,
2026-09-24 18:00:01,,,,,4972720,1,4972720,4972.72,
2026-09-24 19:00:01,,,,,4972720,0,4972720,4972.72,
2026-09-24 20:00:01,,,,,4972720,0,4972720,4972.72,
2026-09-24 21:00:01,,,,,4973032,312,4973032,4973.032,
2026-09-24 22:00:01,,,,,4974405,1373,4974405,4974.405,
2026-09-24 23:00:01,,,,,4975782,1377,4975782,4975.782,
2026-09-25 00:00:01,,,,,4977033,1251,4977033,4977.033,
2026-09-25 01:00:01,,,,,4978380,1347,4978380,4978.38,
2026-09-25 02:00:01,,,,,4979756,1376,4979756,4979.756,
2026-09-25 03:00:01,,,,,4981102,1346,4981102,4981.102,
2026-09-25 03:36:01,23.68,,,,4981920,818,4981920,4981.92,
2026-09-25 03:37:30,,,"a00077-00008",,,,,,
2026-09-25 03:38:28,,3.64,,,,,,,-51
2026-09-25 04:00:01,,,,,4982072,152,4982072,4982.072,
2026-09-25 05:00:01,,,,,4982072,0,4982072,4982.072,
2026-09-25 06:00:01,,,,,4982072,0,4982072,4982.072,
2026-09-25 07:00:01,,,,,4982072,0,4982072,4982.072,
2026-09-25 08:00:01,,,,,4982072,0,4982072,4982.072,
2026-09-25 09:00:01,,,,,4982139,67,4982139,4982.139,
2026-09-25 10:00:01,,,,,4982139,0,4982139,4982.139,
2026-09-25 11:00:01,,,,,4982139,0,4982139,4982.139,
2026-09-25 12:00:01,,,,,4982140,1,4982140,4982.14,
2026-09-25 13:00:01,,,,,4982140,0,4982140,4982.14,
2026-09-25 14:00:01,,,,,4982141,1,4982141,4982.141,
2026-09-25 15:00:01,,,,,4982141,0,4982141,4982.141,
2026-09-25 16:00:01,,,,,4982141,0,4982141,4982.141,
2026-09-25 17:00:01,,,,,4982141,0,4982141,4982.141,
2026-09-25 18:00:01,,,,,4982141,0,4982141,4982.141,
2026-09-25 19:00:01,,,,,4982142,1,4982142,4982.142,
2026-09-25 20:00:01,,,,,4982142,0,4982142,4982.142,
2026-09-25 21:00:01,,,,,4982449,307,4982449,4982.449,
2026-09-25 22:00:01,,,,,4983815,1366,4983815,4983.815,
2026-09-25 23:00:01,,,,,4985182,1367,4985182,4985.182,
2026-09-26 00:00:01,,,,,4986438,1256,4986438,4986.438,
2026-09-26 01:00:01,,,,,4987806,1368,4987806,4987.806,
2026-09-26 02:00:01,,,,,4989178,1372,4989178,4989.178,
2026-09-26 03:00:01,,,,,4990499,1321,4990499,4990.499,
2026-09-26 03:36:01,25.42,,,,4991324,825,4991324,4991.324,
2026-09-26 03:37:07,,3.63,,,,,,,-50
2026-09-26 04:00:01,,,,,4991863,539,4991863,4991.863,
2026-09-26 05:00:01,,,,,4992829,966,4992829,4992.829,
2026-09-26 06:00:01,,,,,4992977,148,4992977,4992.977,
2026-09-26 07:00:01,,,,,4992977,0,4992977,4992.977,
2026-09-26 08:00:01,,,,,4992979,2,4992979,4992.979,
2026-09-26 09:00:01,,,,,4992979,0,4992979,4992.979,
2026-09-26 10:00:01,,,,,4992979,0,4992979,4992.979,
2026-09-26 11:00:01,,,,,4992979,0,4992979,4992.979,
2026-09-26 12:00:01,,,,,4992979,0,4992979,4992.979,
2026-09-26 13:00:01,,,,,4992979,0,4992979,4992.979,
2026-09-26 14:00:01,,,,,4992979,0,4992979,4992.979,
2026-09-26 15:00:01,,,,,4992979,0,4992979,4992.979,
2026-09-26 16:00:01,,,,,4992979,0,4992979,4992.979,
2026-09-26 17:00:01,,,,,4992979,0,4992979,4992.979,
2026-09-26 18:00:01,,,,,4992979,0,4992979,4992.979,
2026-09-26 19:00:01,,,,,4992979,0,4992979,4992.979,
2026-09-26 20:00:01,,,,,4992979,0,4992979,4992.979,
2026-09-26 21:00:01,,,,,4993287,308,4993287,4993.287,
2026-09-26 22:00:01,,,,,4994649,1362,4994649,4994.649,
2026-09-26 23:00:01,,,,,4995996,1347,4995996,4995.996,
2026-09-27 00:00:01,,,,,4997177,1181,4997177,4997.177,
2026-09-27 01:00:01,,,,,4998510,1333,4998510,4998.51,
2026-09-27 02:00:01,,,,,4999862,1352,4999862,4999.862,
2026-09-27 03:00:01,,,,,5001085,1223,5001085,5001.085,
2026-09-27 03:36:01,25.98,,,,5001901,816,5001901,5001.901,
2026-09-27 03:37:18,,3.64,,,,,,,-51
2026-09-27 04:00:01,,,,,5002415,514,5002415,5002.415,
2026-09-27 05:00:01,,,,,5003216,801,5003216,5003.216,
2026-09-27 06:00:01,,,,,5003216,0,5003216,5003.216,
2026-09-27 07:00:01,,,,,5003216,0,5003216,5003.216,
2026-09-27 08:00:01,,,,,5003219,3,5003219,5003.219,
2026-09-27 09:00:01,,,,,5003219,0,5003219,5003.219,
2026-09-27 10:00:01,,,,,5003219,0,5003219,5003.219,
2026-09-27 11:00:01,,,,,5003219,0,5003219,5003.219,
2026-09-27 12:00:01,,,,,5003219,0,5003219,5003.219,
2026-09-27 13:00:01,,,,,5003219,0,5003219,5003.219,
2026-09-27 14:00:01,,,,,5003219,0,5003219,5003.219,
2026-09-27 15:00:01,,,,,5003219,0,5003219,5003.219,
2026-09-27 16:00:01,,,,,5003219,0,5003219,5003.219,
2026-09-27 17:00:01,,,,,5003219,0,5003219,5003.219,
2026-09-27 18:00:01,,,,,5003219,0,5003219,5003.219,
2026-09-27 19:00:01,,,,,5003219,0,5003219,5003.219,
2026-09-27 20:00:01,,,,,5003219,0,5003219,5003.219,
2026-09-27 21:00:01,,,,,5003528,309,5003528,5003.528,
2026-09-27 22:00:01,,,,,5004894,1366,5004894,5004.894,
2026-09-27 23:00:01,,,,,5006243,1349,5006243,5006.243,
2026-09-28 00:00:01,,,,,5007425,1182,5007425,5007.425,
2026-09-28 01:00:01,,,,,5008761,1336,5008761,5008.761,
2026-09-28 02:00:01,,,,,5010114,1353,5010114,5010.114,
2026-09-28 03:00:01,,,,,5011331,1217,5011331,5011.331,
2026-09-28 03:36:01,22.54,,,,5012153,822,5012153,5012.153,
2026-09-28 03:37:18,,3.64,,,,,,,-50
2026-09-28 04:00:01,,,,,5012667,514,5012667,5012.667,
2026-09-28 05:00:01,,,,,5013471,804,5013471,5013.471,
2026-09-28 06:00:01,,,,,5013471,0,5013471,5013.471,
2026-09-28 07:00:01,,,,,5013471,0,5013471,5013.471,
2026-09-28 08:00:01,,,,,5013471,0,5013471,5013.471,
2026-09-28 09:00:01,,,,,5013471,0,5013471,5013.471,
2026-09-28 10:00:01,,,,,5013474,3,5013474,5013.474,
2026-09-28 11:00:01,,,,,5013479,5,5013479,5013.479,
2026-09-28 12:00:01,,,,,5013534,55,5013534,5013.534,
2026-09-28 13:00:01,,,,,5013577,43,5013577,5013.577,
2026-09-28 14:00:01,,,,,5013646,69,5013646,5013.646,
2026-09-28 15:00:01,,,,,5013647,1,5013647,5013.647,
2026-09-28 16:00:01,,,,,5013653,6,5013653,5013.653,
2026-09-28 17:00:01,,,,,5013653,0,5013653,5013.653,
2026-09-28 18:00:01,,,,,5013653,0,5013653,5013.653,
2026-09-28 19:00:01,,,,,5013653,0,5013653,5013.653,
2026-09-28 20:00:01,,,,,5013653,0,5013653,5013.653,
2026-09-28 21:00:01,,,,,5013653,0,5013653,5013.653,
2026-09-28 22:00:01,,,,,5013653,0,5013653,5013.653,
2026-09-28 23:00:01,,,,,5013653,0,5013653,5013.653,
